               t         prod_1         prod_2         prod_3         prod_4
0       0.000000      54.856323      54.856323      54.856323      54.856323
1       0.080104     109.712646     109.712646     109.712646     109.712646
2       0.160208     164.568970     164.568970     164.568970     164.568970
3       0.240312     219.423340     219.423340     219.423340     219.423340
4       0.320417     274.277710     274.277710     274.277710     274.277710
5       0.400521     329.138275     329.138275     329.138275     329.138275
6       0.480625     383.992615     383.992615     383.992615     383.992615
7       0.560729     438.846985     438.846985     438.846985     438.846985
8       0.640833     493.704742     493.704742     493.704742     493.704742
9       0.720937     548.561035     548.561035     548.561035     548.561035
10      0.801041     603.415405     603.415405     603.415405     603.415405
11      0.881145     658.271729     658.271729     658.271729     658.271729
12      0.961250     713.128052     713.128052     713.128052     713.128052
13      1.041354     767.984375     767.984375     767.984375     767.984375
14      1.121458     822.842102     822.842102     822.842102     822.842102
15      1.201562     877.698486     877.698486     877.698486     877.698486
16      1.281666     932.554810     932.554810     932.554810     932.554810
17      1.361770     987.415344     987.415344     987.415344     987.415344
18      1.441874    1042.271606    1042.271606    1042.271606    1042.271606
19      1.521979    1097.129395    1097.129395    1097.129395    1097.129395
20      1.602083    1151.983765    1151.983765    1151.983765    1151.983765
21      1.682187    1206.838135    1206.838135    1206.838135    1206.838135
22      1.762291    1261.697266    1261.697266    1261.697266    1261.697266
23      1.842395    1316.553711    1316.553711    1316.553711    1316.553711
24      1.922499    1371.407837    1371.407837    1371.407837    1371.407837
25      2.002603    1426.267090    1426.267090    1426.267090    1426.267090
26      2.082707    1481.124756    1481.124756    1481.124756    1481.124756
27      2.162812    1535.982544    1535.982544    1535.982544    1535.982544
28      2.242916    1590.836914    1590.836914    1590.836914    1590.836914
29      2.323020    1645.691284    1645.691284    1645.691284    1645.691284
30      2.403124    1700.549072    1700.549072    1700.549072    1700.549072
31      2.483228    1755.405396    1755.405396    1755.405396    1755.405396
32      2.563332    1810.259766    1810.259766    1810.259766    1810.259766
33      2.643436    1865.116089    1865.116089    1865.116089    1865.116089
34      2.723541    1919.975220    1919.975220    1919.975220    1919.975220
35      2.803645    1974.835815    1974.835815    1974.835815    1974.835815
36      2.883749    2029.692017    2029.692017    2029.692017    2029.692017
37      2.963853    2084.548340    2084.548340    2084.548340    2084.548340
38      3.043957    2139.402832    2139.402832    2139.402832    2139.402832
39      3.124061    2194.257324    2194.257324    2194.257324    2194.257324
40      3.204165    2249.111572    2249.111572    2249.111572    2249.111572
41      3.284270    2303.969238    2303.969238    2303.969238    2303.969238
42      3.364374    2358.823730    2358.823730    2358.823730    2358.823730
43      3.444478    2413.680176    2413.680176    2413.680176    2413.680176
44      3.524582    2468.540527    2468.540527    2468.540527    2468.540527
45      3.604686    2523.396973    2523.396973    2523.396973    2523.396973
46      3.684790    2578.253174    2578.253174    2578.253174    2578.253174
47      3.764894    2633.109619    2633.109619    2633.109619    2633.109619
48      3.844998    2687.969971    2687.969971    2687.969971    2687.969971
49      3.925103    2742.826416    2742.826416    2742.826416    2742.826416
50      4.005207    2797.682861    2797.682861    2797.682861    2797.682861
51      4.085311    2852.537109    2852.537109    2852.537109    2852.537109
52      4.165415    2907.393311    2907.393311    2907.393311    2907.393311
53      4.245519    2962.248047    2962.248047    2962.248047    2962.248047
54      4.325624    3017.104004    3017.104004    3017.104004    3017.104004
55      4.405727    3071.963135    3071.963135    3071.963135    3071.963135
56      4.485832    3126.815674    3126.815674    3126.815674    3126.815674
57      4.565936    3181.673584    3181.673584    3181.673584    3181.673584
58      4.646040    3236.527832    3236.527832    3236.527832    3236.527832
59      4.726144    3291.382324    3291.382324    3291.382324    3291.382324
60      4.806248    3346.236572    3346.236572    3346.236572    3346.236572
61      4.886352    3401.098633    3401.098633    3401.098633    3401.098633
62      4.966456    3455.954834    3455.954834    3455.954834    3455.954834
63      5.046560    3510.809082    3510.809082    3510.809082    3510.809082
64      5.126665    3565.663574    3565.663574    3565.663574    3565.663574
65      5.206769    3620.519775    3620.519775    3620.519775    3620.519775
66      5.286873    3675.380615    3675.380615    3675.380615    3675.380615
67      5.366977    3730.236572    3730.236572    3730.236572    3730.236572
68      5.447081    3785.091064    3785.091064    3785.091064    3785.091064
69      5.527185    3839.947510    3839.947510    3839.947510    3839.947510
70      5.607289    3894.803711    3894.803711    3894.803711    3894.803711
71      5.687394    3949.658203    3949.658203    3949.658203    3949.658203
72      5.767498    4004.514648    4004.514648    4004.514648    4004.514648
73      5.847602    4059.371094    4059.371094    4059.371094    4059.371094
74      5.927706    4114.229980    4114.229980    4114.229980    4114.229980
75      6.007810    4169.084473    4169.084473    4169.084473    4169.084473
76      6.087914    4223.940918    4223.940918    4223.940918    4223.940918
77      6.168018    4278.798340    4278.798340    4278.798340    4278.798340
78      6.248123    4333.654785    4333.654785    4333.654785    4333.654785
79      6.328227    4388.509277    4388.509277    4388.509277    4388.509277
80      6.408331    4443.365723    4443.365723    4443.365723    4443.365723
81      6.488435    4498.224609    4498.224609    4498.224609    4498.224609
82      6.568539    4553.079102    4553.079102    4553.079102    4553.079102
83      6.648643    4607.935547    4607.935547    4607.935547    4607.935547
84      6.728747    4662.789551    4662.789551    4662.789551    4662.789551
85      6.808851    4717.644043    4717.644043    4717.644043    4717.644043
86      6.888956    4772.500488    4772.500488    4772.500488    4772.500488
87      6.969060    4827.360840    4827.360840    4827.360840    4827.360840
88      7.049164    4882.216797    4882.216797    4882.216797    4882.216797
89      7.129268    4937.067871    4937.067871    4937.067871    4937.067871
90      7.209372    4991.921875    4991.921875    4991.921875    4991.921875
91      7.289476    5046.778320    5046.778320    5046.778320    5046.778320
92      7.369580    5101.636230    5101.636230    5101.636230    5101.636230
93      7.449685    5156.492676    5156.492676    5156.492676    5156.492676
94      7.529788    5211.351562    5211.351562    5211.351562    5211.351562
95      7.609893    5266.209473    5266.209473    5266.209473    5266.209473
96      7.689997    5321.068848    5321.068848    5321.068848    5321.068848
97      7.770101    5375.922852    5375.922852    5375.922852    5375.922852
98      7.850205    5430.777344    5430.777344    5430.777344    5430.777344
99      7.930309    5485.633789    5485.633789    5485.633789    5485.633789
100     8.010413    5540.491211    5540.491211    5540.491211    5540.491211
101     8.090518    5595.349121    5595.349121    5595.349121    5595.349121
102     8.170622    5650.203613    5650.203613    5650.203613    5650.203613
103     8.250726    5705.062988    5705.062988    5705.062988    5705.062988
104     8.330830    5759.919434    5759.919434    5759.919434    5759.919434
105     8.410934    5814.777832    5814.777832    5814.777832    5814.777832
106     8.491038    5869.632812    5869.632812    5869.632812    5869.632812
107     8.571142    5924.491699    5924.491699    5924.491699    5924.491699
108     8.651247    5979.348145    5979.348145    5979.348145    5979.348145
109     8.731351    6034.202637    6034.202637    6034.202637    6034.202637
110     8.811455    6089.056641    6089.056641    6089.056641    6089.056641
111     8.891559    6143.914551    6143.914551    6143.914551    6143.914551
112     8.971663    6198.769043    6198.769043    6198.769043    6198.769043
113     9.051767    6253.629395    6253.629395    6253.629395    6253.629395
114     9.131871    6308.490234    6308.490234    6308.490234    6308.490234
115     9.211975    6363.344727    6363.344727    6363.344727    6363.344727
116     9.292080    6418.196777    6418.196777    6418.196777    6418.196777
117     9.372184    6473.056152    6473.056152    6473.056152    6473.056152
118     9.452288    6527.910156    6527.910156    6527.910156    6527.910156
119     9.532393    6582.767090    6582.767090    6582.767090    6582.767090
120     9.612496    6637.621094    6637.621094    6637.621094    6637.621094
121     9.692600    6692.475586    6692.475586    6692.475586    6692.475586
122     9.772704    6747.332031    6747.332031    6747.332031    6747.332031
123     9.852809    6802.191406    6802.191406    6802.191406    6802.191406
124     9.932913    6857.048828    6857.048828    6857.048828    6857.048828
125    10.013017    6911.906738    6911.906738    6911.906738    6911.906738
126    10.093121    6966.762695    6966.762695    6966.762695    6966.762695
127    10.173225    7021.620605    7021.620605    7021.620605    7021.620605
128    10.253329    7076.475098    7076.475098    7076.475098    7076.475098
129    10.333433    7131.331543    7131.331543    7131.331543    7131.331543
130    10.413538    7186.186035    7186.186035    7186.186035    7186.186035
131    10.493642    7241.040039    7241.040039    7241.040039    7241.040039
132    10.573746    7295.892578    7295.892578    7295.892578    7295.892578
133    10.653850    7350.751953    7350.751953    7350.751953    7350.751953
134    10.733954    7405.609863    7405.609863    7405.609863    7405.609863
135    10.814058    7460.463867    7460.463867    7460.463867    7460.463867
136    10.894162    7515.318848    7515.318848    7515.318848    7515.318848
137    10.974266    7570.172852    7570.172852    7570.172852    7570.172852
138    11.054371    7625.028809    7625.028809    7625.028809    7625.028809
139    11.134475    7679.883789    7679.883789    7679.883789    7679.883789
140    11.214579    7734.738281    7734.738281    7734.738281    7734.738281
141    11.294683    7789.592285    7789.592285    7789.592285    7789.592285
142    11.374787    7844.449219    7844.449219    7844.449219    7844.449219
143    11.454891    7899.303223    7899.303223    7899.303223    7899.303223
144    11.534995    7954.159180    7954.159180    7954.159180    7954.159180
145    11.615100    8009.016113    8009.016113    8009.016113    8009.016113
146    11.695204    8063.875488    8063.875488    8063.875488    8063.875488
147    11.775308    8118.732422    8118.732422    8118.732422    8118.732422
148    11.855412    8173.591797    8173.591797    8173.591797    8173.591797
149    11.935516    8228.453125    8228.453125    8228.453125    8228.453125
150    12.015620    8283.310547    8283.310547    8283.310547    8283.310547
151    12.095724    8338.166016    8338.166016    8338.166016    8338.166016
152    12.175829    8393.020508    8393.020508    8393.020508    8393.020508
153    12.255933    8447.875000    8447.875000    8447.875000    8447.875000
154    12.336037    8502.732422    8502.732422    8502.732422    8502.732422
155    12.416141    8557.591797    8557.591797    8557.591797    8557.591797
156    12.496245    8612.448242    8612.448242    8612.448242    8612.448242
157    12.576349    8667.305664    8667.305664    8667.305664    8667.305664
158    12.656453    8722.163086    8722.163086    8722.163086    8722.163086
159    12.736557    8777.016602    8777.016602    8777.016602    8777.016602
160    12.816662    8831.873047    8831.873047    8831.873047    8831.873047
161    12.896766    8886.731445    8886.731445    8886.731445    8886.731445
162    12.976870    8941.586914    8941.586914    8941.586914    8941.586914
163    13.056974    8996.445312    8996.445312    8996.445312    8996.445312
164    13.137078    9051.300781    9051.300781    9051.300781    9051.300781
165    13.217182    9106.156250    9106.156250    9106.156250    9106.156250
166    13.297286    9161.011719    9161.011719    9161.011719    9161.011719
167    13.377391    9215.866211    9215.866211    9215.866211    9215.866211
168    13.457495    9270.726562    9270.726562    9270.726562    9270.726562
169    13.537599    9325.588867    9325.588867    9325.588867    9325.588867
170    13.617702    9380.446289    9380.446289    9380.446289    9380.446289
171    13.697807    9435.302734    9435.302734    9435.302734    9435.302734
172    13.777911    9490.157227    9490.157227    9490.157227    9490.157227
173    13.858015    9545.013672    9545.013672    9545.013672    9545.013672
174    13.938120    9599.870117    9599.870117    9599.870117    9599.870117
175    14.018224    9654.724609    9654.724609    9654.724609    9654.724609
176    14.098328    9709.577148    9709.577148    9709.577148    9709.577148
177    14.178432    9764.431641    9764.431641    9764.431641    9764.431641
178    14.258536    9819.295898    9819.295898    9819.295898    9819.295898
179    14.338640    9874.148438    9874.148438    9874.148438    9874.148438
180    14.418744    9928.999023    9928.999023    9928.999023    9928.999023
181    14.498848    9983.853516    9983.853516    9983.853516    9983.853516
182    14.578953   10038.709961   10038.709961   10038.709961   10038.709961
183    14.659057   10093.567383   10093.567383   10093.567383   10093.567383
184    14.739161   10148.425781   10148.425781   10148.425781   10148.425781
185    14.819265   10203.277344   10203.277344   10203.277344   10203.277344
186    14.899369   10258.139648   10258.139648   10258.139648   10258.139648
187    14.979473   10312.994141   10312.994141   10312.994141   10312.994141
188    15.059577   10367.856445   10367.856445   10367.856445   10367.856445
189    15.139682   10422.718750   10422.718750   10422.718750   10422.718750
190    15.219786   10477.576172   10477.576172   10477.576172   10477.576172
191    15.299890   10532.431641   10532.431641   10532.431641   10532.431641
192    15.379993   10587.286133   10587.286133   10587.286133   10587.286133
193    15.460098   10642.140625   10642.140625   10642.140625   10642.140625
194    15.540202   10696.997070   10696.997070   10696.997070   10696.997070
195    15.620306   10751.856445   10751.856445   10751.856445   10751.856445
196    15.700411   10806.713867   10806.713867   10806.713867   10806.713867
197    15.780515   10861.568359   10861.568359   10861.568359   10861.568359
198    15.860619   10916.427734   10916.427734   10916.427734   10916.427734
199    15.940722   10971.288086   10971.288086   10971.288086   10971.288086
200    16.020826   11026.142578   11026.142578   11026.142578   11026.142578
201    16.100931   11080.996094   11080.996094   11080.996094   11080.996094
202    16.181036   11135.853516   11135.853516   11135.853516   11135.853516
203    16.261139   11190.707031   11190.707031   11190.707031   11190.707031
204    16.341244   11245.561523   11245.561523   11245.561523   11245.561523
205    16.421349   11300.424805   11300.424805   11300.424805   11300.424805
206    16.501451   11355.280273   11355.280273   11355.280273   11355.280273
207    16.581556   11410.139648   11410.139648   11410.139648   11410.139648
208    16.661659   11464.993164   11464.993164   11464.993164   11464.993164
209    16.741764   11519.847656   11519.847656   11519.847656   11519.847656
210    16.821869   11574.704102   11574.704102   11574.704102   11574.704102
211    16.901972   11629.561523   11629.561523   11629.561523   11629.561523
212    16.982077   11684.415039   11684.415039   11684.415039   11684.415039
213    17.062181   11739.269531   11739.269531   11739.269531   11739.269531
214    17.142284   11794.125977   11794.125977   11794.125977   11794.125977
215    17.222389   11848.980469   11848.980469   11848.980469   11848.980469
216    17.302494   11903.839844   11903.839844   11903.839844   11903.839844
217    17.382597   11958.690430   11958.690430   11958.690430   11958.690430
218    17.462702   12013.543945   12013.543945   12013.543945   12013.543945
219    17.542805   12068.398438   12068.398438   12068.398438   12068.398438
220    17.622910   12123.254883   12123.254883   12123.254883   12123.254883
221    17.703014   12178.109375   12178.109375   12178.109375   12178.109375
222    17.783117   12232.963867   12232.963867   12232.963867   12232.963867
223    17.863222   12287.820312   12287.820312   12287.820312   12287.820312
224    17.943327   12342.676758   12342.676758   12342.676758   12342.676758
225    18.023430   12397.531250   12397.531250   12397.531250   12397.531250
226    18.103535   12452.390625   12452.390625   12452.390625   12452.390625
227    18.183640   12507.245117   12507.245117   12507.245117   12507.245117
228    18.263742   12562.106445   12562.106445   12562.106445   12562.106445
229    18.343847   12616.965820   12616.965820   12616.965820   12616.965820
230    18.423950   12671.818359   12671.818359   12671.818359   12671.818359
231    18.504055   12726.675781   12726.675781   12726.675781   12726.675781
232    18.584160   12781.533203   12781.533203   12781.533203   12781.533203
233    18.664263   12836.387695   12836.387695   12836.387695   12836.387695
234    18.744368   12891.248047   12891.248047   12891.248047   12891.248047
235    18.824472   12946.108398   12946.108398   12946.108398   12946.108398
236    18.904575   13000.963867   13000.963867   13000.963867   13000.963867
237    18.984680   13055.824219   13055.824219   13055.824219   13055.824219
238    19.064785   13110.679688   13110.679688   13110.679688   13110.679688
239    19.144888   13165.537109   13165.537109   13165.537109   13165.537109
240    19.224993   13220.398438   13220.398438   13220.398438   13220.398438
241    19.305096   13275.254883   13275.254883   13275.254883   13275.254883
242    19.385201   13330.110352   13330.110352   13330.110352   13330.110352
243    19.465305   13384.965820   13384.965820   13384.965820   13384.965820
244    19.545408   13439.820312   13439.820312   13439.820312   13439.820312
245    19.625513   13494.679688   13494.679688   13494.679688   13494.679688
246    19.705618   13549.531250   13549.531250   13549.531250   13549.531250
247    19.785721   13604.387695   13604.387695   13604.387695   13604.387695
248    19.865826   13659.241211   13659.241211   13659.241211   13659.241211
249    19.945930   13714.094727   13714.094727   13714.094727   13714.094727
250    20.026033   13768.954102   13768.954102   13768.954102   13768.954102
251    20.106138   13823.805664   13823.805664   13823.805664   13823.805664
252    20.186241   13878.666016   13878.666016   13878.666016   13878.666016
253    20.266346   13933.523438   13933.523438   13933.523438   13933.523438
254    20.346451   13988.376953   13988.376953   13988.376953   13988.376953
255    20.426554   14043.234375   14043.234375   14043.234375   14043.234375
256    20.506659   14098.093750   14098.093750   14098.093750   14098.093750
257    20.586763   14152.950195   14152.950195   14152.950195   14152.950195
258    20.666866   14207.805664   14207.805664   14207.805664   14207.805664
259    20.746971   14262.662109   14262.662109   14262.662109   14262.662109
260    20.827076   14317.524414   14317.524414   14317.524414   14317.524414
261    20.907179   14372.380859   14372.380859   14372.380859   14372.380859
262    20.987284   14427.240234   14427.240234   14427.240234   14427.240234
263    21.067387   14482.091797   14482.091797   14482.091797   14482.091797
264    21.147491   14536.948242   14536.948242   14536.948242   14536.948242
265    21.227596   14591.806641   14591.806641   14591.806641   14591.806641
266    21.307699   14646.660156   14646.660156   14646.660156   14646.660156
267    21.387804   14701.514648   14701.514648   14701.514648   14701.514648
268    21.467909   14756.374023   14756.374023   14756.374023   14756.374023
269    21.548012   14811.230469   14811.230469   14811.230469   14811.230469
270    21.628117   14866.085938   14866.085938   14866.085938   14866.085938
271    21.708221   14920.944336   14920.944336   14920.944336   14920.944336
272    21.788324   14975.796875   14975.796875   14975.796875   14975.796875
273    21.868429   15030.659180   15030.659180   15030.659180   15030.659180
274    21.948532   15085.517578   15085.517578   15085.517578   15085.517578
275    22.028637   15140.372070   15140.372070   15140.372070   15140.372070
276    22.108742   15195.226562   15195.226562   15195.226562   15195.226562
277    22.188845   15250.079102   15250.079102   15250.079102   15250.079102
278    22.268950   15304.934570   15304.934570   15304.934570   15304.934570
279    22.349054   15359.791992   15359.791992   15359.791992   15359.791992
280    22.429157   15414.648438   15414.648438   15414.648438   15414.648438
281    22.509262   15469.503906   15469.503906   15469.503906   15469.503906
282    22.589367   15524.356445   15524.356445   15524.356445   15524.356445
283    22.669470   15579.211914   15579.211914   15579.211914   15579.211914
284    22.749575   15634.069336   15634.069336   15634.069336   15634.069336
285    22.829678   15688.918945   15688.918945   15688.918945   15688.918945
286    22.909782   15743.774414   15743.774414   15743.774414   15743.774414
287    22.989887   15798.628906   15798.628906   15798.628906   15798.628906
288    23.069990   15853.485352   15853.485352   15853.485352   15853.485352
289    23.150095   15908.339844   15908.339844   15908.339844   15908.339844
290    23.230200   15963.196289   15963.196289   15963.196289   15963.196289
291    23.310303   16018.046875   16018.046875   16018.046875   16018.046875
292    23.390408   16072.902344   16072.902344   16072.902344   16072.902344
293    23.470512   16127.757812   16127.757812   16127.757812   16127.757812
294    23.550615   16182.612305   16182.612305   16182.612305   16182.612305
295    23.630720   16237.469727   16237.469727   16237.469727   16237.469727
296    23.710823   16292.325195   16292.325195   16292.325195   16292.325195
297    23.790928   16347.182617   16347.182617   16347.182617   16347.182617
298    23.871033   16402.041016   16402.041016   16402.041016   16402.041016
299    23.951136   16456.890625   16456.890625   16456.890625   16456.890625
300    24.031240   16511.744141   16511.744141   16511.744141   16511.744141
301    24.111345   16566.605469   16566.605469   16566.605469   16566.605469
302    24.191448   16621.458984   16621.458984   16621.458984   16621.458984
303    24.271553   16676.316406   16676.316406   16676.316406   16676.316406
304    24.351658   16731.175781   16731.175781   16731.175781   16731.175781
305    24.431761   16786.031250   16786.031250   16786.031250   16786.031250
306    24.511866   16840.890625   16840.890625   16840.890625   16840.890625
307    24.591969   16895.751953   16895.751953   16895.751953   16895.751953
308    24.672073   16950.607422   16950.607422   16950.607422   16950.607422
309    24.752178   17005.462891   17005.462891   17005.462891   17005.462891
310    24.832281   17060.312500   17060.312500   17060.312500   17060.312500
311    24.912386   17115.164062   17115.164062   17115.164062   17115.164062
312    24.992491   17170.019531   17170.019531   17170.019531   17170.019531
313    25.072594   17224.873047   17224.873047   17224.873047   17224.873047
314    25.152699   17279.732422   17279.732422   17279.732422   17279.732422
315    25.232803   17334.587891   17334.587891   17334.587891   17334.587891
316    25.312906   17389.437500   17389.437500   17389.437500   17389.437500
317    25.393011   17444.298828   17444.298828   17444.298828   17444.298828
318    25.473114   17499.156250   17499.156250   17499.156250   17499.156250
319    25.553219   17554.011719   17554.011719   17554.011719   17554.011719
320    25.633324   17608.865234   17608.865234   17608.865234   17608.865234
321    25.713427   17663.724609   17663.724609   17663.724609   17663.724609
322    25.793531   17718.583984   17718.583984   17718.583984   17718.583984
323    25.873636   17773.437500   17773.437500   17773.437500   17773.437500
324    25.953739   17828.292969   17828.292969   17828.292969   17828.292969
325    26.033844   17883.152344   17883.152344   17883.152344   17883.152344
326    26.113949   17938.005859   17938.005859   17938.005859   17938.005859
327    26.194052   17992.863281   17992.863281   17992.863281   17992.863281
328    26.274157   18047.722656   18047.722656   18047.722656   18047.722656
329    26.354259   18102.582031   18102.582031   18102.582031   18102.582031
330    26.434364   18157.443359   18157.443359   18157.443359   18157.443359
331    26.514469   18212.302734   18212.302734   18212.302734   18212.302734
332    26.594572   18267.158203   18267.158203   18267.158203   18267.158203
333    26.674677   18322.013672   18322.013672   18322.013672   18322.013672
334    26.754782   18376.878906   18376.878906   18376.878906   18376.878906
335    26.834885   18431.738281   18431.738281   18431.738281   18431.738281
336    26.914989   18486.593750   18486.593750   18486.593750   18486.593750
337    26.995094   18541.449219   18541.449219   18541.449219   18541.449219
338    27.075197   18596.302734   18596.302734   18596.302734   18596.302734
339    27.155302   18651.160156   18651.160156   18651.160156   18651.160156
340    27.235405   18706.021484   18706.021484   18706.021484   18706.021484
341    27.315510   18760.878906   18760.878906   18760.878906   18760.878906
342    27.395615   18815.734375   18815.734375   18815.734375   18815.734375
343    27.475718   18870.587891   18870.587891   18870.587891   18870.587891
344    27.555822   18925.441406   18925.441406   18925.441406   18925.441406
345    27.635927   18980.296875   18980.296875   18980.296875   18980.296875
346    27.716030   19035.150391   19035.150391   19035.150391   19035.150391
347    27.796135   19090.009766   19090.009766   19090.009766   19090.009766
348    27.876240   19144.869141   19144.869141   19144.869141   19144.869141
349    27.956343   19199.732422   19199.732422   19199.732422   19199.732422
350    28.036448   19254.589844   19254.589844   19254.589844   19254.589844
351    28.116550   19309.453125   19309.453125   19309.453125   19309.453125
352    28.196655   19364.312500   19364.312500   19364.312500   19364.312500
353    28.276760   19419.167969   19419.167969   19419.167969   19419.167969
354    28.356863   19474.025391   19474.025391   19474.025391   19474.025391
355    28.436968   19528.880859   19528.880859   19528.880859   19528.880859
356    28.517073   19583.734375   19583.734375   19583.734375   19583.734375
357    28.597176   19638.593750   19638.593750   19638.593750   19638.593750
358    28.677280   19693.443359   19693.443359   19693.443359   19693.443359
359    28.757385   19748.296875   19748.296875   19748.296875   19748.296875
360    28.837488   19803.158203   19803.158203   19803.158203   19803.158203
361    28.917593   19858.015625   19858.015625   19858.015625   19858.015625
362    28.997696   19912.871094   19912.871094   19912.871094   19912.871094
363    29.077801   19967.726562   19967.726562   19967.726562   19967.726562
364    29.157906   20022.580078   20022.580078   20022.580078   20022.580078
365    29.238008   20077.437500   20077.437500   20077.437500   20077.437500
366    29.318113   20132.292969   20132.292969   20132.292969   20132.292969
367    29.398218   20187.144531   20187.144531   20187.144531   20187.144531
368    29.478321   20242.003906   20242.003906   20242.003906   20242.003906
369    29.558426   20296.861328   20296.861328   20296.861328   20296.861328
370    29.638531   20351.720703   20351.720703   20351.720703   20351.720703
371    29.718634   20406.583984   20406.583984   20406.583984   20406.583984
372    29.798738   20461.443359   20461.443359   20461.443359   20461.443359
373    29.878841   20516.308594   20516.308594   20516.308594   20516.308594
374    29.958946   20571.164062   20571.164062   20571.164062   20571.164062
375    30.039051   20626.015625   20626.015625   20626.015625   20626.015625
376    30.119154   20680.869141   20680.869141   20680.869141   20680.869141
377    30.199259   20735.720703   20735.720703   20735.720703   20735.720703
378    30.279364   20790.580078   20790.580078   20790.580078   20790.580078
379    30.359467   20845.431641   20845.431641   20845.431641   20845.431641
380    30.439571   20900.285156   20900.285156   20900.285156   20900.285156
381    30.519676   20955.140625   20955.140625   20955.140625   20955.140625
382    30.599779   21009.994141   21009.994141   21009.994141   21009.994141
383    30.679884   21064.851562   21064.851562   21064.851562   21064.851562
384    30.759987   21119.705078   21119.705078   21119.705078   21119.705078
385    30.840092   21174.560547   21174.560547   21174.560547   21174.560547
386    30.920197   21229.416016   21229.416016   21229.416016   21229.416016
387    31.000299   21284.281250   21284.281250   21284.281250   21284.281250
388    31.080404   21339.134766   21339.134766   21339.134766   21339.134766
389    31.160509   21393.992188   21393.992188   21393.992188   21393.992188
390    31.240612   21448.845703   21448.845703   21448.845703   21448.845703
391    31.320717   21503.699219   21503.699219   21503.699219   21503.699219
392    31.400822   21558.556641   21558.556641   21558.556641   21558.556641
393    31.480925   21613.419922   21613.419922   21613.419922   21613.419922
394    31.561029   21668.275391   21668.275391   21668.275391   21668.275391
395    31.641134   21723.138672   21723.138672   21723.138672   21723.138672
396    31.721237   21777.998047   21777.998047   21777.998047   21777.998047
397    31.801342   21832.849609   21832.849609   21832.849609   21832.849609
398    31.881445   21887.701172   21887.701172   21887.701172   21887.701172
399    31.961550   21942.556641   21942.556641   21942.556641   21942.556641
400    32.041653   21997.412109   21997.412109   21997.412109   21997.412109
401    32.121758   22052.263672   22052.263672   22052.263672   22052.263672
402    32.201862   22107.123047   22107.123047   22107.123047   22107.123047
403    32.281967   22161.978516   22161.978516   22161.978516   22161.978516
404    32.362072   22216.832031   22216.832031   22216.832031   22216.832031
405    32.442173   22271.689453   22271.689453   22271.689453   22271.689453
406    32.522278   22326.544922   22326.544922   22326.544922   22326.544922
407    32.602383   22381.400391   22381.400391   22381.400391   22381.400391
408    32.682487   22436.253906   22436.253906   22436.253906   22436.253906
409    32.762592   22491.107422   22491.107422   22491.107422   22491.107422
410    32.842697   22545.966797   22545.966797   22545.966797   22545.966797
411    32.922798   22600.824219   22600.824219   22600.824219   22600.824219
412    33.002903   22655.681641   22655.681641   22655.681641   22655.681641
413    33.083008   22710.535156   22710.535156   22710.535156   22710.535156
414    33.163113   22765.394531   22765.394531   22765.394531   22765.394531
415    33.243217   22820.253906   22820.253906   22820.253906   22820.253906
416    33.323318   22875.109375   22875.109375   22875.109375   22875.109375
417    33.403423   22929.964844   22929.964844   22929.964844   22929.964844
418    33.483528   22984.820312   22984.820312   22984.820312   22984.820312
419    33.563633   23039.685547   23039.685547   23039.685547   23039.685547
420    33.643738   23094.544922   23094.544922   23094.544922   23094.544922
421    33.723843   23149.396484   23149.396484   23149.396484   23149.396484
422    33.803944   23204.255859   23204.255859   23204.255859   23204.255859
423    33.884048   23259.117188   23259.117188   23259.117188   23259.117188
424    33.964153   23313.974609   23313.974609   23313.974609   23313.974609
425    34.044258   23368.822266   23368.822266   23368.822266   23368.822266
426    34.124363   23423.681641   23423.681641   23423.681641   23423.681641
427    34.204464   23478.539062   23478.539062   23478.539062   23478.539062
428    34.284569   23533.392578   23533.392578   23533.392578   23533.392578
429    34.364674   23588.255859   23588.255859   23588.255859   23588.255859
430    34.444778   23643.109375   23643.109375   23643.109375   23643.109375
431    34.524883   23697.962891   23697.962891   23697.962891   23697.962891
432    34.604988   23752.818359   23752.818359   23752.818359   23752.818359
433    34.685089   23807.671875   23807.671875   23807.671875   23807.671875
434    34.765194   23862.525391   23862.525391   23862.525391   23862.525391
435    34.845299   23917.384766   23917.384766   23917.384766   23917.384766
436    34.925404   23972.240234   23972.240234   23972.240234   23972.240234
437    35.005508   24027.093750   24027.093750   24027.093750   24027.093750
438    35.085609   24081.945312   24081.945312   24081.945312   24081.945312
439    35.165714   24136.798828   24136.798828   24136.798828   24136.798828
440    35.245819   24191.658203   24191.658203   24191.658203   24191.658203
441    35.325924   24246.513672   24246.513672   24246.513672   24246.513672
442    35.406029   24301.369141   24301.369141   24301.369141   24301.369141
443    35.486134   24356.226562   24356.226562   24356.226562   24356.226562
444    35.566235   24411.080078   24411.080078   24411.080078   24411.080078
445    35.646339   24465.931641   24465.931641   24465.931641   24465.931641
446    35.726444   24520.794922   24520.794922   24520.794922   24520.794922
447    35.806549   24575.648438   24575.648438   24575.648438   24575.648438
448    35.886654   24630.500000   24630.500000   24630.500000   24630.500000
449    35.966755   24685.359375   24685.359375   24685.359375   24685.359375
450    36.046860   24740.220703   24740.220703   24740.220703   24740.220703
451    36.126965   24795.076172   24795.076172   24795.076172   24795.076172
452    36.207069   24849.931641   24849.931641   24849.931641   24849.931641
453    36.287174   24904.787109   24904.787109   24904.787109   24904.787109
454    36.367279   24959.644531   24959.644531   24959.644531   24959.644531
455    36.447380   25014.501953   25014.501953   25014.501953   25014.501953
456    36.527485   25069.355469   25069.355469   25069.355469   25069.355469
457    36.607590   25124.220703   25124.220703   25124.220703   25124.220703
458    36.687695   25179.080078   25179.080078   25179.080078   25179.080078
459    36.767799   25233.933594   25233.933594   25233.933594   25233.933594
460    36.847900   25288.791016   25288.791016   25288.791016   25288.791016
461    36.928005   25343.646484   25343.646484   25343.646484   25343.646484
462    37.008110   25398.509766   25398.509766   25398.509766   25398.509766
463    37.088215   25453.365234   25453.365234   25453.365234   25453.365234
464    37.168320   25508.222656   25508.222656   25508.222656   25508.222656
465    37.248425   25563.074219   25563.074219   25563.074219   25563.074219
466    37.328526   25617.935547   25617.925781   25617.925781   25617.925781
467    37.408630   25672.796875   25672.779297   25672.779297   25672.779297
468    37.488735   25727.652344   25727.634766   25727.634766   25727.634766
469    37.568840   25782.505859   25782.488281   25782.488281   25782.488281
470    37.648945   25837.361328   25837.339844   25837.339844   25837.339844
471    37.729046   25892.214844   25892.195312   25892.195312   25892.195312
472    37.809151   25947.072266   25947.048828   25947.048828   25947.048828
473    37.889256   26001.925781   26001.902344   26001.902344   26001.902344
474    37.969360   26056.789062   26056.759766   26056.759766   26056.759766
475    38.049465   26111.648438   26111.619141   26111.619141   26111.619141
476    38.129570   26166.505859   26166.476562   26166.476562   26166.476562
477    38.209671   26221.359375   26221.330078   26221.330078   26221.330078
478    38.289776   26276.216797   26276.187500   26276.187500   26276.187500
479    38.369881   26331.070312   26331.042969   26331.042969   26331.042969
480    38.449986   26385.929688   26385.900391   26385.900391   26385.900391
481    38.530090   26440.789062   26440.753906   26440.753906   26440.753906
482    38.610191   26495.650391   26495.611328   26495.611328   26495.611328
483    38.690296   26550.507812   26550.472656   26550.472656   26550.472656
484    38.770401   26605.359375   26605.326172   26605.326172   26605.326172
485    38.850506   26660.216797   26660.185547   26660.185547   26660.185547
486    38.930611   26715.072266   26715.050781   26715.050781   26715.050781
487    39.010715   26769.923828   26769.910156   26769.910156   26769.910156
488    39.090816   26824.781250   26824.769531   26824.769531   26824.769531
489    39.170921   26879.638672   26879.628906   26879.628906   26879.628906
490    39.251026   26934.494141   26934.482422   26934.482422   26934.482422
491    39.331131   26989.351562   26989.341797   26989.341797   26989.341797
492    39.411236   27044.208984   27044.197266   27044.197266   27044.197266
493    39.491337   27099.066406   27099.054688   27099.054688   27099.054688
494    39.571442   27153.923828   27153.912109   27153.912109   27153.912109
495    39.651546   27208.777344   27208.767578   27208.767578   27208.767578
496    39.731651   27263.632812   27263.623047   27263.623047   27263.623047
497    39.811756   27318.486328   27318.476562   27318.476562   27318.476562
498    39.891861   27373.343750   27373.333984   27373.333984   27373.333984
499    39.971962   27428.197266   27428.189453   27428.189453   27428.189453
500    40.052067   27483.056641   27483.039062   27483.039062   27483.039062
501    40.132172   27537.910156   27537.892578   27537.892578   27537.892578
502    40.212276   27592.765625   27592.748047   27592.748047   27592.748047
503    40.292381   27647.626953   27647.607422   27647.607422   27647.607422
504    40.372482   27702.486328   27702.466797   27702.466797   27702.466797
505    40.452587   27757.343750   27757.320312   27757.320312   27757.320312
506    40.532692   27812.197266   27812.177734   27812.177734   27812.177734
507    40.612797   27867.054688   27867.039062   27867.039062   27867.039062
508    40.692902   27921.910156   27921.892578   27921.892578   27921.892578
509    40.773006   27976.765625   27976.748047   27976.748047   27976.748047
510    40.853107   28031.623047   28031.609375   28031.609375   28031.609375
511    40.933212   28086.478516   28086.462891   28086.462891   28086.462891
512    41.013317   28141.337891   28141.322266   28141.322266   28141.322266
513    41.093422   28196.199219   28196.181641   28196.181641   28196.181641
514    41.173527   28251.062500   28251.035156   28251.035156   28251.035156
515    41.253628   28305.919922   28305.898438   28305.898438   28305.898438
516    41.333733   28360.773438   28360.755859   28360.755859   28360.755859
517    41.413837   28415.628906   28415.613281   28415.613281   28415.613281
518    41.493942   28470.482422   28470.466797   28470.466797   28470.466797
519    41.574047   28525.339844   28525.324219   28525.324219   28525.324219
520    41.654152   28580.191406   28580.181641   28580.181641   28580.181641
521    41.734253   28635.048828   28635.033203   28635.033203   28635.033203
522    41.814358   28689.902344   28689.888672   28689.888672   28689.888672
523    41.894463   28744.755859   28744.746094   28744.746094   28744.746094
524    41.974567   28799.613281   28799.599609   28799.599609   28799.599609
525    42.054672   28854.472656   28854.455078   28854.455078   28854.455078
526    42.134773   28909.324219   28909.308594   28909.308594   28909.308594
527    42.214878   28964.185547   28964.167969   28964.167969   28964.167969
528    42.294983   29019.039062   29019.021484   29019.021484   29019.021484
529    42.375088   29073.894531   29073.876953   29073.876953   29073.876953
530    42.455193   29128.748047   29128.728516   29128.728516   29128.728516
531    42.535297   29183.607422   29183.587891   29183.587891   29183.587891
532    42.615398   29238.458984   29238.443359   29238.443359   29238.443359
533    42.695503   29293.316406   29293.298828   29293.298828   29293.298828
534    42.775608   29348.171875   29348.152344   29348.152344   29348.152344
535    42.855713   29403.027344   29403.009766   29403.009766   29403.009766
536    42.935818   29457.882812   29457.865234   29457.865234   29457.865234
537    43.015919   29512.740234   29512.722656   29512.722656   29512.722656
538    43.096024   29567.601562   29567.580078   29567.580078   29567.580078
539    43.176128   29622.458984   29622.431641   29622.431641   29622.431641
540    43.256233   29677.312500   29677.292969   29677.292969   29677.292969
541    43.336338   29732.167969   29732.146484   29732.146484   29732.146484
542    43.416443   29787.023438   29787.001953   29787.001953   29787.001953
543    43.496544   29841.882812   29841.857422   29841.857422   29841.857422
544    43.576649   29896.734375   29896.708984   29896.708984   29896.708984
545    43.656754   29951.591797   29951.566406   29951.566406   29951.566406
546    43.736858   30006.451172   30006.419922   30006.419922   30006.419922
547    43.816963   30061.310547   30061.279297   30061.279297   30061.279297
548    43.897064   30116.164062   30116.138672   30116.138672   30116.138672
549    43.977169   30171.013672   30170.994141   30170.994141   30170.994141
550    44.057274   30225.869141   30225.849609   30225.849609   30225.849609
551    44.137379   30280.724609   30280.705078   30280.705078   30280.705078
552    44.217484   30335.578125   30335.558594   30335.558594   30335.558594
553    44.297588   30390.433594   30390.417969   30390.417969   30390.417969
554    44.377689   30445.287109   30445.271484   30445.271484   30445.271484
555    44.457794   30500.146484   30500.136719   30500.136719   30500.136719
556    44.537899   30555.005859   30554.996094   30554.996094   30554.996094
557    44.618004   30609.865234   30609.851562   30609.851562   30609.851562
558    44.698109   30664.718750   30664.707031   30664.707031   30664.707031
559    44.778210   30719.568359   30719.560547   30719.560547   30719.560547
560    44.858315   30774.423828   30774.417969   30774.417969   30774.417969
561    44.938419   30829.277344   30829.271484   30829.271484   30829.271484
562    45.018524   30884.130859   30884.125000   30884.125000   30884.125000
563    45.098629   30938.988281   30938.982422   30938.982422   30938.982422
564    45.178734   30993.839844   30993.835938   30993.835938   30993.835938
565    45.258835   31048.699219   31048.691406   31048.691406   31048.691406
566    45.338940   31103.552734   31103.546875   31103.546875   31103.546875
567    45.419044   31158.410156   31158.410156   31158.410156   31158.410156
568    45.499149   31213.265625   31213.265625   31213.265625   31213.265625
569    45.579254   31268.121094   31268.123047   31268.123047   31268.123047
570    45.659355   31322.974609   31322.976562   31322.976562   31322.976562
571    45.739460   31377.828125   31377.833984   31377.833984   31377.833984
572    45.819565   31432.685547   31432.687500   31432.687500   31432.687500
573    45.899670   31487.544922   31487.539062   31487.539062   31487.539062
574    45.979774   31542.400391   31542.400391   31542.400391   31542.400391
575    46.059879   31597.259766   31597.255859   31597.255859   31597.255859
576    46.139980   31652.117188   31652.111328   31652.111328   31652.111328
577    46.220085   31706.974609   31706.968750   31706.968750   31706.968750
578    46.300190   31761.833984   31761.822266   31761.822266   31761.822266
579    46.380295   31816.691406   31816.677734   31816.677734   31816.677734
580    46.460400   31871.546875   31871.541016   31871.541016   31871.541016
581    46.540501   31926.402344   31926.398438   31926.398438   31926.398438
582    46.620605   31981.255859   31981.251953   31981.251953   31981.251953
583    46.700710   32036.107422   32036.109375   32036.109375   32036.109375
584    46.780815   32090.960938   32090.960938   32090.960938   32090.960938
585    46.860920   32145.814453   32145.818359   32145.818359   32145.818359
586    46.941025   32200.671875   32200.666016   32200.666016   32200.666016
587    47.021126   32255.525391   32255.521484   32255.521484   32255.521484
588    47.101231   32310.388672   32310.375000   32310.375000   32310.375000
589    47.181335   32365.242188   32365.234375   32365.234375   32365.234375
590    47.261440   32420.103516   32420.087891   32420.087891   32420.087891
591    47.341545   32474.960938   32474.943359   32474.943359   32474.943359
592    47.421646   32529.820312   32529.796875   32529.796875   32529.796875
593    47.501751   32584.681641   32584.650391   32584.650391   32584.650391
594    47.581856   32639.541016   32639.505859   32639.505859   32639.505859
595    47.661961   32694.400391   32694.359375   32694.359375   32694.359375
596    47.742065   32749.259766   32749.214844   32749.214844   32749.214844
597    47.822170   32804.113281   32804.074219   32804.074219   32804.074219
598    47.902271   32858.972656   32858.925781   32858.925781   32858.925781
599    47.982376   32913.828125   32913.785156   32913.785156   32913.785156
600    48.062481   32968.683594   32968.640625   32968.640625   32968.640625
601    48.142586   33023.539062   33023.492188   33023.492188   33023.492188
602    48.222691   33078.406250   33078.347656   33078.347656   33078.347656
603    48.302792   33133.261719   33133.203125   33133.203125   33133.203125
604    48.382896   33188.117188   33188.054688   33188.054688   33188.054688
605    48.463001   33242.968750   33242.917969   33242.917969   33242.917969
606    48.543106   33297.824219   33297.769531   33297.769531   33297.769531
607    48.623211   33352.679688   33352.628906   33352.628906   33352.628906
608    48.703316   33407.523438   33407.488281   33407.488281   33407.488281
609    48.783417   33462.382812   33462.339844   33462.339844   33462.339844
610    48.863522   33517.234375   33517.199219   33517.199219   33517.199219
611    48.943626   33572.089844   33572.054688   33572.054688   33572.054688
612    49.023731   33626.945312   33626.902344   33626.902344   33626.902344
613    49.103836   33681.796875   33681.753906   33681.753906   33681.753906
614    49.183937   33736.660156   33736.613281   33736.613281   33736.613281
615    49.264042   33791.523438   33791.472656   33791.472656   33791.472656
616    49.344147   33846.378906   33846.335938   33846.335938   33846.335938
617    49.424252   33901.234375   33901.199219   33901.199219   33901.199219
618    49.504356   33956.089844   33956.062500   33956.062500   33956.062500
619    49.584461   34010.945312   34010.921875   34010.921875   34010.921875
620    49.664562   34065.796875   34065.781250   34065.781250   34065.781250
621    49.744667   34120.652344   34120.632812   34120.632812   34120.632812
622    49.824772   34175.507812   34175.492188   34175.492188   34175.492188
623    49.904877   34230.367188   34230.351562   34230.351562   34230.351562
624    49.984982   34285.222656   34285.207031   34285.207031   34285.207031
625    50.065083   34340.082031   34340.062500   34340.062500   34340.062500
626    50.145187   34394.937500   34394.914062   34394.914062   34394.914062
627    50.225292   34449.796875   34449.769531   34449.769531   34449.769531
628    50.305397   34504.652344   34504.625000   34504.625000   34504.625000
629    50.385502   34559.503906   34559.476562   34559.476562   34559.476562
630    50.465607   34614.363281   34614.335938   34614.335938   34614.335938
631    50.545708   34669.214844   34669.191406   34669.191406   34669.191406
632    50.625813   34724.066406   34724.050781   34724.050781   34724.050781
633    50.705917   34778.925781   34778.906250   34778.906250   34778.906250
634    50.786022   34833.785156   34833.765625   34833.765625   34833.765625
635    50.866127   34888.644531   34888.617188   34888.617188   34888.617188
636    50.946228   34943.503906   34943.476562   34943.476562   34943.476562
637    51.026333   34998.363281   34998.332031   34998.332031   34998.332031
638    51.106438   35053.214844   35053.179688   35053.179688   35053.179688
639    51.186543   35108.066406   35108.042969   35108.042969   35108.042969
640    51.266647   35162.925781   35162.906250   35162.906250   35162.906250
641    51.346752   35217.785156   35217.757812   35217.757812   35217.757812
642    51.426853   35272.644531   35272.617188   35272.617188   35272.617188
643    51.506958   35327.496094   35327.468750   35327.468750   35327.468750
644    51.587063   35382.355469   35382.320312   35382.320312   35382.320312
645    51.667168   35437.207031   35437.171875   35437.171875   35437.171875
646    51.747272   35492.066406   35492.031250   35492.031250   35492.031250
647    51.827374   35546.921875   35546.882812   35546.882812   35546.882812
648    51.907478   35601.781250   35601.742188   35601.742188   35601.742188
649    51.987583   35656.636719   35656.593750   35656.593750   35656.593750
650    52.067688   35711.496094   35711.449219   35711.449219   35711.449219
651    52.147793   35766.351562   35766.304688   35766.304688   35766.304688
652    52.227898   35821.203125   35821.160156   35821.160156   35821.160156
653    52.307999   35876.062500   35876.011719   35876.011719   35876.011719
654    52.388103   35930.925781   35930.871094   35930.871094   35930.871094
655    52.468208   35985.781250   35985.722656   35985.722656   35985.722656
656    52.548313   36040.632812   36040.578125   36040.578125   36040.578125
657    52.628418   36095.492188   36095.429688   36095.429688   36095.429688
658    52.708519   36150.351562   36150.289062   36150.289062   36150.289062
659    52.788624   36205.207031   36205.144531   36205.144531   36205.144531
660    52.868729   36260.054688   36259.996094   36259.996094   36259.996094
661    52.948833   36314.914062   36314.851562   36314.851562   36314.851562
662    53.028938   36369.773438   36369.707031   36369.707031   36369.707031
663    53.109043   36424.625000   36424.562500   36424.562500   36424.562500
664    53.189144   36479.484375   36479.417969   36479.417969   36479.417969
665    53.269249   36534.335938   36534.273438   36534.273438   36534.273438
666    53.349354   36589.187500   36589.125000   36589.125000   36589.125000
667    53.429459   36644.039062   36643.980469   36643.980469   36643.980469
668    53.509563   36698.898438   36698.835938   36698.835938   36698.835938
669    53.589664   36753.753906   36753.703125   36753.703125   36753.703125
670    53.669769   36808.605469   36808.546875   36808.546875   36808.546875
671    53.749874   36863.457031   36863.406250   36863.406250   36863.406250
672    53.829979   36918.312500   36918.257812   36918.257812   36918.257812
673    53.910084   36973.167969   36973.109375   36973.109375   36973.109375
674    53.990189   37028.023438   37027.968750   37027.968750   37027.968750
675    54.070290   37082.878906   37082.820312   37082.820312   37082.820312
676    54.150394   37137.734375   37137.679688   37137.679688   37137.679688
677    54.230499   37192.589844   37192.527344   37192.527344   37192.527344
678    54.310604   37247.441406   37247.382812   37247.382812   37247.382812
679    54.390709   37302.300781   37302.238281   37302.238281   37302.238281
680    54.470810   37357.156250   37357.093750   37357.093750   37357.093750
681    54.550915   37412.019531   37411.960938   37411.960938   37411.960938
682    54.631020   37466.882812   37466.812500   37466.812500   37466.812500
683    54.711124   37521.742188   37521.671875   37521.671875   37521.671875
684    54.791229   37576.593750   37576.523438   37576.523438   37576.523438
685    54.871334   37631.449219   37631.378906   37631.378906   37631.378906
686    54.951435   37686.308594   37686.234375   37686.234375   37686.234375
687    55.031540   37741.164062   37741.093750   37741.093750   37741.093750
688    55.111645   37796.023438   37795.953125   37795.953125   37795.953125
689    55.191750   37850.878906   37850.812500   37850.812500   37850.812500
690    55.271854   37905.738281   37905.667969   37905.667969   37905.667969
691    55.351955   37960.593750   37960.523438   37960.523438   37960.523438
692    55.432060   38015.449219   38015.382812   38015.382812   38015.382812
693    55.512165   38070.304688   38070.226562   38070.226562   38070.226562
694    55.592270   38125.167969   38125.082031   38125.082031   38125.082031
695    55.672375   38180.019531   38179.941406   38179.941406   38179.941406
696    55.752480   38234.878906   38234.789062   38234.789062   38234.789062
697    55.832581   38289.738281   38289.644531   38289.644531   38289.644531
698    55.912685   38344.597656   38344.503906   38344.503906   38344.503906
699    55.992790   38399.449219   38399.359375   38399.359375   38399.359375
700    56.072895   38454.304688   38454.210938   38454.210938   38454.210938
701    56.153000   38509.160156   38509.070312   38509.070312   38509.070312
702    56.233101   38564.019531   38563.925781   38563.925781   38563.925781
703    56.313206   38618.871094   38618.781250   38618.781250   38618.781250
704    56.393311   38673.726562   38673.640625   38673.640625   38673.640625
705    56.473415   38728.578125   38728.500000   38728.500000   38728.500000
706    56.553520   38783.433594   38783.363281   38783.363281   38783.363281
707    56.633625   38838.292969   38838.222656   38838.222656   38838.222656
708    56.713726   38893.152344   38893.082031   38893.082031   38893.082031
709    56.793831   38948.011719   38947.941406   38947.941406   38947.941406
710    56.873936   39002.875000   39002.792969   39002.792969   39002.792969
711    56.954041   39057.730469   39057.652344   39057.652344   39057.652344
712    57.034145   39112.582031   39112.507812   39112.507812   39112.507812
713    57.114246   39167.449219   39167.363281   39167.363281   39167.363281
714    57.194351   39222.304688   39222.226562   39222.226562   39222.226562
715    57.274456   39277.164062   39277.078125   39277.078125   39277.078125
716    57.354561   39332.023438   39331.933594   39331.933594   39331.933594
717    57.434666   39386.875000   39386.789062   39386.789062   39386.789062
718    57.514771   39441.734375   39441.644531   39441.644531   39441.644531
719    57.594872   39496.582031   39496.503906   39496.503906   39496.503906
720    57.674976   39551.437500   39551.363281   39551.363281   39551.363281
721    57.755081   39606.300781   39606.214844   39606.214844   39606.214844
722    57.835186   39661.160156   39661.074219   39661.074219   39661.074219
723    57.915291   39716.007812   39715.925781   39715.925781   39715.925781
724    57.995392   39770.859375   39770.777344   39770.777344   39770.777344
725    58.075497   39825.718750   39825.632812   39825.632812   39825.632812
726    58.155602   39880.570312   39880.488281   39880.488281   39880.488281
727    58.235706   39935.429688   39935.351562   39935.351562   39935.351562
728    58.315811   39990.289062   39990.210938   39990.210938   39990.210938
729    58.395916   40045.140625   40045.070312   40045.070312   40045.070312
730    58.476017   40099.996094   40099.929688   40099.929688   40099.929688
731    58.556122   40154.859375   40154.781250   40154.781250   40154.781250
732    58.636227   40209.718750   40209.636719   40209.636719   40209.636719
733    58.716331   40264.570312   40264.496094   40264.496094   40264.496094
734    58.796436   40319.421875   40319.351562   40319.351562   40319.351562
735    58.876537   40374.281250   40374.210938   40374.210938   40374.210938
736    58.956642   40429.132812   40429.070312   40429.070312   40429.070312
737    59.036747   40483.992188   40483.914062   40483.914062   40483.914062
738    59.116852   40538.847656   40538.773438   40538.773438   40538.773438
739    59.196957   40593.707031   40593.628906   40593.628906   40593.628906
740    59.277061   40648.566406   40648.484375   40648.484375   40648.484375
741    59.357162   40703.417969   40703.343750   40703.343750   40703.343750
742    59.437267   40758.281250   40758.207031   40758.207031   40758.207031
743    59.517372   40813.132812   40813.054688   40813.054688   40813.054688
744    59.597477   40867.992188   40867.914062   40867.914062   40867.914062
745    59.677582   40922.839844   40922.761719   40922.761719   40922.761719
746    59.757683   40977.703125   40977.617188   40977.617188   40977.617188
747    59.837788   41032.554688   41032.476562   41032.476562   41032.476562
748    59.917892   41087.414062   41087.328125   41087.328125   41087.328125
749    59.997997   41142.265625   41142.187500   41142.187500   41142.187500
750    60.078102   41197.128906   41197.042969   41197.042969   41197.042969
751    60.158207   41251.984375   41251.902344   41251.902344   41251.902344
752    60.238308   41306.839844   41306.753906   41306.753906   41306.753906
753    60.318413   41361.695312   41361.617188   41361.617188   41361.617188
754    60.398518   41416.554688   41416.472656   41416.472656   41416.472656
755    60.478622   41471.410156   41471.328125   41471.328125   41471.328125
756    60.558727   41526.269531   41526.187500   41526.187500   41526.187500
757    60.638828   41581.128906   41581.046875   41581.046875   41581.046875
758    60.718933   41635.984375   41635.898438   41635.898438   41635.898438
759    60.799038   41690.832031   41690.757812   41690.757812   41690.757812
760    60.879143   41745.691406   41745.613281   41745.613281   41745.613281
761    60.959248   41800.546875   41800.468750   41800.468750   41800.468750
762    61.039352   41855.402344   41855.328125   41855.328125   41855.328125
763    61.119453   41910.257812   41910.179688   41910.179688   41910.179688
764    61.199558   41965.105469   41965.035156   41965.035156   41965.035156
765    61.279663   42019.968750   42019.890625   42019.890625   42019.890625
766    61.359768   42074.832031   42074.750000   42074.750000   42074.750000
767    61.439873   42129.691406   42129.605469   42129.605469   42129.605469
768    61.519974   42184.550781   42184.464844   42184.464844   42184.464844
769    61.600079   42239.406250   42239.312500   42239.312500   42239.312500
770    61.680183   42294.265625   42294.167969   42294.167969   42294.167969
771    61.760288   42349.132812   42349.023438   42349.023438   42349.023438
772    61.840393   42403.984375   42403.875000   42403.875000   42403.875000
773    61.920498   42458.835938   42458.734375   42458.734375   42458.734375
774    62.000599   42513.687500   42513.585938   42513.585938   42513.585938
775    62.080704   42568.546875   42568.441406   42568.441406   42568.441406
776    62.160809   42623.402344   42623.292969   42623.292969   42623.292969
777    62.240913   42678.253906   42678.148438   42678.148438   42678.148438
778    62.321018   42733.109375   42733.011719   42733.011719   42733.011719
779    62.401123   42787.968750   42787.863281   42787.863281   42787.863281
780    62.481224   42842.824219   42842.718750   42842.718750   42842.718750
781    62.561329   42897.679688   42897.570312   42897.570312   42897.570312
782    62.641434   42952.546875   42952.429688   42952.429688   42952.429688
783    62.721539   43007.406250   43007.289062   43007.289062   43007.289062
784    62.801643   43062.257812   43062.152344   43062.152344   43062.152344
785    62.881744   43117.128906   43117.000000   43117.000000   43117.000000
786    62.961849   43171.980469   43171.851562   43171.851562   43171.851562
787    63.041954   43226.832031   43226.707031   43226.707031   43226.707031
788    63.122059   43281.687500   43281.558594   43281.558594   43281.558594
789    63.202164   43336.539062   43336.414062   43336.414062   43336.414062
790    63.282269   43391.398438   43391.273438   43391.273438   43391.273438
791    63.362370   43446.253906   43446.125000   43446.125000   43446.125000
792    63.442474   43501.109375   43500.980469   43500.980469   43500.980469
793    63.522579   43555.972656   43555.835938   43555.835938   43555.835938
794    63.602684   43610.832031   43610.695312   43610.695312   43610.695312
795    63.682789   43665.683594   43665.546875   43665.546875   43665.546875
796    63.762890   43720.542969   43720.402344   43720.402344   43720.402344
797    63.842995   43775.394531   43775.257812   43775.257812   43775.257812
798    63.923100   43830.250000   43830.117188   43830.117188   43830.117188
799    64.003204   43885.101562   43884.976562   43884.976562   43884.976562
800    64.083305   43939.953125   43939.828125   43939.828125   43939.828125
801    64.163414   43994.804688   43994.683594   43994.683594   43994.683594
802    64.243515   44049.667969   44049.542969   44049.542969   44049.542969
803    64.323624   44104.515625   44104.402344   44104.402344   44104.402344
804    64.403725   44159.371094   44159.261719   44159.261719   44159.261719
805    64.483826   44214.226562   44214.105469   44214.105469   44214.105469
806    64.563934   44269.085938   44268.964844   44268.964844   44268.964844
807    64.644035   44323.937500   44323.824219   44323.824219   44323.824219
808    64.724144   44378.792969   44378.683594   44378.683594   44378.683594
809    64.804245   44433.648438   44433.539062   44433.539062   44433.539062
810    64.884346   44488.507812   44488.394531   44488.394531   44488.394531
811    64.964455   44543.371094   44543.257812   44543.257812   44543.257812
812    65.044556   44598.234375   44598.113281   44598.113281   44598.113281
813    65.124664   44653.089844   44652.976562   44652.976562   44652.976562
814    65.204765   44707.941406   44707.828125   44707.828125   44707.828125
815    65.284866   44762.804688   44762.683594   44762.683594   44762.683594
816    65.364975   44817.667969   44817.535156   44817.535156   44817.535156
817    65.445076   44872.519531   44872.394531   44872.394531   44872.394531
818    65.525185   44927.378906   44927.250000   44927.250000   44927.250000
819    65.605286   44982.238281   44982.117188   44982.117188   44982.117188
820    65.685394   45037.097656   45036.964844   45036.964844   45036.964844
821    65.765495   45091.949219   45091.816406   45091.816406   45091.816406
822    65.845596   45146.808594   45146.671875   45146.671875   45146.671875
823    65.925705   45201.667969   45201.527344   45201.527344   45201.527344
824    66.005806   45256.523438   45256.386719   45256.386719   45256.386719
825    66.085915   45311.375000   45311.238281   45311.238281   45311.238281
826    66.166016   45366.230469   45366.097656   45366.097656   45366.097656
827    66.246117   45421.082031   45420.957031   45420.957031   45420.957031
828    66.326225   45475.937500   45475.808594   45475.808594   45475.808594
829    66.406326   45530.792969   45530.667969   45530.667969   45530.667969
830    66.486435   45585.648438   45585.523438   45585.523438   45585.523438
831    66.566536   45640.496094   45640.386719   45640.386719   45640.386719
832    66.646637   45695.355469   45695.242188   45695.242188   45695.242188
833    66.726746   45750.218750   45750.101562   45750.101562   45750.101562
834    66.806847   45805.070312   45804.957031   45804.957031   45804.957031
835    66.886955   45859.925781   45859.812500   45859.812500   45859.812500
836    66.967056   45914.781250   45914.671875   45914.671875   45914.671875
837    67.047157   45969.640625   45969.527344   45969.527344   45969.527344
838    67.127266   46024.507812   46024.382812   46024.382812   46024.382812
839    67.207367   46079.367188   46079.242188   46079.242188   46079.242188
840    67.287476   46134.218750   46134.097656   46134.097656   46134.097656
841    67.367577   46189.074219   46188.953125   46188.953125   46188.953125
842    67.447685   46243.925781   46243.816406   46243.816406   46243.816406
843    67.527786   46298.777344   46298.675781   46298.675781   46298.675781
844    67.607887   46353.632812   46353.539062   46353.539062   46353.539062
845    67.687996   46408.496094   46408.394531   46408.394531   46408.394531
846    67.768097   46463.359375   46463.246094   46463.246094   46463.246094
847    67.848206   46518.214844   46518.105469   46518.105469   46518.105469
848    67.928307   46573.070312   46572.949219   46572.949219   46572.949219
849    68.008408   46627.933594   46627.804688   46627.804688   46627.804688
850    68.088516   46682.785156   46682.660156   46682.660156   46682.660156
851    68.168617   46737.640625   46737.515625   46737.515625   46737.515625
852    68.248726   46792.500000   46792.367188   46792.367188   46792.367188
853    68.328827   46847.355469   46847.230469   46847.230469   46847.230469
854    68.408928   46902.210938   46902.082031   46902.082031   46902.082031
855    68.489037   46957.078125   46956.937500   46956.937500   46956.937500
856    68.569138   47011.941406   47011.792969   47011.792969   47011.792969
857    68.649246   47066.792969   47066.652344   47066.652344   47066.652344
858    68.729347   47121.648438   47121.507812   47121.507812   47121.507812
859    68.809448   47176.496094   47176.359375   47176.359375   47176.359375
860    68.889557   47231.347656   47231.214844   47231.214844   47231.214844
861    68.969658   47286.199219   47286.074219   47286.074219   47286.074219
862    69.049767   47341.066406   47340.929688   47340.929688   47340.929688
863    69.129868   47395.917969   47395.785156   47395.785156   47395.785156
864    69.209976   47450.757812   47450.648438   47450.648438   47450.648438
865    69.290077   47505.605469   47505.503906   47505.503906   47505.503906
866    69.370178   47560.468750   47560.363281   47560.363281   47560.363281
867    69.450287   47615.324219   47615.222656   47615.222656   47615.222656
868    69.530388   47670.175781   47670.082031   47670.082031   47670.082031
869    69.610497   47725.031250   47724.937500   47724.937500   47724.937500
870    69.690598   47779.890625   47779.792969   47779.792969   47779.792969
871    69.770699   47834.753906   47834.644531   47834.644531   47834.644531
872    69.850807   47889.613281   47889.503906   47889.503906   47889.503906
873    69.930908   47944.472656   47944.355469   47944.355469   47944.355469
874    70.011017   47999.324219   47999.210938   47999.210938   47999.210938
875    70.091118   48054.183594   48054.062500   48054.062500   48054.062500
876    70.171219   48109.035156   48108.914062   48108.914062   48108.914062
877    70.251328   48163.890625   48163.765625   48163.765625   48163.765625
878    70.331429   48218.742188   48218.628906   48218.628906   48218.628906
879    70.411537   48273.597656   48273.484375   48273.484375   48273.484375
880    70.491638   48328.449219   48328.339844   48328.339844   48328.339844
881    70.571739   48383.308594   48383.203125   48383.203125   48383.203125
882    70.651848   48438.175781   48438.058594   48438.058594   48438.058594
883    70.731949   48493.019531   48492.921875   48492.921875   48492.921875
884    70.812057   48547.878906   48547.777344   48547.777344   48547.777344
885    70.892159   48602.726562   48602.632812   48602.632812   48602.632812
886    70.972267   48657.578125   48657.484375   48657.484375   48657.484375
887    71.052368   48712.417969   48712.347656   48712.347656   48712.347656
888    71.132469   48767.281250   48767.199219   48767.199219   48767.199219
889    71.212578   48822.148438   48822.050781   48822.050781   48822.050781
890    71.292679   48877.007812   48876.906250   48876.906250   48876.906250
891    71.372787   48931.863281   48931.761719   48931.761719   48931.761719
892    71.452888   48986.726562   48986.621094   48986.621094   48986.621094
893    71.532990   49041.578125   49041.472656   49041.472656   49041.472656
894    71.613098   49096.433594   49096.328125   49096.328125   49096.328125
895    71.693199   49151.285156   49151.183594   49151.183594   49151.183594
896    71.773308   49206.136719   49206.042969   49206.042969   49206.042969
897    71.853409   49260.992188   49260.894531   49260.894531   49260.894531
898    71.933510   49315.847656   49315.746094   49315.746094   49315.746094
899    72.013618   49370.703125   49370.613281   49370.613281   49370.613281
900    72.093719   49425.550781   49425.464844   49425.464844   49425.464844
901    72.173828   49480.414062   49480.332031   49480.332031   49480.332031
902    72.253929   49535.269531   49535.187500   49535.187500   49535.187500
903    72.334030   49590.121094   49590.046875   49590.046875   49590.046875
904    72.414139   49644.976562   49644.898438   49644.898438   49644.898438
905    72.494240   49699.832031   49699.753906   49699.753906   49699.753906
906    72.574348   49754.687500   49754.609375   49754.609375   49754.609375
907    72.654449   49809.542969   49809.468750   49809.468750   49809.468750
908    72.734558   49864.394531   49864.324219   49864.324219   49864.324219
909    72.814659   49919.246094   49919.179688   49919.179688   49919.179688
910    72.894760   49974.097656   49974.039062   49974.039062   49974.039062
911    72.974869   50028.949219   50028.894531   50028.894531   50028.894531
912    73.054970   50083.796875   50083.757812   50083.757812   50083.757812
913    73.135078   50138.652344   50138.613281   50138.613281   50138.613281
914    73.215179   50193.507812   50193.468750   50193.468750   50193.468750
915    73.295280   50248.367188   50248.320312   50248.320312   50248.320312
916    73.375389   50303.218750   50303.171875   50303.171875   50303.171875
917    73.455490   50358.074219   50358.031250   50358.031250   50358.031250
918    73.535599   50412.925781   50412.894531   50412.894531   50412.894531
919    73.615700   50467.789062   50467.757812   50467.757812   50467.757812
920    73.695801   50522.648438   50522.609375   50522.609375   50522.609375
921    73.775909   50577.500000   50577.472656   50577.472656   50577.472656
922    73.856010   50632.359375   50632.324219   50632.324219   50632.324219
923    73.936119   50687.214844   50687.183594   50687.183594   50687.183594
924    74.016220   50742.066406   50742.042969   50742.042969   50742.042969
925    74.096321   50796.921875   50796.898438   50796.898438   50796.898438
926    74.176430   50851.773438   50851.750000   50851.750000   50851.750000
927    74.256531   50906.636719   50906.605469   50906.605469   50906.605469
928    74.336639   50961.492188   50961.449219   50961.449219   50961.449219
929    74.416740   51016.335938   51016.304688   51016.304688   51016.304688
930    74.496849   51071.187500   51071.156250   51071.156250   51071.156250
931    74.576950   51126.046875   51126.019531   51126.019531   51126.019531
932    74.657051   51180.914062   51180.871094   51180.871094   51180.871094
933    74.737160   51235.773438   51235.726562   51235.726562   51235.726562
934    74.817261   51290.632812   51290.578125   51290.578125   51290.578125
935    74.897369   51345.496094   51345.433594   51345.433594   51345.433594
936    74.977470   51400.347656   51400.292969   51400.292969   51400.292969
937    75.057571   51455.199219   51455.148438   51455.148438   51455.148438
938    75.137680   51510.062500   51510.003906   51510.003906   51510.003906
939    75.217781   51564.914062   51564.855469   51564.855469   51564.855469
940    75.297890   51619.765625   51619.714844   51619.714844   51619.714844
941    75.377991   51674.628906   51674.582031   51674.582031   51674.582031
942    75.458092   51729.492188   51729.433594   51729.433594   51729.433594
943    75.538200   51784.359375   51784.289062   51784.289062   51784.289062
944    75.618301   51839.222656   51839.144531   51839.144531   51839.144531
945    75.698410   51894.078125   51893.996094   51893.996094   51893.996094
946    75.778511   51948.949219   51948.859375   51948.859375   51948.859375
947    75.858612   52003.820312   52003.710938   52003.710938   52003.710938
948    75.938721   52058.679688   52058.578125   52058.578125   52058.578125
949    76.018822   52113.523438   52113.437500   52113.437500   52113.437500
950    76.098930   52168.386719   52168.292969   52168.292969   52168.292969
951    76.179031   52223.242188   52223.144531   52223.144531   52223.144531
952    76.259140   52278.101562   52278.000000   52278.000000   52278.000000
953    76.339241   52332.976562   52332.851562   52332.851562   52332.851562
954    76.419342   52387.832031   52387.699219   52387.699219   52387.699219
955    76.499451   52442.683594   52442.558594   52442.558594   52442.558594
956    76.579552   52497.546875   52497.421875   52497.421875   52497.421875
957    76.659660   52552.410156   52552.281250   52552.281250   52552.281250
958    76.739761   52607.253906   52607.136719   52607.136719   52607.136719
959    76.819862   52662.105469   52661.988281   52661.988281   52661.988281
960    76.899971   52716.972656   52716.839844   52716.839844   52716.839844
961    76.980072   52771.839844   52771.695312   52771.695312   52771.695312
962    77.060181   52826.707031   52826.550781   52826.550781   52826.550781
963    77.140282   52881.562500   52881.398438   52881.398438   52881.398438
964    77.220383   52936.425781   52936.250000   52936.250000   52936.250000
965    77.300491   52991.285156   52991.105469   52991.105469   52991.105469
966    77.380592   53046.144531   53045.964844   53045.964844   53045.964844
967    77.460701   53100.996094   53100.820312   53100.820312   53100.820312
968    77.540802   53155.847656   53155.675781   53155.675781   53155.675781
969    77.620903   53210.707031   53210.535156   53210.535156   53210.535156
970    77.701012   53265.566406   53265.390625   53265.390625   53265.390625
971    77.781113   53320.421875   53320.253906   53320.253906   53320.253906
972    77.861221   53375.289062   53375.109375   53375.109375   53375.109375
973    77.941322   53430.160156   53429.960938   53429.960938   53429.960938
974    78.021431   53485.007812   53484.820312   53484.820312   53484.820312
975    78.101532   53539.859375   53539.675781   53539.675781   53539.675781
976    78.181633   53594.722656   53594.527344   53594.527344   53594.527344
977    78.261742   53649.585938   53649.378906   53649.378906   53649.378906
978    78.341843   53704.449219   53704.238281   53704.238281   53704.238281
979    78.421951   53759.316406   53759.101562   53759.101562   53759.101562
980    78.502052   53814.179688   53813.953125   53813.953125   53813.953125
981    78.582153   53869.035156   53868.812500   53868.812500   53868.812500
982    78.662262   53923.906250   53923.671875   53923.671875   53923.671875
983    78.742363   53978.757812   53978.531250   53978.531250   53978.531250
984    78.822472   54033.621094   54033.382812   54033.382812   54033.382812
985    78.902573   54088.472656   54088.246094   54088.246094   54088.246094
986    78.982674   54143.332031   54143.097656   54143.097656   54143.097656
987    79.062782   54198.183594   54197.953125   54197.953125   54197.953125
988    79.142883   54253.042969   54252.816406   54252.816406   54252.816406
989    79.222992   54307.902344   54307.671875   54307.671875   54307.671875
990    79.303093   54362.753906   54362.523438   54362.523438   54362.523438
991    79.383194   54417.601562   54417.371094   54417.371094   54417.371094
992    79.463303   54472.457031   54472.226562   54472.226562   54472.226562
993    79.543404   54527.316406   54527.074219   54527.074219   54527.074219
994    79.623512   54582.183594   54581.937500   54581.937500   54581.937500
995    79.703613   54637.035156   54636.792969   54636.792969   54636.792969
996    79.783722   54691.886719   54691.648438   54691.648438   54691.648438
997    79.863823   54746.738281   54746.500000   54746.500000   54746.500000
998    79.943924   54801.597656   54801.359375   54801.359375   54801.359375
999    80.024033   54856.460938   54856.218750   54856.218750   54856.218750
1000   80.104134   54911.320312   54911.070312   54911.070312   54911.070312
1001   80.184242   54966.179688   54965.929688   54965.929688   54965.929688
1002   80.264343   55021.035156   55020.789062   55020.789062   55020.789062
1003   80.344444   55075.890625   55075.640625   55075.640625   55075.640625
1004   80.424553   55130.753906   55130.503906   55130.503906   55130.503906
1005   80.504654   55185.609375   55185.355469   55185.355469   55185.355469
1006   80.584763   55240.468750   55240.218750   55240.218750   55240.218750
1007   80.664864   55295.339844   55295.070312   55295.070312   55295.070312
1008   80.744965   55350.199219   55349.925781   55349.925781   55349.925781
1009   80.825073   55405.050781   55404.781250   55404.781250   55404.781250
1010   80.905174   55459.910156   55459.644531   55459.644531   55459.644531
1011   80.985283   55514.777344   55514.496094   55514.496094   55514.496094
1012   81.065384   55569.628906   55569.351562   55569.351562   55569.351562
1013   81.145485   55624.496094   55624.214844   55624.214844   55624.214844
1014   81.225594   55679.351562   55679.070312   55679.070312   55679.070312
1015   81.305695   55734.207031   55733.933594   55733.933594   55733.933594
1016   81.385803   55789.058594   55788.777344   55788.777344   55788.777344
1017   81.465904   55843.910156   55843.640625   55843.640625   55843.640625
1018   81.546013   55898.781250   55898.503906   55898.503906   55898.503906
1019   81.626114   55953.644531   55953.355469   55953.355469   55953.355469
1020   81.706215   56008.515625   56008.207031   56008.207031   56008.207031
1021   81.786324   56063.378906   56063.062500   56063.062500   56063.062500
1022   81.866425   56118.214844   56117.917969   56117.917969   56117.917969
1023   81.946533   56173.097656   56172.785156   56172.785156   56172.785156
1024   82.026634   56227.953125   56227.644531   56227.644531   56227.644531
1025   82.106735   56282.800781   56282.500000   56282.500000   56282.500000
1026   82.186844   56337.656250   56337.351562   56337.351562   56337.351562
1027   82.266945   56392.511719   56392.214844   56392.214844   56392.214844
1028   82.347054   56447.363281   56447.070312   56447.070312   56447.070312
1029   82.427155   56502.226562   56501.921875   56501.921875   56501.921875
1030   82.507256   56557.062500   56556.785156   56556.785156   56556.785156
1031   82.587364   56611.941406   56611.640625   56611.640625   56611.640625
1032   82.667465   56666.808594   56666.488281   56666.488281   56666.488281
1033   82.747574   56721.648438   56721.343750   56721.343750   56721.343750
1034   82.827675   56776.503906   56776.207031   56776.207031   56776.207031
1035   82.907784   56831.363281   56831.062500   56831.062500   56831.062500
1036   82.987885   56886.230469   56885.917969   56885.917969   56885.917969
1037   83.067986   56941.070312   56940.773438   56940.773438   56940.773438
1038   83.148094   56995.925781   56995.632812   56995.632812   56995.632812
1039   83.228195   57050.789062   57050.484375   57050.484375   57050.484375
1040   83.308304   57105.640625   57105.335938   57105.335938   57105.335938
1041   83.388405   57160.488281   57160.187500   57160.187500   57160.187500
1042   83.468506   57215.343750   57215.039062   57215.039062   57215.039062
1043   83.548615   57270.207031   57269.890625   57269.890625   57269.890625
1044   83.628716   57325.062500   57324.753906   57324.753906   57324.753906
1045   83.708824   57379.933594   57379.609375   57379.609375   57379.609375
1046   83.788925   57434.792969   57434.472656   57434.472656   57434.472656
1047   83.869026   57489.632812   57489.324219   57489.324219   57489.324219
1048   83.949135   57544.484375   57544.183594   57544.183594   57544.183594
1049   84.029236   57599.335938   57599.046875   57599.046875   57599.046875
1050   84.109344   57654.183594   57653.902344   57653.902344   57653.902344
1051   84.189445   57709.039062   57708.765625   57708.765625   57708.765625
1052   84.269547   57763.894531   57763.625000   57763.625000   57763.625000
1053   84.349655   57818.746094   57818.484375   57818.484375   57818.484375
1054   84.429756   57873.613281   57873.339844   57873.339844   57873.339844
1055   84.509865   57928.472656   57928.191406   57928.191406   57928.191406
1056   84.589966   57983.332031   57983.042969   57983.042969   57983.042969
1057   84.670074   58038.183594   58037.906250   58037.906250   58037.906250
1058   84.750175   58093.031250   58092.765625   58092.765625   58092.765625
1059   84.830276   58147.894531   58147.628906   58147.628906   58147.628906
1060   84.910385   58202.750000   58202.484375   58202.484375   58202.484375
1061   84.990486   58257.589844   58257.347656   58257.347656   58257.347656
1062   85.070595   58312.457031   58312.207031   58312.207031   58312.207031
1063   85.150696   58367.332031   58367.066406   58367.066406   58367.066406
1064   85.230797   58422.191406   58421.921875   58421.921875   58421.921875
1065   85.310905   58477.042969   58476.777344   58476.777344   58476.777344
1066   85.391006   58531.894531   58531.636719   58531.636719   58531.636719
1067   85.471115   58586.753906   58586.492188   58586.492188   58586.492188
1068   85.551216   58641.609375   58641.351562   58641.351562   58641.351562
1069   85.631317   58696.476562   58696.207031   58696.207031   58696.207031
1070   85.711426   58751.347656   58751.066406   58751.066406   58751.066406
1071   85.791527   58806.203125   58805.921875   58805.921875   58805.921875
1072   85.871635   58861.062500   58860.781250   58860.781250   58860.781250
1073   85.951736   58915.914062   58915.636719   58915.636719   58915.636719
1074   86.031837   58970.753906   58970.492188   58970.492188   58970.492188
1075   86.111946   59025.601562   59025.339844   59025.339844   59025.339844
1076   86.192047   59080.460938   59080.203125   59080.203125   59080.203125
1077   86.272156   59135.324219   59135.054688   59135.054688   59135.054688
1078   86.352257   59190.175781   59189.906250   59189.906250   59189.906250
1079   86.432365   59245.023438   59244.757812   59244.757812   59244.757812
1080   86.512466   59299.878906   59299.617188   59299.617188   59299.617188
1081   86.592567   59354.742188   59354.476562   59354.476562   59354.476562
1082   86.672676   59409.593750   59409.328125   59409.328125   59409.328125
1083   86.752777   59464.468750   59464.183594   59464.183594   59464.183594
1084   86.832886   59519.320312   59519.050781   59519.050781   59519.050781
1085   86.912987   59574.171875   59573.906250   59573.906250   59573.906250
1086   86.993088   59629.035156   59628.769531   59628.769531   59628.769531
1087   87.073196   59683.882812   59683.625000   59683.625000   59683.625000
1088   87.153297   59738.742188   59738.476562   59738.476562   59738.476562
1089   87.233406   59793.601562   59793.335938   59793.335938   59793.335938
1090   87.313507   59848.453125   59848.191406   59848.191406   59848.191406
1091   87.393608   59903.316406   59903.042969   59903.042969   59903.042969
1092   87.473717   59958.171875   59957.890625   59957.898438   59957.898438
1093   87.553818   60013.035156   60012.750000   60012.750000   60012.750000
1094   87.633926   60067.894531   60067.609375   60067.609375   60067.609375
1095   87.714027   60122.738281   60122.468750   60122.464844   60122.464844
1096   87.794128   60177.601562   60177.320312   60177.320312   60177.320312
1097   87.874237   60232.449219   60232.179688   60232.179688   60232.179688
1098   87.954338   60287.296875   60287.039062   60287.035156   60287.035156
1099   88.034447   60342.148438   60341.890625   60341.886719   60341.886719
1100   88.114548   60397.007812   60396.750000   60396.738281   60396.738281
1101   88.194656   60451.875000   60451.621094   60451.601562   60451.601562
1102   88.274757   60506.722656   60506.476562   60506.457031   60506.457031
1103   88.354858   60561.582031   60561.328125   60561.312500   60561.312500
1104   88.434967   60616.433594   60616.183594   60616.175781   60616.175781
1105   88.515068   60671.289062   60671.042969   60671.031250   60671.031250
1106   88.595177   60726.152344   60725.902344   60725.882812   60725.882812
1107   88.675278   60781.000000   60780.750000   60780.742188   60780.742188
1108   88.755379   60835.855469   60835.601562   60835.585938   60835.585938
1109   88.835487   60890.714844   60890.457031   60890.445312   60890.445312
1110   88.915588   60945.562500   60945.316406   60945.296875   60945.296875
1111   88.995697   61000.414062   61000.167969   61000.152344   61000.152344
1112   89.075798   61055.257812   61055.023438   61055.003906   61055.003906
1113   89.155899   61110.105469   61109.886719   61109.859375   61109.859375
1114   89.236008   61164.968750   61164.746094   61164.718750   61164.718750
1115   89.316109   61219.824219   61219.605469   61219.574219   61219.574219
1116   89.396217   61274.675781   61274.457031   61274.429688   61274.429688
1117   89.476318   61329.542969   61329.308594   61329.289062   61329.289062
1118   89.556419   61384.394531   61384.167969   61384.140625   61384.140625
1119   89.636528   61439.257812   61439.019531   61438.996094   61438.996094
1120   89.716629   61494.128906   61493.882812   61493.859375   61493.859375
1121   89.796738   61548.996094   61548.738281   61548.710938   61548.710938
1122   89.876839   61603.835938   61603.589844   61603.566406   61603.566406
1123   89.956947   61658.707031   61658.437500   61658.417969   61658.417969
1124   90.037048   61713.558594   61713.300781   61713.285156   61713.285156
1125   90.117149   61768.410156   61768.160156   61768.140625   61768.140625
1126   90.197258   61823.269531   61823.023438   61822.992188   61822.992188
1127   90.277359   61878.121094   61877.875000   61877.859375   61877.859375
1128   90.357468   61932.988281   61932.738281   61932.710938   61932.710938
1129   90.437569   61987.839844   61987.597656   61987.562500   61987.562500
1130   90.517670   62042.695312   62042.453125   62042.414062   62042.414062
1131   90.597778   62097.562500   62097.316406   62097.273438   62097.273438
1132   90.677879   62152.417969   62152.179688   62152.125000   62152.125000
1133   90.757988   62207.273438   62207.031250   62206.980469   62206.980469
1134   90.838089   62262.152344   62261.890625   62261.828125   62261.828125
1135   90.918190   62317.007812   62316.742188   62316.695312   62316.695312
1136   90.998299   62371.875000   62371.601562   62371.554688   62371.554688
1137   91.078400   62426.742188   62426.468750   62426.417969   62426.417969
1138   91.158508   62481.613281   62481.328125   62481.273438   62481.273438
1139   91.238609   62536.464844   62536.191406   62536.125000   62536.125000
1140   91.318710   62591.308594   62591.042969   62590.980469   62590.980469
1141   91.398819   62646.160156   62645.894531   62645.843750   62645.843750
1142   91.478920   62701.000000   62700.746094   62700.691406   62700.691406
1143   91.559029   62755.859375   62755.605469   62755.546875   62755.546875
1144   91.639130   62810.710938   62810.464844   62810.402344   62810.402344
1145   91.719238   62865.566406   62865.324219   62865.261719   62865.261719
1146   91.799339   62920.421875   62920.183594   62920.117188   62920.117188
1147   91.879440   62975.277344   62975.042969   62974.972656   62974.972656
1148   91.959549   63030.132812   63029.902344   63029.835938   63029.835938
1149   92.039650   63084.988281   63084.757812   63084.683594   63084.683594
1150   92.119759   63139.847656   63139.613281   63139.542969   63139.542969
1151   92.199860   63194.699219   63194.460938   63194.402344   63194.402344
1152   92.279961   63249.562500   63249.312500   63249.257812   63249.257812
1153   92.360069   63304.433594   63304.175781   63304.121094   63304.121094
1154   92.440170   63359.292969   63359.031250   63358.972656   63358.972656
1155   92.520279   63414.144531   63413.886719   63413.832031   63413.832031
1156   92.600380   63468.996094   63468.746094   63468.683594   63468.683594
1157   92.680481   63523.855469   63523.601562   63523.535156   63523.535156
1158   92.760590   63578.691406   63578.464844   63578.386719   63578.386719
1159   92.840691   63633.535156   63633.320312   63633.246094   63633.246094
1160   92.920799   63688.406250   63688.175781   63688.101562   63688.101562
1161   93.000900   63743.269531   63743.031250   63742.957031   63742.957031
1162   93.081001   63798.125000   63797.890625   63797.808594   63797.808594
1163   93.161110   63852.964844   63852.742188   63852.671875   63852.671875
1164   93.241211   63907.808594   63907.601562   63907.519531   63907.519531
1165   93.321320   63962.671875   63962.460938   63962.378906   63962.378906
1166   93.401421   64017.523438   64017.312500   64017.246094   64017.246094
1167   93.481529   64072.367188   64072.164062   64072.101562   64072.101562
1168   93.561630   64127.214844   64127.023438   64126.949219   64126.949219
1169   93.641731   64182.085938   64181.886719   64181.808594   64181.808594
1170   93.721840   64236.945312   64236.742188   64236.667969   64236.667969
1171   93.801941   64291.800781   64291.605469   64291.523438   64291.523438
1172   93.882050   64346.664062   64346.457031   64346.382812   64346.382812
1173   93.962151   64401.523438   64401.308594   64401.238281   64401.238281
1174   94.042252   64456.367188   64456.171875   64456.101562   64456.101562
1175   94.122360   64511.210938   64511.031250   64510.953125   64510.953125
1176   94.202461   64566.074219   64565.890625   64565.812500   64565.812500
1177   94.282570   64620.929688   64620.750000   64620.671875   64620.671875
1178   94.362671   64675.792969   64675.617188   64675.527344   64675.527344
1179   94.442772   64730.660156   64730.484375   64730.394531   64730.394531
1180   94.522881   64785.515625   64785.335938   64785.250000   64785.250000
1181   94.602982   64840.367188   64840.187500   64840.117188   64840.117188
1182   94.683090   64895.203125   64895.039062   64894.972656   64894.972656
1183   94.763191   64950.039062   64949.890625   64949.820312   64949.820312
1184   94.843292   65004.914062   65004.742188   65004.667969   65004.667969
1185   94.923401   65059.765625   65059.593750   65059.519531   65059.519531
1186   95.003502   65114.625000   65114.441406   65114.371094   65114.371094
1187   95.083611   65169.484375   65169.296875   65169.222656   65169.222656
1188   95.163712   65224.347656   65224.160156   65224.078125   65224.078125
1189   95.243820   65279.207031   65279.019531   65278.929688   65278.929688
1190   95.323921   65334.078125   65333.878906   65333.781250   65333.781250
1191   95.404022   65388.949219   65388.734375   65388.640625   65388.640625
1192   95.484131   65443.820312   65443.585938   65443.492188   65443.492188
1193   95.564232   65498.691406   65498.441406   65498.351562   65498.351562
1194   95.644341   65553.531250   65553.296875   65553.210938   65553.210938
1195   95.724442   65608.375000   65608.148438   65608.078125   65608.078125
1196   95.804543   65663.250000   65663.007812   65662.937500   65662.937500
1197   95.884651   65718.101562   65717.859375   65717.796875   65717.796875
1198   95.964752   65772.945312   65772.718750   65772.648438   65772.648438
1199   96.044861   65827.820312   65827.570312   65827.507812   65827.507812
1200   96.124962   65882.671875   65882.437500   65882.367188   65882.367188
1201   96.205063   65937.523438   65937.281250   65937.218750   65937.218750
1202   96.285172   65992.367188   65992.140625   65992.070312   65992.070312
1203   96.365273   66047.218750   66047.007812   66046.929688   66046.929688
1204   96.445381   66102.046875   66101.859375   66101.789062   66101.789062
1205   96.525482   66156.914062   66156.726562   66156.640625   66156.640625
1206   96.605583   66211.789062   66211.578125   66211.500000   66211.500000
1207   96.685692   66266.625000   66266.437500   66266.351562   66266.351562
1208   96.765793   66321.484375   66321.296875   66321.210938   66321.210938
1209   96.845901   66376.312500   66376.148438   66376.070312   66376.070312
1210   96.926003   66431.179688   66431.007812   66430.921875   66430.921875
1211   97.006111   66486.039062   66485.859375   66485.781250   66485.781250
1212   97.086212   66540.882812   66540.710938   66540.640625   66540.640625
1213   97.166313   66595.734375   66595.562500   66595.500000   66595.500000
1214   97.246422   66650.585938   66650.429688   66650.351562   66650.351562
1215   97.326523   66705.437500   66705.289062   66705.203125   66705.203125
1216   97.406631   66760.296875   66760.140625   66760.054688   66760.054688
1217   97.486732   66815.164062   66815.000000   66814.906250   66814.906250
1218   97.566833   66870.015625   66869.859375   66869.765625   66869.765625
1219   97.646942   66924.867188   66924.718750   66924.625000   66924.625000
1220   97.727043   66979.726562   66979.578125   66979.476562   66979.476562
1221   97.807152   67034.578125   67034.429688   67034.328125   67034.328125
1222   97.887253   67089.421875   67089.281250   67089.187500   67089.187500
1223   97.967354   67144.281250   67144.132812   67144.046875   67144.046875
1224   98.047462   67199.132812   67199.000000   67198.898438   67198.898438
1225   98.127563   67253.992188   67253.851562   67253.750000   67253.750000
1226   98.207672   67308.851562   67308.703125   67308.601562   67308.601562
1227   98.287773   67363.703125   67363.562500   67363.453125   67363.453125
1228   98.367874   67418.554688   67418.421875   67418.312500   67418.312500
1229   98.447983   67473.414062   67473.273438   67473.164062   67473.164062
1230   98.528084   67528.281250   67528.132812   67528.023438   67528.023438
1231   98.608192   67583.132812   67582.992188   67582.875000   67582.875000
1232   98.688293   67637.992188   67637.843750   67637.726562   67637.726562
1233   98.768402   67692.843750   67692.710938   67692.585938   67692.585938
1234   98.848503   67747.703125   67747.570312   67747.445312   67747.445312
1235   98.928604   67802.562500   67802.421875   67802.304688   67802.304688
1236   99.008713   67857.445312   67857.273438   67857.148438   67857.148438
1237   99.088814   67912.296875   67912.140625   67912.007812   67912.007812
1238   99.168922   67967.164062   67967.000000   67966.859375   67966.859375
1239   99.249023   68022.015625   68021.851562   68021.718750   68021.718750
1240   99.329124   68076.875000   68076.710938   68076.570312   68076.570312
1241   99.409233   68131.734375   68131.562500   68131.421875   68131.421875
1242   99.489334   68186.609375   68186.421875   68186.273438   68186.273438
1243   99.569443   68241.460938   68241.281250   68241.132812   68241.132812
1244   99.649544   68296.328125   68296.132812   68295.992188   68295.992188
1245   99.729645   68351.179688   68350.992188   68350.859375   68350.859375
1246   99.809753   68406.046875   68405.851562   68405.718750   68405.718750
1247   99.889854   68460.914062   68460.710938   68460.578125   68460.578125
1248   99.969963   68515.773438   68515.570312   68515.429688   68515.429688
1249  100.050064   68570.617188   68570.421875   68570.281250   68570.281250
1250  100.130165   68625.476562   68625.273438   68625.140625   68625.140625
1251  100.210274   68680.343750   68680.132812   68680.007812   68680.007812
1252  100.290375   68735.203125   68734.992188   68734.859375   68734.859375
1253  100.370483   68790.062500   68789.843750   68789.710938   68789.710938
1254  100.450584   68844.929688   68844.703125   68844.570312   68844.570312
1255  100.530693   68899.781250   68899.562500   68899.421875   68899.421875
1256  100.610794   68954.632812   68954.421875   68954.289062   68954.289062
1257  100.690895   69009.476562   69009.281250   69009.148438   69009.148438
1258  100.771004   69064.328125   69064.132812   69064.000000   69064.000000
1259  100.851105   69119.187500   69118.984375   69118.851562   69118.851562
1260  100.931213   69174.039062   69173.843750   69173.718750   69173.718750
1261  101.011314   69228.906250   69228.695312   69228.578125   69228.578125
1262  101.091415   69283.773438   69283.554688   69283.437500   69283.437500
1263  101.171524   69338.648438   69338.414062   69338.289062   69338.289062
1264  101.251625   69393.507812   69393.273438   69393.148438   69393.148438
1265  101.331734   69448.351562   69448.125000   69448.000000   69448.000000
1266  101.411835   69503.203125   69502.984375   69502.859375   69502.859375
1267  101.491936   69558.062500   69557.843750   69557.718750   69557.718750
1268  101.572044   69612.914062   69612.695312   69612.570312   69612.570312
1269  101.652145   69667.781250   69667.554688   69667.421875   69667.421875
1270  101.732254   69722.632812   69722.421875   69722.281250   69722.281250
1271  101.812355   69777.500000   69777.273438   69777.132812   69777.132812
1272  101.892456   69832.351562   69832.125000   69831.992188   69831.992188
1273  101.972565   69887.210938   69886.984375   69886.843750   69886.843750
1274  102.052666   69942.062500   69941.843750   69941.695312   69941.695312
1275  102.132774   69996.921875   69996.695312   69996.546875   69996.546875
1276  102.212875   70051.773438   70051.546875   70051.406250   70051.406250
1277  102.292984   70106.632812   70106.398438   70106.265625   70106.265625
1278  102.373085   70161.507812   70161.257812   70161.125000   70161.125000
1279  102.453186   70216.359375   70216.117188   70215.992188   70215.992188
1280  102.533295   70271.218750   70270.960938   70270.843750   70270.843750
1281  102.613396   70326.070312   70325.820312   70325.695312   70325.695312
1282  102.693504   70380.945312   70380.679688   70380.546875   70380.546875
1283  102.773605   70435.804688   70435.531250   70435.414062   70435.414062
1284  102.853706   70490.671875   70490.382812   70490.265625   70490.265625
1285  102.933815   70545.539062   70545.234375   70545.117188   70545.117188
1286  103.013916   70600.390625   70600.085938   70599.976562   70599.976562
1287  103.094025   70655.242188   70654.945312   70654.835938   70654.835938
1288  103.174126   70710.078125   70709.796875   70709.687500   70709.687500
1289  103.254227   70764.929688   70764.656250   70764.539062   70764.539062
1290  103.334335   70819.773438   70819.515625   70819.390625   70819.390625
1291  103.414436   70874.640625   70874.367188   70874.242188   70874.242188
1292  103.494545   70929.507812   70929.218750   70929.093750   70929.093750
1293  103.574646   70984.382812   70984.078125   70983.953125   70983.953125
1294  103.654747   71039.234375   71038.929688   71038.812500   71038.812500
1295  103.734856   71094.101562   71093.789062   71093.679688   71093.679688
1296  103.814957   71148.968750   71148.648438   71148.539062   71148.539062
1297  103.895065   71203.843750   71203.500000   71203.398438   71203.398438
1298  103.975166   71258.710938   71258.359375   71258.250000   71258.250000
1299  104.055275   71313.562500   71313.210938   71313.101562   71313.101562
1300  104.135376   71368.414062   71368.070312   71367.968750   71367.968750
1301  104.215477   71423.242188   71422.929688   71422.828125   71422.828125
1302  104.295586   71478.109375   71477.789062   71477.687500   71477.687500
1303  104.375687   71532.976562   71532.640625   71532.539062   71532.539062
1304  104.455795   71587.835938   71587.507812   71587.390625   71587.390625
1305  104.535896   71642.687500   71642.359375   71642.242188   71642.242188
1306  104.615997   71697.570312   71697.210938   71697.101562   71697.101562
1307  104.696106   71752.421875   71752.085938   71751.945312   71751.945312
1308  104.776207   71807.281250   71806.937500   71806.796875   71806.796875
1309  104.856316   71862.125000   71861.789062   71861.640625   71861.640625
1310  104.936417   71917.007812   71916.640625   71916.500000   71916.500000
1311  105.016518   71971.859375   71971.507812   71971.351562   71971.351562
1312  105.096626   72026.718750   72026.359375   72026.218750   72026.218750
1313  105.176727   72081.585938   72081.210938   72081.078125   72081.078125
1314  105.256836   72136.429688   72136.062500   72135.937500   72135.937500
1315  105.336937   72191.289062   72190.921875   72190.796875   72190.796875
1316  105.417038   72246.164062   72245.773438   72245.656250   72245.656250
1317  105.497147   72301.015625   72300.617188   72300.515625   72300.515625
1318  105.577248   72355.867188   72355.476562   72355.382812   72355.382812
1319  105.657356   72410.718750   72410.343750   72410.250000   72410.250000
1320  105.737457   72465.562500   72465.195312   72465.093750   72465.093750
1321  105.817566   72520.414062   72520.046875   72519.937500   72519.937500
1322  105.897667   72575.281250   72574.906250   72574.796875   72574.796875
1323  105.977768   72630.125000   72629.765625   72629.648438   72629.648438
1324  106.057877   72684.984375   72684.625000   72684.507812   72684.507812
1325  106.137978   72739.843750   72739.492188   72739.359375   72739.359375
1326  106.218086   72794.687500   72794.351562   72794.226562   72794.226562
1327  106.298187   72849.539062   72849.210938   72849.085938   72849.085938
1328  106.378288   72904.382812   72904.070312   72903.937500   72903.937500
1329  106.458397   72959.234375   72958.929688   72958.781250   72958.781250
1330  106.538498   73014.070312   73013.789062   73013.640625   73013.640625
1331  106.618607   73068.937500   73068.656250   73068.492188   73068.492188
1332  106.698708   73123.804688   73123.523438   73123.343750   73123.343750
1333  106.778809   73178.656250   73178.382812   73178.210938   73178.210938
1334  106.858917   73233.507812   73233.242188   73233.054688   73233.054688
1335  106.939018   73288.367188   73288.093750   73287.914062   73287.914062
1336  107.019127   73343.226562   73342.960938   73342.765625   73342.765625
1337  107.099228   73398.085938   73397.820312   73397.625000   73397.625000
1338  107.179329   73452.945312   73452.679688   73452.484375   73452.484375
1339  107.259438   73507.789062   73507.531250   73507.335938   73507.335938
1340  107.339539   73562.640625   73562.390625   73562.203125   73562.203125
1341  107.419647   73617.492188   73617.250000   73617.062500   73617.062500
1342  107.499748   73672.351562   73672.101562   73671.921875   73671.921875
1343  107.579857   73727.218750   73726.953125   73726.781250   73726.781250
1344  107.659958   73782.070312   73781.804688   73781.632812   73781.632812
1345  107.740059   73836.921875   73836.656250   73836.492188   73836.492188
1346  107.820168   73891.789062   73891.515625   73891.328125   73891.328125
1347  107.900269   73946.625000   73946.367188   73946.187500   73946.187500
1348  107.980377   74001.484375   74001.218750   74001.039062   74001.039062
1349  108.060478   74056.343750   74056.070312   74055.898438   74055.898438
1350  108.140579   74111.203125   74110.929688   74110.750000   74110.750000
1351  108.220688   74166.054688   74165.789062   74165.601562   74165.601562
1352  108.300789   74220.929688   74220.648438   74220.460938   74220.460938
1353  108.380898   74275.789062   74275.492188   74275.320312   74275.320312
1354  108.460999   74330.648438   74330.351562   74330.171875   74330.171875
1355  108.541100   74385.500000   74385.210938   74385.031250   74385.031250
1356  108.621208   74440.375000   74440.062500   74439.890625   74439.890625
1357  108.701309   74495.234375   74494.921875   74494.742188   74494.742188
1358  108.781418   74550.078125   74549.773438   74549.601562   74549.601562
1359  108.861519   74604.929688   74604.640625   74604.445312   74604.445312
1360  108.941620   74659.773438   74659.492188   74659.312500   74659.312500
1361  109.021729   74714.632812   74714.343750   74714.164062   74714.164062
1362  109.101830   74769.500000   74769.195312   74769.023438   74769.023438
1363  109.181938   74824.351562   74824.062500   74823.890625   74823.890625
1364  109.262039   74879.218750   74878.906250   74878.742188   74878.742188
1365  109.342148   74934.078125   74933.765625   74933.593750   74933.593750
1366  109.422249   74988.921875   74988.632812   74988.453125   74988.453125
1367  109.502350   75043.789062   75043.484375   75043.304688   75043.304688
1368  109.582458   75098.656250   75098.335938   75098.164062   75098.164062
1369  109.662560   75153.507812   75153.203125   75153.015625   75153.015625
1370  109.742668   75208.375000   75208.054688   75207.875000   75207.875000
1371  109.822769   75263.234375   75262.906250   75262.726562   75262.726562
1372  109.902870   75318.093750   75317.757812   75317.578125   75317.578125
1373  109.982979   75372.929688   75372.617188   75372.437500   75372.429688
1374  110.063080   75427.789062   75427.476562   75427.296875   75427.281250
1375  110.143188   75482.664062   75482.328125   75482.156250   75482.132812
1376  110.223289   75537.539062   75537.187500   75537.000000   75536.984375
1377  110.303391   75592.390625   75592.046875   75591.867188   75591.851562
1378  110.383499   75647.257812   75646.890625   75646.718750   75646.703125
1379  110.463600   75702.101562   75701.750000   75701.570312   75701.562500
1380  110.543709   75756.945312   75756.601562   75756.429688   75756.421875
1381  110.623810   75811.804688   75811.445312   75811.289062   75811.281250
1382  110.703911   75866.648438   75866.296875   75866.140625   75866.132812
1383  110.784019   75921.531250   75921.156250   75920.992188   75921.000000
1384  110.864120   75976.390625   75976.015625   75975.859375   75975.851562
1385  110.944229   76031.250000   76030.867188   76030.710938   76030.710938
1386  111.024330   76086.101562   76085.726562   76085.570312   76085.570312
1387  111.104439   76140.937500   76140.578125   76140.421875   76140.437500
1388  111.184540   76195.804688   76195.429688   76195.281250   76195.289062
1389  111.264641   76250.656250   76250.296875   76250.132812   76250.140625
1390  111.344749   76305.507812   76305.148438   76304.992188   76304.992188
1391  111.424850   76360.375000   76360.007812   76359.859375   76359.851562
1392  111.504959   76415.242188   76414.867188   76414.718750   76414.703125
1393  111.585060   76470.093750   76469.734375   76469.578125   76469.562500
1394  111.665161   76524.921875   76524.601562   76524.429688   76524.429688
1395  111.745270   76579.765625   76579.453125   76579.296875   76579.289062
1396  111.825371   76634.648438   76634.304688   76634.164062   76634.132812
1397  111.905479   76689.531250   76689.164062   76689.015625   76688.992188
1398  111.985580   76744.382812   76744.023438   76743.867188   76743.843750
1399  112.065681   76799.242188   76798.882812   76798.718750   76798.703125
1400  112.145790   76854.101562   76853.742188   76853.578125   76853.554688
1401  112.225891   76908.992188   76908.609375   76908.421875   76908.414062
1402  112.306000   76963.843750   76963.453125   76963.289062   76963.265625
1403  112.386101   77018.695312   77018.304688   77018.140625   77018.125000
1404  112.466202   77073.562500   77073.171875   77072.992188   77072.976562
1405  112.546310   77128.390625   77128.031250   77127.843750   77127.843750
1406  112.626411   77183.250000   77182.875000   77182.695312   77182.695312
1407  112.706520   77238.125000   77237.742188   77237.554688   77237.562500
1408  112.786621   77292.984375   77292.593750   77292.414062   77292.414062
1409  112.866730   77347.859375   77347.460938   77347.265625   77347.265625
1410  112.946831   77402.710938   77402.328125   77402.132812   77402.125000
1411  113.026932   77457.554688   77457.187500   77456.992188   77456.968750
1412  113.107040   77512.429688   77512.039062   77511.851562   77511.820312
1413  113.187141   77567.289062   77566.898438   77566.695312   77566.687500
1414  113.267250   77622.156250   77621.750000   77621.546875   77621.539062
1415  113.347351   77677.015625   77676.601562   77676.390625   77676.406250
1416  113.427452   77731.851562   77731.437500   77731.250000   77731.265625
1417  113.507561   77786.695312   77786.304688   77786.101562   77786.117188
1418  113.587662   77841.562500   77841.171875   77840.968750   77840.968750
1419  113.667770   77896.453125   77896.023438   77895.820312   77895.828125
1420  113.747871   77951.304688   77950.882812   77950.671875   77950.679688
1421  113.827972   78006.171875   78005.742188   78005.531250   78005.546875
1422  113.908081   78061.046875   78060.593750   78060.382812   78060.406250
1423  113.988182   78115.890625   78115.453125   78115.250000   78115.265625
1424  114.068291   78170.757812   78170.304688   78170.101562   78170.109375
1425  114.148392   78225.593750   78225.164062   78224.960938   78224.968750
1426  114.228493   78280.460938   78280.023438   78279.820312   78279.828125
1427  114.308601   78335.320312   78334.882812   78334.679688   78334.679688
1428  114.388702   78390.171875   78389.718750   78389.539062   78389.539062
1429  114.468811   78445.031250   78444.570312   78444.398438   78444.382812
1430  114.548912   78499.890625   78499.429688   78499.257812   78499.234375
1431  114.629021   78554.750000   78554.281250   78554.109375   78554.085938
1432  114.709122   78609.601562   78609.140625   78608.960938   78608.945312
1433  114.789223   78664.460938   78664.000000   78663.820312   78663.796875
1434  114.869331   78719.304688   78718.859375   78718.679688   78718.648438
1435  114.949432   78774.171875   78773.710938   78773.539062   78773.500000
1436  115.029541   78829.023438   78828.585938   78828.406250   78828.351562
1437  115.109642   78883.890625   78883.445312   78883.265625   78883.210938
1438  115.189743   78938.742188   78938.304688   78938.125000   78938.070312
1439  115.269852   78993.609375   78993.164062   78992.984375   78992.937500
1440  115.349953   79048.445312   79048.023438   79047.843750   79047.789062
1441  115.430061   79103.312500   79102.875000   79102.695312   79102.648438
1442  115.510162   79158.148438   79157.726562   79157.554688   79157.507812
1443  115.590263   79213.000000   79212.593750   79212.406250   79212.375000
1444  115.670372   79267.882812   79267.445312   79267.265625   79267.226562
1445  115.750473   79322.742188   79322.296875   79322.117188   79322.085938
1446  115.830582   79377.601562   79377.148438   79376.968750   79376.937500
1447  115.910683   79432.460938   79432.007812   79431.828125   79431.796875
1448  115.990784   79487.320312   79486.867188   79486.679688   79486.648438
1449  116.070892   79542.179688   79541.734375   79541.539062   79541.507812
1450  116.150993   79597.031250   79596.578125   79596.398438   79596.367188
1451  116.231102   79651.890625   79651.429688   79651.257812   79651.218750
1452  116.311203   79706.757812   79706.289062   79706.109375   79706.070312
1453  116.391312   79761.617188   79761.156250   79760.968750   79760.921875
1454  116.471413   79816.468750   79816.015625   79815.812500   79815.773438
1455  116.551514   79871.320312   79870.875000   79870.671875   79870.640625
1456  116.631622   79926.179688   79925.734375   79925.531250   79925.500000
1457  116.711723   79981.046875   79980.585938   79980.398438   79980.351562
1458  116.791832   80035.906250   80035.453125   80035.250000   80035.210938
1459  116.871933   80090.750000   80090.320312   80090.117188   80090.070312
1460  116.952034   80145.593750   80145.179688   80144.968750   80144.921875
1461  117.032143   80200.453125   80200.039062   80199.820312   80199.773438
1462  117.112244   80255.296875   80254.890625   80254.671875   80254.625000
1463  117.192352   80310.148438   80309.750000   80309.539062   80309.484375
1464  117.272453   80365.007812   80364.609375   80364.390625   80364.335938
1465  117.352554   80419.851562   80419.460938   80419.242188   80419.187500
1466  117.432663   80474.703125   80474.312500   80474.093750   80474.039062
1467  117.512764   80529.585938   80529.171875   80528.945312   80528.882812
1468  117.592873   80584.421875   80584.031250   80583.804688   80583.734375
1469  117.672974   80639.289062   80638.882812   80638.664062   80638.593750
1470  117.753075   80694.156250   80693.750000   80693.523438   80693.453125
1471  117.833183   80749.023438   80748.609375   80748.390625   80748.296875
1472  117.913284   80803.898438   80803.468750   80803.242188   80803.156250
1473  117.993393   80858.750000   80858.304688   80858.101562   80858.000000
1474  118.073494   80913.609375   80913.179688   80912.960938   80912.859375
1475  118.153603   80968.476562   80968.039062   80967.820312   80967.718750
1476  118.233704   81023.320312   81022.890625   81022.679688   81022.570312
1477  118.313805   81078.179688   81077.742188   81077.531250   81077.437500
1478  118.393913   81133.031250   81132.593750   81132.382812   81132.289062
1479  118.474014   81187.882812   81187.460938   81187.250000   81187.156250
1480  118.554123   81242.734375   81242.312500   81242.101562   81242.000000
1481  118.634224   81297.609375   81297.164062   81296.960938   81296.851562
1482  118.714325   81352.453125   81352.015625   81351.820312   81351.710938
1483  118.794434   81407.296875   81406.882812   81406.679688   81406.570312
1484  118.874535   81462.164062   81461.734375   81461.539062   81461.421875
1485  118.954643   81517.023438   81516.585938   81516.406250   81516.273438
1486  119.034744   81571.890625   81571.429688   81571.257812   81571.132812
1487  119.114845   81626.750000   81626.273438   81626.109375   81625.984375
1488  119.194954   81681.601562   81681.125000   81680.960938   81680.851562
1489  119.275055   81736.453125   81735.976562   81735.812500   81735.703125
1490  119.355164   81791.304688   81790.835938   81790.679688   81790.562500
1491  119.435265   81846.148438   81845.687500   81845.531250   81845.421875
1492  119.515366   81901.031250   81900.546875   81900.382812   81900.289062
1493  119.595474   81955.890625   81955.406250   81955.234375   81955.140625
1494  119.675575   82010.757812   82010.257812   82010.093750   82010.000000
1495  119.755684   82065.609375   82065.109375   82064.937500   82064.859375
1496  119.835785   82120.476562   82119.960938   82119.796875   82119.710938
1497  119.915894   82175.320312   82174.828125   82174.656250   82174.570312
1498  119.995995   82230.171875   82229.695312   82229.523438   82229.437500
1499  120.076096   82285.031250   82284.554688   82284.375000   82284.304688
1500  120.156204   82339.882812   82339.421875   82339.226562   82339.156250
1501  120.236305   82394.734375   82394.273438   82394.078125   82394.007812
1502  120.316414   82449.625000   82449.140625   82448.929688   82448.851562
1503  120.396515   82504.476562   82504.007812   82503.804688   82503.710938
1504  120.476616   82559.335938   82558.867188   82558.664062   82558.570312
1505  120.556725   82614.203125   82613.726562   82613.515625   82613.414062
1506  120.636826   82669.062500   82668.593750   82668.390625   82668.281250
1507  120.716934   82723.929688   82723.453125   82723.250000   82723.132812
1508  120.797035   82778.781250   82778.312500   82778.117188   82777.992188
1509  120.877136   82833.648438   82833.171875   82832.968750   82832.851562
1510  120.957245   82888.500000   82888.031250   82887.828125   82887.710938
1511  121.037346   82943.351562   82942.890625   82942.679688   82942.570312
1512  121.117455   82998.203125   82997.773438   82997.531250   82997.429688
1513  121.197556   83053.070312   83052.632812   83052.390625   83052.281250
1514  121.277657   83107.937500   83107.476562   83107.242188   83107.140625
1515  121.357765   83162.789062   83162.351562   83162.093750   83161.992188
1516  121.437866   83217.640625   83217.210938   83216.953125   83216.851562
1517  121.517975   83272.507812   83272.078125   83271.804688   83271.710938
1518  121.598076   83327.351562   83326.937500   83326.664062   83326.562500
1519  121.678185   83382.203125   83381.781250   83381.507812   83381.429688
1520  121.758286   83437.078125   83436.640625   83436.359375   83436.281250
1521  121.838387   83491.914062   83491.484375   83491.203125   83491.132812
1522  121.918495   83546.781250   83546.343750   83546.070312   83545.984375
1523  121.998596   83601.648438   83601.195312   83600.929688   83600.843750
1524  122.078705   83656.484375   83656.062500   83655.796875   83655.695312
1525  122.158806   83711.351562   83710.921875   83710.648438   83710.554688
1526  122.238907   83766.203125   83765.773438   83765.507812   83765.406250
1527  122.319016   83821.062500   83820.648438   83820.367188   83820.257812
1528  122.399117   83875.890625   83875.515625   83875.218750   83875.125000
1529  122.479225   83930.765625   83930.359375   83930.070312   83929.992188
1530  122.559326   83985.632812   83985.210938   83984.921875   83984.851562
1531  122.639427   84040.500000   84040.070312   84039.781250   84039.695312
1532  122.719536   84095.367188   84094.921875   84094.640625   84094.546875
1533  122.799637   84150.234375   84149.804688   84149.500000   84149.390625
1534  122.879745   84205.101562   84204.656250   84204.359375   84204.257812
1535  122.959846   84259.953125   84259.507812   84259.210938   84259.101562
1536  123.039948   84314.804688   84314.359375   84314.070312   84313.968750
1537  123.120056   84369.679688   84369.218750   84368.929688   84368.828125
1538  123.200157   84424.546875   84424.062500   84423.796875   84423.687500
1539  123.280266   84479.390625   84478.929688   84478.640625   84478.539062
1540  123.360367   84534.242188   84533.804688   84533.500000   84533.398438
1541  123.440475   84589.109375   84588.664062   84588.343750   84588.265625
1542  123.520576   84643.984375   84643.531250   84643.203125   84643.125000
1543  123.600677   84698.812500   84698.375000   84698.054688   84697.976562
1544  123.680786   84753.664062   84753.242188   84752.906250   84752.835938
1545  123.760887   84808.554688   84808.101562   84807.757812   84807.695312
1546  123.840996   84863.398438   84862.960938   84862.617188   84862.546875
1547  123.921097   84918.234375   84917.828125   84917.476562   84917.406250
1548  124.001198   84973.093750   84972.671875   84972.328125   84972.257812
1549  124.081306   85027.976562   85027.539062   85027.195312   85027.117188
1550  124.161407   85082.835938   85082.382812   85082.046875   85081.984375
1551  124.241516   85137.695312   85137.242188   85136.914062   85136.828125
1552  124.321617   85192.562500   85192.117188   85191.757812   85191.687500
1553  124.401718   85247.429688   85246.976562   85246.617188   85246.554688
1554  124.481827   85302.289062   85301.835938   85301.468750   85301.414062
1555  124.561928   85357.117188   85356.695312   85356.328125   85356.265625
1556  124.642036   85411.976562   85411.554688   85411.187500   85411.132812
1557  124.722137   85466.820312   85466.414062   85466.039062   85465.984375
1558  124.802246   85521.656250   85521.281250   85520.898438   85520.835938
1559  124.882347   85576.515625   85576.148438   85575.757812   85575.695312
1560  124.962448   85631.375000   85631.000000   85630.601562   85630.562500
1561  125.042557   85686.218750   85685.859375   85685.460938   85685.429688
1562  125.122658   85741.085938   85740.718750   85740.328125   85740.289062
1563  125.202766   85795.976562   85795.570312   85795.179688   85795.156250
1564  125.282867   85850.820312   85850.421875   85850.046875   85850.007812
1565  125.362968   85905.679688   85905.265625   85904.906250   85904.867188
1566  125.443077   85960.531250   85960.132812   85959.750000   85959.710938
1567  125.523178   86015.398438   86014.968750   86014.609375   86014.570312
1568  125.603287   86070.234375   86069.828125   86069.476562   86069.429688
1569  125.683388   86125.085938   86124.679688   86124.335938   86124.281250
1570  125.763489   86179.929688   86179.539062   86179.179688   86179.148438
1571  125.843597   86234.765625   86234.398438   86234.039062   86234.007812
1572  125.923698   86289.625000   86289.250000   86288.890625   86288.859375
1573  126.003807   86344.468750   86344.109375   86343.757812   86343.710938
1574  126.083908   86399.335938   86398.945312   86398.609375   86398.554688
1575  126.164009   86454.171875   86453.812500   86453.460938   86453.414062
1576  126.244118   86509.031250   86508.671875   86508.320312   86508.273438
1577  126.324219   86563.875000   86563.523438   86563.164062   86563.125000
1578  126.404327   86618.726562   86618.382812   86618.015625   86617.984375
1579  126.484428   86673.578125   86673.226562   86672.867188   86672.843750
1580  126.564537   86728.445312   86728.078125   86727.734375   86727.695312
1581  126.644638   86783.281250   86782.945312   86782.593750   86782.562500
1582  126.724739   86838.148438   86837.796875   86837.453125   86837.421875
1583  126.804848   86893.007812   86892.648438   86892.304688   86892.273438
1584  126.884949   86947.867188   86947.492188   86947.156250   86947.132812
1585  126.965057   87002.718750   87002.359375   87002.007812   87001.992188
1586  127.045158   87057.585938   87057.226562   87056.867188   87056.843750
1587  127.125259   87112.437500   87112.070312   87111.726562   87111.695312
1588  127.205368   87167.289062   87166.937500   87166.578125   87166.562500
1589  127.285469   87222.148438   87221.796875   87221.429688   87221.414062
1590  127.365578   87276.992188   87276.664062   87276.281250   87276.273438
1591  127.445679   87331.843750   87331.500000   87331.140625   87331.132812
1592  127.525780   87386.687500   87386.367188   87386.000000   87385.984375
1593  127.605888   87441.546875   87441.226562   87440.851562   87440.843750
1594  127.685989   87496.398438   87496.078125   87495.703125   87495.703125
1595  127.766098   87551.250000   87550.937500   87550.554688   87550.570312
1596  127.846199   87606.093750   87605.781250   87605.414062   87605.421875
1597  127.926300   87660.953125   87660.632812   87660.273438   87660.289062
1598  128.006409   87715.796875   87715.500000   87715.117188   87715.140625
1599  128.086517   87770.671875   87770.343750   87769.976562   87770.015625
1600  128.166611   87825.531250   87825.203125   87824.843750   87824.867188
1601  128.246719   87880.390625   87880.054688   87879.687500   87879.734375
1602  128.326828   87935.234375   87934.906250   87934.546875   87934.593750
1603  128.406921   87990.109375   87989.757812   87989.398438   87989.437500
1604  128.487030   88044.960938   88044.640625   88044.257812   88044.296875
1605  128.567139   88099.804688   88099.484375   88099.101562   88099.156250
1606  128.647247   88154.648438   88154.343750   88153.960938   88154.007812
1607  128.727341   88209.531250   88209.195312   88208.820312   88208.859375
1608  128.807449   88264.406250   88264.054688   88263.671875   88263.710938
1609  128.887558   88319.265625   88318.898438   88318.531250   88318.578125
1610  128.967651   88374.109375   88373.765625   88373.375000   88373.437500
1611  129.047760   88428.984375   88428.617188   88428.234375   88428.296875
1612  129.127869   88483.835938   88483.484375   88483.078125   88483.148438
1613  129.207977   88538.687500   88538.335938   88537.937500   88538.000000
1614  129.288071   88593.539062   88593.195312   88592.796875   88592.851562
1615  129.368179   88648.414062   88648.062500   88647.648438   88647.718750
1616  129.448288   88703.257812   88702.929688   88702.515625   88702.570312
1617  129.528381   88758.109375   88757.773438   88757.367188   88757.421875
1618  129.608490   88812.945312   88812.640625   88812.218750   88812.281250
1619  129.688599   88867.781250   88867.507812   88867.078125   88867.140625
1620  129.768692   88922.664062   88922.359375   88921.937500   88921.992188
1621  129.848801   88977.500000   88977.218750   88976.781250   88976.851562
1622  129.928909   89032.351562   89032.078125   89031.648438   89031.710938
1623  130.009018   89087.218750   89086.921875   89086.507812   89086.562500
1624  130.089111   89142.062500   89141.804688   89141.351562   89141.421875
1625  130.169220   89196.921875   89196.656250   89196.210938   89196.281250
1626  130.249329   89251.796875   89251.515625   89251.062500   89251.125000
1627  130.329422   89306.664062   89306.359375   89305.921875   89305.992188
1628  130.409531   89361.523438   89361.218750   89360.781250   89360.835938
1629  130.489639   89416.414062   89416.078125   89415.625000   89415.687500
1630  130.569733   89471.273438   89470.953125   89470.468750   89470.539062
1631  130.649841   89526.132812   89525.796875   89525.328125   89525.398438
1632  130.729950   89580.984375   89580.648438   89580.171875   89580.257812
1633  130.810059   89635.843750   89635.515625   89635.031250   89635.125000
1634  130.890152   89690.703125   89690.367188   89689.890625   89689.968750
1635  130.970261   89745.570312   89745.226562   89744.742188   89744.812500
1636  131.050369   89800.445312   89800.085938   89799.601562   89799.671875
1637  131.130463   89855.312500   89854.929688   89854.460938   89854.515625
1638  131.210571   89910.164062   89909.765625   89909.312500   89909.375000
1639  131.290680   89965.023438   89964.625000   89964.171875   89964.242188
1640  131.370789   90019.882812   90019.492188   90019.031250   90019.085938
1641  131.450882   90074.734375   90074.343750   90073.882812   90073.945312
1642  131.530991   90129.570312   90129.203125   90128.742188   90128.812500
1643  131.611099   90184.421875   90184.062500   90183.609375   90183.679688
1644  131.691193   90239.265625   90238.929688   90238.453125   90238.523438
1645  131.771301   90294.132812   90293.773438   90293.312500   90293.382812
1646  131.851410   90348.984375   90348.640625   90348.171875   90348.242188
1647  131.931503   90403.828125   90403.500000   90403.023438   90403.085938
1648  132.011612   90458.703125   90458.343750   90457.882812   90457.953125
1649  132.091721   90513.562500   90513.210938   90512.742188   90512.812500
1650  132.171829   90568.406250   90568.078125   90567.585938   90567.664062
1651  132.251923   90623.273438   90622.937500   90622.445312   90622.531250
1652  132.332031   90678.148438   90677.796875   90677.312500   90677.390625
1653  132.412140   90733.031250   90732.679688   90732.156250   90732.234375
1654  132.492233   90787.914062   90787.531250   90787.000000   90787.093750
1655  132.572342   90842.757812   90842.390625   90841.859375   90841.953125
1656  132.652451   90897.601562   90897.257812   90896.726562   90896.796875
1657  132.732559   90952.453125   90952.117188   90951.585938   90951.656250
1658  132.812653   91007.320312   91006.960938   91006.429688   91006.507812
1659  132.892761   91062.156250   91061.804688   91061.289062   91061.367188
1660  132.972870   91117.023438   91116.656250   91116.140625   91116.226562
1661  133.052963   91171.875000   91171.507812   91171.007812   91171.093750
1662  133.133072   91226.726562   91226.375000   91225.859375   91225.945312
1663  133.213181   91281.585938   91281.226562   91280.710938   91280.796875
1664  133.293274   91336.429688   91336.078125   91335.570312   91335.648438
1665  133.373383   91391.296875   91390.937500   91390.429688   91390.507812
1666  133.453491   91446.164062   91445.781250   91445.281250   91445.367188
1667  133.533600   91501.031250   91500.640625   91500.140625   91500.218750
1668  133.613693   91555.890625   91555.500000   91555.000000   91555.070312
1669  133.693802   91610.765625   91610.351562   91609.843750   91609.921875
1670  133.773911   91665.640625   91665.203125   91664.703125   91664.781250
1671  133.854004   91720.476562   91720.039062   91719.554688   91719.625000
1672  133.934113   91775.343750   91774.906250   91774.414062   91774.484375
1673  134.014221   91830.203125   91829.750000   91829.273438   91829.343750
1674  134.094315   91885.070312   91884.601562   91884.125000   91884.195312
1675  134.174423   91939.906250   91939.453125   91938.984375   91939.062500
1676  134.254532   91994.750000   91994.304688   91993.828125   91993.914062
1677  134.334641   92049.585938   92049.171875   92048.687500   92048.765625
1678  134.414734   92104.453125   92104.023438   92103.531250   92103.625000
1679  134.494843   92159.304688   92158.875000   92158.390625   92158.484375
1680  134.574951   92214.179688   92213.726562   92213.250000   92213.335938
1681  134.655045   92269.039062   92268.578125   92268.101562   92268.203125
1682  134.735153   92323.906250   92323.429688   92322.953125   92323.062500
1683  134.815262   92378.750000   92378.296875   92377.804688   92377.921875
1684  134.895370   92433.617188   92433.148438   92432.671875   92432.765625
1685  134.975464   92488.484375   92488.000000   92487.539062   92487.625000
1686  135.055573   92543.335938   92542.867188   92542.398438   92542.476562
1687  135.135681   92598.218750   92597.718750   92597.242188   92597.335938
1688  135.215775   92653.062500   92652.585938   92652.101562   92652.195312
1689  135.295883   92707.906250   92707.429688   92706.968750   92707.046875
1690  135.375992   92762.757812   92762.328125   92761.812500   92761.914062
1691  135.456085   92817.625000   92817.179688   92816.679688   92816.773438
1692  135.536194   92872.453125   92872.039062   92871.546875   92871.625000
1693  135.616302   92927.296875   92926.914062   92926.414062   92926.476562
1694  135.696411   92982.164062   92981.765625   92981.265625   92981.335938
1695  135.776505   93037.023438   93036.632812   93036.125000   93036.187500
1696  135.856613   93091.906250   93091.492188   93090.984375   93091.054688
1697  135.936722   93146.781250   93146.375000   93145.835938   93145.914062
1698  136.016815   93201.632812   93201.226562   93200.687500   93200.765625
1699  136.096924   93256.453125   93256.085938   93255.546875   93255.625000
1700  136.177032   93311.351562   93310.945312   93310.414062   93310.468750
1701  136.257141   93366.210938   93365.789062   93365.265625   93365.328125
1702  136.337234   93421.085938   93420.648438   93420.125000   93420.187500
1703  136.417343   93475.921875   93475.500000   93474.984375   93475.054688
1704  136.497452   93530.773438   93530.351562   93529.835938   93529.906250
1705  136.577545   93585.648438   93585.218750   93584.687500   93584.765625
1706  136.657654   93640.500000   93640.070312   93639.539062   93639.632812
1707  136.737762   93695.343750   93694.906250   93694.406250   93694.500000
1708  136.817856   93750.226562   93749.765625   93749.273438   93749.343750
1709  136.897964   93805.093750   93804.617188   93804.125000   93804.203125
1710  136.978073   93859.984375   93859.460938   93858.976562   93859.070312
1711  137.058182   93914.828125   93914.328125   93913.828125   93913.929688
1712  137.138275   93969.671875   93969.195312   93968.671875   93968.773438
1713  137.218384   94024.500000   94024.046875   94023.539062   94023.632812
1714  137.298492   94079.359375   94078.906250   94078.398438   94078.484375
1715  137.378586   94134.226562   94133.773438   94133.250000   94133.343750
1716  137.458694   94189.070312   94188.640625   94188.109375   94188.187500
1717  137.538803   94243.906250   94243.484375   94242.968750   94243.046875
1718  137.618896   94298.742188   94298.351562   94297.820312   94297.914062
1719  137.699005   94353.593750   94353.187500   94352.679688   94352.773438
1720  137.779114   94408.468750   94408.054688   94407.546875   94407.625000
1721  137.859222   94463.328125   94462.914062   94462.414062   94462.492188
1722  137.939316   94518.171875   94517.757812   94517.257812   94517.343750
1723  138.019424   94573.070312   94572.617188   94572.117188   94572.195312
1724  138.099533   94627.921875   94627.460938   94626.976562   94627.054688
1725  138.179626   94682.789062   94682.328125   94681.820312   94681.914062
1726  138.259735   94737.625000   94737.187500   94736.679688   94736.765625
1727  138.339844   94792.484375   94792.054688   94791.531250   94791.625000
1728  138.419952   94847.359375   94846.921875   94846.390625   94846.484375
1729  138.500046   94902.226562   94901.765625   94901.250000   94901.335938
1730  138.580154   94957.078125   94956.625000   94956.117188   94956.195312
1731  138.660263   95011.968750   95011.484375   95010.984375   95011.039062
1732  138.740356   95066.820312   95066.335938   95065.828125   95065.906250
1733  138.820465   95121.695312   95121.203125   95120.671875   95120.765625
1734  138.900574   95176.539062   95176.054688   95175.539062   95175.617188
1735  138.980667   95231.398438   95230.914062   95230.398438   95230.476562
1736  139.060776   95286.257812   95285.781250   95285.265625   95285.343750
1737  139.140884   95341.109375   95340.625000   95340.117188   95340.203125
1738  139.220993   95395.968750   95395.468750   95394.968750   95395.054688
1739  139.301086   95450.828125   95450.335938   95449.812500   95449.921875
1740  139.381195   95505.695312   95505.179688   95504.671875   95504.773438
1741  139.461304   95560.546875   95560.039062   95559.531250   95559.625000
1742  139.541397   95615.382812   95614.882812   95614.375000   95614.484375
1743  139.621506   95670.273438   95669.750000   95669.234375   95669.351562
1744  139.701614   95725.148438   95724.585938   95724.101562   95724.195312
1745  139.781723   95780.023438   95779.453125   95778.953125   95779.062500
1746  139.861816   95834.890625   95834.320312   95833.812500   95833.921875
1747  139.941925   95889.757812   95889.179688   95888.671875   95888.781250
1748  140.022034   95944.609375   95944.039062   95943.523438   95943.632812
1749  140.102127   95999.468750   95998.898438   95998.390625   95998.492188
1750  140.182236   96054.312500   96053.757812   96053.234375   96053.351562
1751  140.262344   96109.179688   96108.593750   96108.085938   96108.203125
1752  140.342438   96164.031250   96163.453125   96162.945312   96163.062500
1753  140.422546   96218.890625   96218.328125   96217.804688   96217.906250
1754  140.502655   96273.750000   96273.195312   96272.664062   96272.765625
1755  140.582764   96328.632812   96328.039062   96327.523438   96327.625000
1756  140.662857   96383.507812   96382.898438   96382.390625   96382.476562
1757  140.742966   96438.375000   96437.757812   96437.234375   96437.328125
1758  140.823074   96493.242188   96492.632812   96492.101562   96492.179688
1759  140.903168   96548.109375   96547.500000   96546.960938   96547.031250
1760  140.983276   96602.976562   96602.367188   96601.828125   96601.898438
1761  141.063385   96657.843750   96657.210938   96656.664062   96656.750000
1762  141.143478   96712.703125   96712.078125   96711.531250   96711.609375
1763  141.223587   96767.539062   96766.953125   96766.382812   96766.453125
1764  141.303696   96822.421875   96821.812500   96821.234375   96821.320312
1765  141.383804   96877.281250   96876.671875   96876.101562   96876.179688
1766  141.463898   96932.140625   96931.523438   96930.953125   96931.023438
1767  141.544006   96986.976562   96986.390625   96985.812500   96985.890625
1768  141.624115   97041.851562   97041.250000   97040.671875   97040.742188
1769  141.704208   97096.703125   97096.109375   97095.523438   97095.593750
1770  141.784317   97151.546875   97150.953125   97150.375000   97150.453125
1771  141.864426   97206.398438   97205.812500   97205.226562   97205.312500
1772  141.944534   97261.257812   97260.648438   97260.085938   97260.164062
1773  142.024628   97316.117188   97315.515625   97314.953125   97315.023438
1774  142.104736   97370.984375   97370.367188   97369.796875   97369.867188
1775  142.184845   97425.835938   97425.218750   97424.664062   97424.734375
1776  142.264938   97480.687500   97480.070312   97479.515625   97479.601562
1777  142.345047   97535.562500   97534.921875   97534.382812   97534.460938
1778  142.425156   97590.414062   97589.773438   97589.234375   97589.312500
1779  142.505249   97645.273438   97644.601562   97644.085938   97644.156250
1780  142.585358   97700.140625   97699.437500   97698.937500   97699.000000
1781  142.665466   97755.000000   97754.320312   97753.789062   97753.867188
1782  142.745575   97809.843750   97809.171875   97808.640625   97808.726562
1783  142.825668   97864.703125   97864.039062   97863.500000   97863.578125
1784  142.905777   97919.531250   97918.906250   97918.359375   97918.445312
1785  142.985886   97974.382812   97973.765625   97973.210938   97973.304688
1786  143.065979   98029.242188   98028.640625   98028.062500   98028.156250
1787  143.146088   98084.085938   98083.484375   98082.914062   98083.015625
1788  143.226196   98138.960938   98138.367188   98137.773438   98137.882812
1789  143.306305   98193.828125   98193.203125   98192.640625   98192.742188
1790  143.386398   98248.687500   98248.070312   98247.500000   98247.593750
1791  143.466507   98303.531250   98302.906250   98302.351562   98302.453125
1792  143.546616   98358.390625   98357.773438   98357.210938   98357.312500
1793  143.626709   98413.281250   98412.640625   98412.070312   98412.179688
1794  143.706818   98468.132812   98467.515625   98466.921875   98467.031250
1795  143.786926   98522.992188   98522.367188   98521.789062   98521.890625
1796  143.867020   98577.859375   98577.226562   98576.625000   98576.750000
1797  143.947128   98632.718750   98632.062500   98631.476562   98631.601562
1798  144.027237   98687.578125   98686.937500   98686.343750   98686.460938
1799  144.107346   98742.437500   98741.796875   98741.195312   98741.320312
1800  144.187439   98797.273438   98796.671875   98796.085938   98796.171875
1801  144.267548   98852.148438   98851.531250   98850.929688   98851.031250
1802  144.347656   98907.000000   98906.359375   98905.773438   98905.867188
1803  144.427750   98961.875000   98961.203125   98960.632812   98960.726562
1804  144.507858   99016.734375   99016.062500   99015.500000   99015.578125
1805  144.587967   99071.601562   99070.906250   99070.359375   99070.437500
1806  144.668060   99126.421875   99125.773438   99125.234375   99125.296875
1807  144.748169   99181.281250   99180.640625   99180.093750   99180.148438
1808  144.828278   99236.140625   99235.484375   99234.945312   99235.007812
1809  144.908386   99291.023438   99290.343750   99289.796875   99289.867188
1810  144.988480   99345.890625   99345.210938   99344.664062   99344.718750
1811  145.068588   99400.757812   99400.070312   99399.515625   99399.570312
1812  145.148697   99455.617188   99454.921875   99454.375000   99454.437500
1813  145.228790   99510.460938   99509.781250   99509.242188   99509.289062
1814  145.308899   99565.335938   99564.625000   99564.085938   99564.148438
1815  145.389008   99620.187500   99619.484375   99618.937500   99619.007812
1816  145.469116   99675.039062   99674.343750   99673.781250   99673.851562
1817  145.549210   99729.890625   99729.187500   99728.625000   99728.695312
1818  145.629318   99784.757812   99784.054688   99783.484375   99783.554688
1819  145.709427   99839.601562   99838.914062   99838.343750   99838.414062
1820  145.789520   99894.460938   99893.757812   99893.187500   99893.265625
1821  145.869629   99949.304688   99948.617188   99948.046875   99948.125000
1822  145.949738  100004.164062  100003.484375  100002.898438  100002.984375
1823  146.029831  100059.031250  100058.335938  100057.750000  100057.851562
1824  146.109940  100113.875000  100113.187500  100112.593750  100112.703125
1825  146.190048  100168.710938  100168.039062  100167.453125  100167.562500
1826  146.270157  100223.570312  100222.898438  100222.304688  100222.406250
1827  146.350250  100278.437500  100277.757812  100277.156250  100277.265625
1828  146.430359  100333.281250  100332.601562  100332.031250  100332.109375
1829  146.510468  100388.148438  100387.492188  100386.898438  100386.968750
1830  146.590561  100443.039062  100442.367188  100441.765625  100441.835938
1831  146.670670  100497.882812  100497.226562  100496.625000  100496.679688
1832  146.750778  100552.718750  100552.085938  100551.476562  100551.531250
1833  146.830887  100607.585938  100606.945312  100606.335938  100606.398438
1834  146.910980  100662.484375  100661.812500  100661.179688  100661.242188
1835  146.991089  100717.328125  100716.687500  100716.039062  100716.101562
1836  147.071198  100772.164062  100771.578125  100770.898438  100770.953125
1837  147.151291  100827.023438  100826.414062  100825.750000  100825.804688
1838  147.231400  100881.890625  100881.273438  100880.601562  100880.656250
1839  147.311508  100936.734375  100936.132812  100935.468750  100935.515625
1840  147.391602  100991.570312  100990.984375  100990.335938  100990.382812
1841  147.471710  101046.468750  101045.843750  101045.203125  101045.242188
1842  147.551819  101101.335938  101100.687500  101100.046875  101100.093750
1843  147.631927  101156.226562  101155.554688  101154.890625  101154.953125
1844  147.712021  101211.062500  101210.421875  101209.757812  101209.812500
1845  147.792130  101265.898438  101265.289062  101264.632812  101264.664062
1846  147.872238  101320.757812  101320.156250  101319.492188  101319.523438
1847  147.952332  101375.593750  101375.007812  101374.351562  101374.382812
1848  148.032440  101430.437500  101429.867188  101429.203125  101429.234375
1849  148.112549  101485.312500  101484.726562  101484.070312  101484.101562
1850  148.192642  101540.148438  101539.562500  101538.953125  101538.953125
1851  148.272751  101595.015625  101594.406250  101593.796875  101593.796875
1852  148.352859  101649.867188  101649.250000  101648.664062  101648.656250
1853  148.432968  101704.757812  101704.101562  101703.523438  101703.507812
1854  148.513062  101759.625000  101758.960938  101758.367188  101758.375000
1855  148.593170  101814.484375  101813.796875  101813.242188  101813.234375
1856  148.673279  101869.375000  101868.671875  101868.109375  101868.093750
1857  148.753372  101924.218750  101923.554688  101922.968750  101922.937500
1858  148.833481  101979.062500  101978.406250  101977.820312  101977.796875
1859  148.913589  102033.929688  102033.257812  102032.671875  102032.648438
1860  148.993698  102088.796875  102088.109375  102087.523438  102087.500000
1861  149.073792  102143.648438  102142.984375  102142.390625  102142.335938
1862  149.153900  102198.507812  102197.851562  102197.242188  102197.203125
1863  149.234009  102253.359375  102252.726562  102252.140625  102252.054688
1864  149.314102  102308.218750  102307.585938  102307.000000  102306.921875
1865  149.394211  102363.070312  102362.437500  102361.851562  102361.781250
1866  149.474319  102417.906250  102417.304688  102416.710938  102416.640625
1867  149.554413  102472.742188  102472.164062  102471.554688  102471.492188
1868  149.634521  102527.601562  102527.023438  102526.414062  102526.351562
1869  149.714630  102582.460938  102581.875000  102581.257812  102581.218750
1870  149.794739  102637.312500  102636.710938  102636.117188  102636.062500
1871  149.874832  102692.171875  102691.578125  102690.992188  102690.921875
1872  149.954941  102747.031250  102746.468750  102745.867188  102745.781250
1873  150.035049  102801.875000  102801.335938  102800.726562  102800.640625
1874  150.115143  102856.734375  102856.203125  102855.609375  102855.492188
1875  150.195251  102911.617188  102911.046875  102910.468750  102910.335938
1876  150.275360  102966.492188  102965.882812  102965.312500  102965.203125
1877  150.355469  103021.375000  103020.734375  103020.171875  103020.054688
1878  150.435562  103076.195312  103075.585938  103075.039062  103074.906250
1879  150.515671  103131.039062  103130.445312  103129.882812  103129.757812
1880  150.595779  103185.890625  103185.312500  103184.742188  103184.625000
1881  150.675873  103240.765625  103240.171875  103239.585938  103239.484375
1882  150.755981  103295.648438  103295.007812  103294.445312  103294.335938
1883  150.836090  103350.523438  103349.859375  103349.304688  103349.187500
1884  150.916183  103405.382812  103404.718750  103404.156250  103404.046875
1885  150.996292  103460.257812  103459.585938  103459.015625  103458.906250
1886  151.076401  103515.125000  103514.445312  103513.859375  103513.757812
1887  151.156509  103569.976562  103569.320312  103568.718750  103568.617188
1888  151.236603  103624.843750  103624.156250  103623.578125  103623.453125
1889  151.316711  103679.742188  103679.015625  103678.421875  103678.320312
1890  151.396820  103734.609375  103733.859375  103733.281250  103733.171875
1891  151.476913  103789.445312  103788.726562  103788.148438  103788.023438
1892  151.557022  103844.343750  103843.570312  103843.000000  103842.882812
1893  151.637131  103899.187500  103898.460938  103897.859375  103897.750000
1894  151.717224  103954.078125  103953.312500  103952.726562  103952.593750
1895  151.797333  104008.914062  104008.179688  104007.593750  104007.453125
1896  151.877441  104063.789062  104063.031250  104062.437500  104062.312500
1897  151.957550  104118.625000  104117.882812  104117.296875  104117.171875
1898  152.037643  104173.484375  104172.750000  104172.164062  104172.031250
1899  152.117752  104228.328125  104227.609375  104227.015625  104226.890625
1900  152.197861  104283.164062  104282.468750  104281.882812  104281.734375
1901  152.277954  104338.023438  104337.351562  104336.742188  104336.593750
1902  152.358063  104392.859375  104392.210938  104391.617188  104391.437500
1903  152.438171  104447.726562  104447.062500  104446.492188  104446.296875
1904  152.518280  104502.585938  104501.929688  104501.335938  104501.148438
1905  152.598373  104557.421875  104556.781250  104556.203125  104556.007812
1906  152.678482  104612.289062  104611.648438  104611.054688  104610.867188
1907  152.758591  104667.164062  104666.492188  104665.906250  104665.718750
1908  152.838684  104722.000000  104721.343750  104720.765625  104720.578125
1909  152.918793  104776.828125  104776.203125  104775.625000  104775.429688
1910  152.998901  104831.703125  104831.062500  104830.476562  104830.281250
1911  153.078995  104886.570312  104885.929688  104885.320312  104885.140625
1912  153.159103  104941.429688  104940.789062  104940.164062  104940.007812
1913  153.239212  104996.304688  104995.632812  104995.015625  104994.851562
1914  153.319321  105051.164062  105050.468750  105049.859375  105049.718750
1915  153.399414  105105.984375  105105.343750  105104.695312  105104.578125
1916  153.479523  105160.867188  105160.210938  105159.562500  105159.429688
1917  153.559631  105215.742188  105215.070312  105214.390625  105214.289062
1918  153.639725  105270.585938  105269.929688  105269.250000  105269.156250
1919  153.719833  105325.414062  105324.804688  105324.093750  105324.023438
1920  153.799942  105380.273438  105379.687500  105378.953125  105378.882812
1921  153.880051  105435.156250  105434.539062  105433.804688  105433.726562
1922  153.960144  105490.015625  105489.382812  105488.664062  105488.593750
1923  154.040253  105544.859375  105544.250000  105543.507812  105543.453125
1924  154.120361  105599.710938  105599.093750  105598.375000  105598.304688
1925  154.200455  105654.578125  105653.945312  105653.234375  105653.164062
1926  154.280563  105709.453125  105708.812500  105708.093750  105708.023438
1927  154.360672  105764.328125  105763.656250  105762.945312  105762.875000
1928  154.440765  105819.164062  105818.515625  105817.812500  105817.742188
1929  154.520874  105874.031250  105873.367188  105872.664062  105872.593750
1930  154.600983  105928.875000  105928.218750  105927.515625  105927.445312
1931  154.681091  105983.703125  105983.054688  105982.382812  105982.304688
1932  154.761185  106038.554688  106037.921875  106037.218750  106037.164062
1933  154.841293  106093.398438  106092.804688  106092.078125  106092.015625
1934  154.921402  106148.234375  106147.671875  106146.937500  106146.875000
1935  155.001495  106203.093750  106202.523438  106201.796875  106201.742188
1936  155.081604  106257.960938  106257.367188  106256.664062  106256.585938
1937  155.161713  106312.828125  106312.242188  106311.523438  106311.445312
1938  155.241806  106367.679688  106367.101562  106366.382812  106366.312500
1939  155.321915  106422.562500  106421.968750  106421.234375  106421.164062
1940  155.402023  106477.414062  106476.828125  106476.085938  106476.023438
1941  155.482132  106532.250000  106531.679688  106530.937500  106530.882812
1942  155.562225  106587.109375  106586.539062  106585.804688  106585.734375
1943  155.642334  106641.953125  106641.382812  106640.664062  106640.593750
1944  155.722443  106696.804688  106696.265625  106695.523438  106695.453125
1945  155.802536  106751.656250  106751.117188  106750.390625  106750.304688
1946  155.882645  106806.515625  106805.984375  106805.242188  106805.156250
1947  155.962753  106861.375000  106860.882812  106860.078125  106860.007812
1948  156.042862  106916.218750  106915.726562  106914.914062  106914.867188
1949  156.122955  106971.062500  106970.578125  106969.765625  106969.703125
1950  156.203064  107025.929688  107025.421875  107024.625000  107024.570312
1951  156.283173  107080.812500  107080.289062  107079.484375  107079.429688
1952  156.363266  107135.632812  107135.132812  107134.351562  107134.296875
1953  156.443375  107190.460938  107190.015625  107189.210938  107189.148438
1954  156.523483  107245.328125  107244.851562  107244.070312  107244.007812
1955  156.603577  107300.203125  107299.695312  107298.914062  107298.867188
1956  156.683685  107355.093750  107354.562500  107353.757812  107353.710938
1957  156.763794  107409.937500  107409.421875  107408.625000  107408.578125
1958  156.843903  107464.820312  107464.289062  107463.484375  107463.421875
1959  156.923996  107519.671875  107519.140625  107518.343750  107518.281250
1960  157.004105  107574.507812  107574.007812  107573.195312  107573.140625
1961  157.084213  107629.375000  107628.859375  107628.078125  107627.992188
1962  157.164307  107684.265625  107683.726562  107682.921875  107682.859375
1963  157.244415  107739.148438  107738.601562  107737.765625  107737.710938
1964  157.324524  107794.000000  107793.429688  107792.625000  107792.578125
1965  157.404633  107848.835938  107848.273438  107847.500000  107847.429688
1966  157.484726  107903.687500  107903.140625  107902.390625  107902.281250
1967  157.564835  107958.570312  107957.984375  107957.234375  107957.132812
1968  157.644943  108013.414062  108012.843750  108012.070312  108012.000000
1969  157.725037  108068.218750  108067.703125  108066.921875  108066.859375
1970  157.805145  108123.109375  108122.554688  108121.789062  108121.703125
1971  157.885254  108177.976562  108177.390625  108176.640625  108176.562500
1972  157.965347  108232.820312  108232.242188  108231.492188  108231.429688
1973  158.045456  108287.679688  108287.093750  108286.335938  108286.289062
1974  158.125565  108342.531250  108341.976562  108341.195312  108341.132812
1975  158.205673  108397.390625  108396.812500  108396.062500  108395.992188
1976  158.285767  108452.257812  108451.664062  108450.914062  108450.843750
1977  158.365875  108507.117188  108506.546875  108505.773438  108505.710938
1978  158.445984  108561.968750  108561.421875  108560.640625  108560.562500
1979  158.526077  108616.859375  108616.265625  108615.492188  108615.414062
1980  158.606186  108671.695312  108671.140625  108670.351562  108670.273438
1981  158.686295  108726.562500  108726.023438  108725.203125  108725.132812
1982  158.766388  108781.406250  108780.906250  108780.062500  108779.984375
1983  158.846497  108836.265625  108835.750000  108834.914062  108834.843750
1984  158.926605  108891.109375  108890.617188  108889.773438  108889.703125
1985  159.006714  108945.976562  108945.484375  108944.625000  108944.554688
1986  159.086807  109000.867188  109000.343750  108999.484375  108999.406250
1987  159.166916  109055.718750  109055.203125  109054.328125  109054.273438
1988  159.247025  109110.578125  109110.070312  109109.179688  109109.117188
1989  159.327118  109165.445312  109164.937500  109164.054688  109163.976562
1990  159.407227  109220.328125  109219.781250  109218.906250  109218.820312
1991  159.487335  109275.218750  109274.640625  109273.765625  109273.679688
1992  159.567444  109330.085938  109329.507812  109328.632812  109328.546875
1993  159.647537  109384.953125  109384.351562  109383.476562  109383.406250
1994  159.727646  109439.804688  109439.179688  109438.335938  109438.265625
1995  159.807755  109494.695312  109494.054688  109493.195312  109493.132812
1996  159.887848  109549.539062  109548.890625  109548.039062  109547.992188
1997  159.967957  109604.375000  109603.718750  109602.898438  109602.843750
1998  160.048065  109659.257812  109658.585938  109657.734375  109657.703125
1999  160.128159  109714.109375  109713.429688  109712.593750  109712.570312
2000  160.208267  109768.960938  109768.296875  109767.468750  109767.429688
2001  160.288376  109823.804688  109823.171875  109822.312500  109822.273438
2002  160.368484  109878.664062  109878.031250  109877.164062  109877.132812
2003  160.448578  109933.507812  109932.890625  109932.007812  109931.984375
2004  160.528687  109988.367188  109987.773438  109986.890625  109986.835938
2005  160.608795  110043.234375  110042.625000  110041.757812  110041.687500
2006  160.688889  110098.101562  110097.468750  110096.609375  110096.546875
2007  160.768997  110152.945312  110152.343750  110151.484375  110151.406250
2008  160.849106  110207.804688  110207.234375  110206.320312  110206.257812
2009  160.929214  110262.671875  110262.109375  110261.179688  110261.125000
2010  161.009308  110317.515625  110316.976562  110316.046875  110315.984375
2011  161.089417  110372.335938  110371.828125  110370.890625  110370.843750
2012  161.169525  110427.187500  110426.671875  110425.734375  110425.687500
2013  161.249619  110482.046875  110481.554688  110480.585938  110480.546875
2014  161.329727  110536.906250  110536.390625  110535.429688  110535.421875
2015  161.409836  110591.781250  110591.257812  110590.289062  110590.281250
2016  161.489929  110646.648438  110646.109375  110645.140625  110645.125000
2017  161.570038  110701.515625  110700.929688  110700.000000  110699.992188
2018  161.650146  110756.390625  110755.789062  110754.859375  110754.835938
2019  161.730255  110811.218750  110810.632812  110809.710938  110809.695312
2020  161.810349  110866.101562  110865.492188  110864.562500  110864.562500
2021  161.890457  110920.968750  110920.351562  110919.406250  110919.421875
2022  161.970566  110975.812500  110975.195312  110974.281250  110974.273438
2023  162.050659  111030.656250  111030.062500  111029.132812  111029.125000
2024  162.130768  111085.531250  111084.898438  111083.984375  111084.000000
2025  162.210876  111140.359375  111139.757812  111138.851562  111138.843750
2026  162.290970  111195.226562  111194.640625  111193.742188  111193.710938
2027  162.371078  111250.109375  111249.492188  111248.617188  111248.570312
2028  162.451187  111304.953125  111304.335938  111303.453125  111303.421875
2029  162.531296  111359.804688  111359.203125  111358.312500  111358.273438
2030  162.611389  111414.679688  111414.046875  111413.187500  111413.125000
2031  162.691498  111469.554688  111468.937500  111468.046875  111467.984375
2032  162.771606  111524.406250  111523.804688  111522.898438  111522.828125
2033  162.851700  111579.281250  111578.648438  111577.742188  111577.695312
2034  162.931808  111634.156250  111633.523438  111632.593750  111632.554688
2035  163.011917  111689.031250  111688.382812  111687.453125  111687.414062
2036  163.092026  111743.929688  111743.218750  111742.320312  111742.257812
2037  163.172119  111798.773438  111798.085938  111797.171875  111797.117188
2038  163.252228  111853.625000  111852.953125  111852.031250  111851.960938
2039  163.332336  111908.468750  111907.796875  111906.890625  111906.812500
2040  163.412430  111963.335938  111962.664062  111961.757812  111961.671875
2041  163.492538  112018.195312  112017.523438  112016.609375  112016.531250
2042  163.572647  112073.062500  112072.382812  112071.460938  112071.390625
2043  163.652740  112127.906250  112127.257812  112126.312500  112126.242188
2044  163.732849  112182.773438  112182.125000  112181.164062  112181.093750
2045  163.812958  112237.593750  112236.968750  112236.000000  112235.953125
2046  163.893066  112292.437500  112291.820312  112290.875000  112290.804688
2047  163.973160  112347.296875  112346.671875  112345.726562  112345.656250
2048  164.053268  112402.164062  112401.539062  112400.578125  112400.507812
2049  164.133377  112457.015625  112456.375000  112455.437500  112455.375000
2050  164.213470  112511.882812  112511.226562  112510.304688  112510.234375
2051  164.293579  112566.718750  112566.078125  112565.156250  112565.085938
2052  164.373688  112621.578125  112620.968750  112620.000000  112619.945312
2053  164.453796  112676.453125  112675.820312  112674.851562  112674.789062
2054  164.533890  112731.304688  112730.679688  112729.710938  112729.648438
2055  164.613998  112786.156250  112785.546875  112784.554688  112784.507812
2056  164.694107  112841.031250  112840.414062  112839.453125  112839.382812
2057  164.774200  112895.890625  112895.304688  112894.320312  112894.250000
2058  164.854309  112950.765625  112950.148438  112949.187500  112949.109375
2059  164.934418  113005.632812  113004.992188  113004.046875  113003.976562
2060  165.014511  113060.500000  113059.851562  113058.867188  113058.820312
2061  165.094620  113115.359375  113114.687500  113113.726562  113113.679688
2062  165.174728  113170.234375  113169.554688  113168.585938  113168.546875
2063  165.254837  113225.078125  113224.398438  113223.453125  113223.406250
2064  165.334930  113279.937500  113279.257812  113278.296875  113278.265625
2065  165.415039  113334.789062  113334.148438  113333.187500  113333.125000
2066  165.495148  113389.632812  113388.984375  113388.031250  113387.976562
2067  165.575241  113444.476562  113443.835938  113442.890625  113442.835938
2068  165.655350  113499.328125  113498.710938  113497.734375  113497.695312
2069  165.735458  113554.179688  113553.578125  113552.578125  113552.546875
2070  165.815567  113609.046875  113608.468750  113607.437500  113607.414062
2071  165.895660  113663.906250  113663.304688  113662.304688  113662.281250
2072  165.975769  113718.773438  113718.164062  113717.164062  113717.148438
2073  166.055878  113773.632812  113773.031250  113772.015625  113772.007812
2074  166.135971  113828.484375  113827.882812  113826.875000  113826.867188
2075  166.216080  113883.351562  113882.750000  113881.742188  113881.734375
2076  166.296188  113938.218750  113937.617188  113936.585938  113936.585938
2077  166.376282  113993.109375  113992.476562  113991.445312  113991.453125
2078  166.456390  114047.960938  114047.320312  114046.289062  114046.304688
2079  166.536499  114102.835938  114102.156250  114101.148438  114101.156250
2080  166.616608  114157.695312  114157.054688  114155.984375  114156.007812
2081  166.696701  114212.554688  114211.921875  114210.851562  114210.859375
2082  166.776810  114267.398438  114266.765625  114265.695312  114265.726562
2083  166.856918  114322.250000  114321.664062  114320.562500  114320.585938
2084  166.937012  114377.093750  114376.531250  114375.398438  114375.429688
2085  167.017120  114431.953125  114431.406250  114430.257812  114430.289062
2086  167.097229  114486.804688  114486.234375  114485.093750  114485.164062
2087  167.177322  114541.671875  114541.070312  114539.968750  114540.023438
2088  167.257431  114596.507812  114595.968750  114594.835938  114594.890625
2089  167.337540  114651.335938  114650.828125  114649.695312  114649.742188
2090  167.417648  114706.226562  114705.703125  114704.554688  114704.609375
2091  167.497742  114761.078125  114760.539062  114759.429688  114759.468750
2092  167.577850  114815.968750  114815.375000  114814.296875  114814.328125
2093  167.657959  114870.781250  114870.210938  114869.148438  114869.203125
2094  167.738052  114925.648438  114925.070312  114923.992188  114924.046875
2095  167.818161  114980.484375  114979.914062  114978.828125  114978.906250
2096  167.898270  115035.343750  115034.765625  115033.671875  115033.765625
2097  167.978378  115090.203125  115089.601562  115088.515625  115088.609375
2098  168.058472  115145.093750  115144.453125  115143.382812  115143.484375
2099  168.138580  115199.953125  115199.335938  115198.242188  115198.343750
2100  168.218689  115254.789062  115254.156250  115253.101562  115253.187500
2101  168.298782  115309.664062  115309.046875  115307.968750  115308.039062
2102  168.378891  115364.515625  115363.914062  115362.835938  115362.890625
2103  168.459000  115419.382812  115418.773438  115417.718750  115417.742188
2104  168.539093  115474.226562  115473.656250  115472.578125  115472.593750
2105  168.619202  115529.062500  115528.500000  115527.429688  115527.445312
2106  168.699310  115583.914062  115583.367188  115582.265625  115582.312500
2107  168.779419  115638.765625  115638.234375  115637.125000  115637.156250
2108  168.859512  115693.601562  115693.125000  115691.984375  115692.015625
2109  168.939621  115748.460938  115747.992188  115746.828125  115746.867188
2110  169.019730  115803.335938  115802.835938  115801.671875  115801.726562
2111  169.099823  115858.171875  115857.695312  115856.523438  115856.593750
2112  169.179932  115913.031250  115912.539062  115911.382812  115911.437500
2113  169.260040  115967.906250  115967.375000  115966.226562  115966.304688
2114  169.340149  116022.781250  116022.234375  116021.070312  116021.171875
2115  169.420242  116077.648438  116077.093750  116075.960938  116076.031250
2116  169.500351  116132.531250  116131.945312  116130.812500  116130.906250
2117  169.580460  116187.382812  116186.812500  116185.664062  116185.750000
2118  169.660553  116242.273438  116241.687500  116240.515625  116240.632812
2119  169.740662  116297.140625  116296.554688  116295.382812  116295.476562
2120  169.820770  116351.984375  116351.414062  116350.242188  116350.335938
2121  169.900864  116406.828125  116406.281250  116405.140625  116405.187500
2122  169.980972  116461.750000  116461.148438  116459.976562  116460.046875
2123  170.061081  116516.554688  116516.007812  116514.859375  116514.914062
2124  170.141190  116571.421875  116570.859375  116569.710938  116569.773438
2125  170.221283  116626.304688  116625.718750  116624.554688  116624.632812
2126  170.301392  116681.164062  116680.578125  116679.414062  116679.492188
2127  170.381500  116736.023438  116735.437500  116734.281250  116734.343750
2128  170.461594  116790.867188  116790.289062  116789.148438  116789.203125
2129  170.541702  116845.726562  116845.132812  116844.046875  116844.062500
2130  170.621811  116900.570312  116900.000000  116898.898438  116898.921875
2131  170.701904  116955.429688  116954.875000  116953.750000  116953.773438
2132  170.782013  117010.257812  117009.726562  117008.601562  117008.640625
2133  170.862122  117065.093750  117064.570312  117063.468750  117063.476562
2134  170.942230  117119.968750  117119.429688  117118.328125  117118.335938
2135  171.022324  117174.804688  117174.281250  117173.187500  117173.195312
2136  171.102432  117229.679688  117229.125000  117228.023438  117228.031250
2137  171.182541  117284.546875  117283.992188  117282.898438  117282.890625
2138  171.262634  117339.406250  117338.875000  117337.757812  117337.734375
2139  171.342743  117394.250000  117393.742188  117392.632812  117392.609375
2140  171.422852  117449.109375  117448.617188  117447.468750  117447.460938
2141  171.502960  117503.945312  117503.484375  117502.343750  117502.335938
2142  171.583054  117558.835938  117558.320312  117557.203125  117557.179688
2143  171.663162  117613.656250  117613.171875  117612.054688  117612.039062
2144  171.743271  117668.539062  117668.023438  117666.921875  117666.914062
2145  171.823364  117723.375000  117722.898438  117721.773438  117721.773438
2146  171.903473  117778.210938  117777.750000  117776.625000  117776.640625
2147  171.983582  117833.039062  117832.617188  117831.507812  117831.484375
2148  172.063675  117887.890625  117887.484375  117886.351562  117886.351562
2149  172.143784  117942.757812  117942.328125  117941.218750  117941.210938
2150  172.223892  117997.593750  117997.171875  117996.031250  117996.078125
2151  172.304001  118052.460938  118052.031250  118050.898438  118050.937500
2152  172.384094  118107.320312  118106.882812  118105.726562  118105.796875
2153  172.464203  118162.187500  118161.757812  118160.601562  118160.656250
2154  172.544312  118217.062500  118216.593750  118215.460938  118215.507812
2155  172.624405  118271.921875  118271.453125  118270.328125  118270.359375
2156  172.704514  118326.796875  118326.289062  118325.203125  118325.210938
2157  172.784622  118381.679688  118381.125000  118380.054688  118380.062500
2158  172.864731  118436.539062  118436.007812  118434.906250  118434.921875
2159  172.944824  118491.414062  118490.882812  118489.765625  118489.773438
2160  173.024933  118546.273438  118545.773438  118544.609375  118544.625000
2161  173.105042  118601.117188  118600.640625  118599.460938  118599.492188
2162  173.185135  118655.945312  118655.453125  118654.296875  118654.367188
2163  173.265244  118710.820312  118710.304688  118709.132812  118709.218750
2164  173.345352  118765.687500  118765.156250  118764.000000  118764.078125
2165  173.425446  118820.546875  118820.007812  118818.851562  118818.945312
2166  173.505554  118875.382812  118874.859375  118873.718750  118873.789062
2167  173.585663  118930.242188  118929.710938  118928.578125  118928.656250
2168  173.665771  118985.109375  118984.578125  118983.437500  118983.523438
2169  173.745865  119039.992188  119039.429688  119038.289062  119038.390625
2170  173.825974  119094.851562  119094.273438  119093.148438  119093.257812
2171  173.906082  119149.687500  119149.117188  119148.039062  119148.109375
2172  173.986176  119204.562500  119203.960938  119202.890625  119202.968750
2173  174.066284  119259.429688  119258.820312  119257.742188  119257.828125
2174  174.146393  119314.296875  119313.679688  119312.562500  119312.656250
2175  174.226486  119369.156250  119368.531250  119367.445312  119367.515625
2176  174.306595  119424.007812  119423.367188  119422.296875  119422.367188
2177  174.386703  119478.890625  119478.273438  119477.179688  119477.226562
2178  174.466812  119533.742188  119533.132812  119532.023438  119532.101562
2179  174.546906  119588.570312  119587.992188  119586.906250  119586.953125
2180  174.627014  119643.437500  119642.835938  119641.765625  119641.804688
2181  174.707123  119698.304688  119697.710938  119696.625000  119696.671875
2182  174.787216  119753.171875  119752.570312  119751.492188  119751.531250
2183  174.867325  119808.039062  119807.445312  119806.359375  119806.398438
2184  174.947433  119862.875000  119862.296875  119861.234375  119861.234375
2185  175.027542  119917.718750  119917.148438  119916.101562  119916.085938
2186  175.107635  119972.601562  119972.007812  119970.945312  119970.953125
2187  175.187744  120027.460938  120026.882812  120025.804688  120025.804688
2188  175.267853  120082.320312  120081.742188  120080.671875  120080.656250
2189  175.347946  120137.187500  120136.585938  120135.539062  120135.500000
2190  175.428055  120192.023438  120191.445312  120190.414062  120190.359375
2191  175.508163  120246.890625  120246.304688  120245.257812  120245.203125
2192  175.588257  120301.765625  120301.156250  120300.117188  120300.046875
2193  175.668365  120356.625000  120356.007812  120354.960938  120354.906250
2194  175.748474  120411.468750  120410.843750  120409.828125  120409.750000
2195  175.828583  120466.320312  120465.726562  120464.695312  120464.609375
2196  175.908676  120521.195312  120520.593750  120519.531250  120519.460938
2197  175.988785  120576.031250  120575.421875  120574.414062  120574.343750
2198  176.068893  120630.898438  120630.328125  120629.273438  120629.195312
2199  176.148987  120685.757812  120685.187500  120684.156250  120684.054688
2200  176.229095  120740.593750  120740.039062  120738.992188  120738.929688
2201  176.309204  120795.460938  120794.906250  120793.835938  120793.765625
2202  176.389313  120850.328125  120849.773438  120848.726562  120848.617188
2203  176.469406  120905.210938  120904.632812  120903.578125  120903.460938
2204  176.549515  120960.070312  120959.500000  120958.437500  120958.296875
2205  176.629623  121014.945312  121014.343750  121013.296875  121013.171875
2206  176.709717  121069.804688  121069.179688  121068.140625  121068.031250
2207  176.789825  121124.679688  121124.046875  121123.007812  121122.906250
2208  176.869934  121179.554688  121178.914062  121177.867188  121177.781250
2209  176.950027  121234.390625  121233.773438  121232.734375  121232.640625
2210  177.030136  121289.281250  121288.656250  121287.585938  121287.484375
2211  177.110245  121344.117188  121343.515625  121342.421875  121342.351562
2212  177.190353  121399.000000  121398.390625  121397.289062  121397.210938
2213  177.270447  121453.828125  121453.265625  121452.156250  121452.070312
2214  177.350555  121508.664062  121508.132812  121507.023438  121506.914062
2215  177.430664  121563.523438  121562.984375  121561.875000  121561.781250
2216  177.510757  121618.367188  121617.867188  121616.726562  121616.625000
2217  177.590866  121673.265625  121672.726562  121671.585938  121671.492188
2218  177.670975  121728.109375  121727.609375  121726.437500  121726.351562
2219  177.751068  121782.953125  121782.515625  121781.304688  121781.210938
2220  177.831177  121837.773438  121837.367188  121836.164062  121836.046875
2221  177.911285  121892.640625  121892.226562  121891.039062  121890.929688
2222  177.991394  121947.523438  121947.078125  121945.906250  121945.765625
2223  178.071487  122002.398438  122001.929688  122000.796875  122000.632812
2224  178.151596  122057.210938  122056.781250  122055.648438  122055.492188
2225  178.231705  122112.070312  122111.656250  122110.507812  122110.375000
2226  178.311798  122166.945312  122166.500000  122165.351562  122165.226562
2227  178.391907  122221.804688  122221.359375  122220.218750  122220.070312
2228  178.472015  122276.671875  122276.210938  122275.070312  122274.929688
2229  178.552124  122331.523438  122331.070312  122329.945312  122329.773438
2230  178.632217  122386.367188  122385.921875  122384.789062  122384.609375
2231  178.712326  122441.242188  122440.781250  122439.625000  122439.468750
2232  178.792435  122496.109375  122495.609375  122494.515625  122494.328125
2233  178.872528  122550.945312  122550.460938  122549.382812  122549.179688
2234  178.952637  122605.789062  122605.320312  122604.226562  122604.031250
2235  179.032745  122660.656250  122660.195312  122659.085938  122658.875000
2236  179.112839  122715.515625  122715.054688  122713.921875  122713.742188
2237  179.192947  122770.367188  122769.937500  122768.781250  122768.585938
2238  179.273056  122825.218750  122824.820312  122823.656250  122823.445312
2239  179.353165  122880.070312  122879.687500  122878.523438  122878.304688
2240  179.433258  122934.929688  122934.546875  122933.367188  122933.156250
2241  179.513367  122989.781250  122989.406250  122988.203125  122988.015625
2242  179.593475  123044.664062  123044.273438  123043.062500  123042.875000
2243  179.673569  123099.562500  123099.140625  123097.960938  123097.710938
2244  179.753677  123154.406250  123154.015625  123152.835938  123152.562500
2245  179.833786  123209.265625  123208.851562  123207.710938  123207.421875
2246  179.913895  123264.109375  123263.710938  123262.570312  123262.281250
2247  179.993988  123319.000000  123318.578125  123317.406250  123317.132812
2248  180.074097  123373.867188  123373.445312  123372.265625  123371.992188
2249  180.154205  123428.703125  123428.289062  123427.117188  123426.835938
2250  180.234299  123483.539062  123483.156250  123482.000000  123481.695312
2251  180.314407  123538.367188  123538.007812  123536.851562  123536.554688
2252  180.394516  123593.234375  123592.867188  123591.718750  123591.390625
2253  180.474609  123648.054688  123647.710938  123646.554688  123646.265625
2254  180.554718  123702.945312  123702.562500  123701.414062  123701.132812
2255  180.634827  123757.773438  123757.421875  123756.273438  123755.968750
2256  180.714935  123812.617188  123812.320312  123811.125000  123810.835938
2257  180.795029  123867.476562  123867.187500  123865.960938  123865.710938
2258  180.875137  123922.351562  123922.031250  123920.789062  123920.562500
2259  180.955246  123977.218750  123976.875000  123975.656250  123975.414062
2260  181.035339  124032.054688  124031.757812  124030.500000  124030.250000
2261  181.115448  124086.914062  124086.632812  124085.367188  124085.109375
2262  181.195557  124141.765625  124141.484375  124140.218750  124139.968750
2263  181.275650  124196.632812  124196.375000  124195.070312  124194.835938
2264  181.355759  124251.500000  124251.234375  124249.921875  124249.671875
2265  181.435867  124306.359375  124306.085938  124304.773438  124304.515625
2266  181.515976  124361.234375  124360.984375  124359.632812  124359.382812
2267  181.596069  124416.109375  124415.851562  124414.507812  124414.242188
2268  181.676178  124470.968750  124470.718750  124469.359375  124469.093750
2269  181.756287  124525.812500  124525.585938  124524.195312  124523.960938
2270  181.836380  124580.648438  124580.453125  124579.039062  124578.820312
2271  181.916489  124635.531250  124635.320312  124633.914062  124633.679688
2272  181.996597  124690.375000  124690.156250  124688.765625  124688.546875
2273  182.076706  124745.218750  124745.000000  124743.609375  124743.390625
2274  182.156799  124800.101562  124799.875000  124798.468750  124798.234375
2275  182.236908  124854.945312  124854.726562  124853.312500  124853.085938
2276  182.317017  124909.820312  124909.570312  124908.179688  124907.953125
2277  182.397110  124964.648438  124964.398438  124963.000000  124962.804688
2278  182.477219  125019.507812  125019.265625  125017.867188  125017.671875
2279  182.557327  125074.351562  125074.101562  125072.703125  125072.539062
2280  182.637421  125129.250000  125128.968750  125127.554688  125127.390625
2281  182.717529  125184.085938  125183.804688  125182.406250  125182.234375
2282  182.797638  125238.929688  125238.632812  125237.242188  125237.078125
2283  182.877747  125293.765625  125293.492188  125292.109375  125291.914062
2284  182.957840  125348.593750  125348.335938  125346.976562  125346.781250
2285  183.037949  125403.445312  125403.203125  125401.804688  125401.632812
2286  183.118057  125458.250000  125458.078125  125456.656250  125456.484375
2287  183.198151  125513.125000  125512.945312  125511.546875  125511.335938
2288  183.278259  125567.984375  125567.835938  125566.414062  125566.187500
2289  183.358368  125622.851562  125622.718750  125621.250000  125621.054688
2290  183.438477  125677.687500  125677.585938  125676.117188  125675.906250
2291  183.518570  125732.554688  125732.445312  125730.992188  125730.773438
2292  183.598679  125787.406250  125787.296875  125785.851562  125785.617188
2293  183.678787  125842.265625  125842.164062  125840.687500  125840.460938
2294  183.758881  125897.125000  125897.054688  125895.554688  125895.328125
2295  183.838989  125951.960938  125951.898438  125950.406250  125950.187500
2296  183.919098  126006.843750  126006.734375  126005.242188  126005.054688
2297  183.999191  126061.664062  126061.585938  126060.078125  126059.898438
2298  184.079300  126116.562500  126116.468750  126114.937500  126114.726562
2299  184.159409  126171.414062  126171.343750  126169.804688  126169.585938
2300  184.239517  126226.250000  126226.195312  126224.671875  126224.445312
2301  184.319611  126281.132812  126281.023438  126279.515625  126279.296875
2302  184.399719  126336.015625  126335.937500  126334.367188  126334.171875
2303  184.479828  126390.851562  126390.796875  126389.234375  126389.031250
2304  184.559921  126445.703125  126445.664062  126444.109375  126443.890625
2305  184.640030  126500.570312  126500.507812  126498.953125  126498.734375
2306  184.720139  126555.460938  126555.367188  126553.789062  126553.609375
2307  184.800232  126610.312500  126610.210938  126608.640625  126608.445312
2308  184.880341  126665.156250  126665.085938  126663.484375  126663.312500
2309  184.960449  126720.015625  126719.921875  126718.335938  126718.179688
2310  185.040558  126774.859375  126774.820312  126773.179688  126773.046875
2311  185.120651  126829.718750  126829.664062  126828.023438  126827.882812
2312  185.200760  126884.546875  126884.515625  126882.882812  126882.750000
2313  185.280869  126939.398438  126939.367188  126937.718750  126937.632812
2314  185.360962  126994.281250  126994.226562  126992.578125  126992.484375
2315  185.441071  127049.117188  127049.062500  127047.429688  127047.335938
2316  185.521179  127103.960938  127103.929688  127102.281250  127102.187500
2317  185.601288  127158.804688  127158.781250  127157.132812  127157.078125
2318  185.681381  127213.656250  127213.625000  127211.976562  127211.945312
2319  185.761490  127268.507812  127268.484375  127266.859375  127266.812500
2320  185.841599  127323.390625  127323.335938  127321.695312  127321.664062
2321  185.921692  127378.226562  127378.203125  127376.585938  127376.523438
2322  186.001801  127433.070312  127433.062500  127431.468750  127431.367188
2323  186.081909  127487.937500  127487.898438  127486.312500  127486.250000
2324  186.162003  127542.765625  127542.726562  127541.179688  127541.101562
2325  186.242111  127597.601562  127597.562500  127596.046875  127595.953125
2326  186.322220  127652.437500  127652.429688  127650.929688  127650.773438
2327  186.402328  127707.273438  127707.234375  127705.781250  127705.640625
2328  186.482422  127762.125000  127762.101562  127760.656250  127760.507812
2329  186.562531  127816.976562  127816.960938  127815.539062  127815.375000
2330  186.642639  127871.812500  127871.804688  127870.406250  127870.242188
2331  186.722733  127926.679688  127926.671875  127925.281250  127925.109375
2332  186.802841  127981.539062  127981.515625  127980.140625  127979.953125
2333  186.882950  128036.382812  128036.351562  128035.023438  128034.804688
2334  186.963058  128091.218750  128091.179688  128089.867188  128089.671875
2335  187.043152  128146.054688  128146.031250  128144.757812  128144.546875
2336  187.123260  128200.921875  128200.875000  128199.625000  128199.414062
2337  187.203369  128255.781250  128255.734375  128254.468750  128254.296875
2338  187.283463  128310.648438  128310.609375  128309.328125  128309.125000
2339  187.363571  128365.476562  128365.476562  128364.187500  128363.984375
2340  187.443680  128420.335938  128420.320312  128419.023438  128418.851562
2341  187.523773  128475.179688  128475.179688  128473.859375  128473.718750
2342  187.603882  128530.015625  128530.023438  128528.695312  128528.554688
2343  187.683990  128584.890625  128584.851562  128583.539062  128583.398438
2344  187.764099  128639.765625  128639.710938  128638.390625  128638.257812
2345  187.844193  128694.632812  128694.554688  128693.234375  128693.093750
2346  187.924301  128749.468750  128749.421875  128748.078125  128747.937500
2347  188.004410  128804.335938  128804.257812  128802.937500  128802.789062
2348  188.084503  128859.156250  128859.117188  128857.804688  128857.640625
2349  188.164612  128914.039062  128913.984375  128912.648438  128912.492188
2350  188.244720  128968.929688  128968.835938  128967.484375  128967.335938
2351  188.324814  129023.804688  129023.718750  129022.335938  129022.195312
2352  188.404922  129078.640625  129078.570312  129077.187500  129077.054688
2353  188.485031  129133.515625  129133.460938  129132.046875  129131.906250
2354  188.565140  129188.382812  129188.289062  129186.867188  129186.773438
2355  188.645233  129243.234375  129243.164062  129241.710938  129241.640625
2356  188.725342  129298.078125  129298.031250  129296.578125  129296.500000
2357  188.805450  129352.929688  129352.882812  129351.421875  129351.351562
2358  188.885544  129407.750000  129407.710938  129406.257812  129406.242188
2359  188.965652  129462.585938  129462.570312  129461.117188  129461.101562
2360  189.045761  129517.445312  129517.429688  129516.007812  129515.921875
2361  189.125870  129572.335938  129572.304688  129570.882812  129570.781250
2362  189.205963  129627.187500  129627.132812  129625.750000  129625.640625
2363  189.286072  129682.039062  129682.000000  129680.601562  129680.484375
2364  189.366180  129736.882812  129736.851562  129735.460938  129735.351562
2365  189.446274  129791.757812  129791.750000  129790.289062  129790.195312
2366  189.526382  129846.609375  129846.609375  129845.132812  129845.085938
2367  189.606491  129901.421875  129901.453125  129900.000000  129899.921875
2368  189.686584  129956.273438  129956.289062  129954.859375  129954.781250
2369  189.766693  130011.125000  130011.156250  130009.757812  130009.625000
2370  189.846802  130065.984375  130066.070312  130064.601562  130064.484375
2371  189.926910  130120.851562  130120.953125  130119.445312  130119.359375
2372  190.007004  130175.679688  130175.804688  130174.328125  130174.203125
2373  190.087112  130230.531250  130230.656250  130229.179688  130229.039062
2374  190.167221  130285.382812  130285.523438  130284.015625  130283.898438
2375  190.247314  130340.226562  130340.390625  130338.882812  130338.765625
2376  190.327423  130395.156250  130395.242188  130393.734375  130393.625000
2377  190.407532  130450.007812  130450.062500  130448.601562  130448.492188
2378  190.487640  130504.890625  130504.960938  130503.484375  130503.359375
2379  190.567734  130559.765625  130559.812500  130558.335938  130558.210938
2380  190.647842  130614.632812  130614.671875  130613.187500  130613.070312
2381  190.727951  130669.468750  130669.507812  130668.062500  130667.929688
2382  190.808044  130724.320312  130724.390625  130722.906250  130722.781250
2383  190.888153  130779.179688  130779.273438  130777.750000  130777.632812
2384  190.968262  130834.046875  130834.156250  130832.625000  130832.492188
2385  191.048355  130888.890625  130888.992188  130887.500000  130887.375000
2386  191.128464  130943.781250  130943.851562  130942.367188  130942.210938
2387  191.208572  130998.664062  130998.765625  130997.226562  130997.062500
2388  191.288681  131053.492188  131053.632812  131052.093750  131051.921875
2389  191.368774  131108.343750  131108.484375  131106.968750  131106.765625
2390  191.448883  131163.218750  131163.343750  131161.812500  131161.609375
2391  191.528992  131218.046875  131218.234375  131216.640625  131216.468750
2392  191.609085  131272.890625  131273.125000  131271.515625  131271.265625
2393  191.689194  131327.796875  131328.000000  131326.359375  131326.156250
2394  191.769302  131382.656250  131382.843750  131381.187500  131381.000000
2395  191.849396  131437.500000  131437.703125  131436.062500  131435.875000
2396  191.929504  131492.359375  131492.546875  131490.937500  131490.718750
2397  192.009613  131547.187500  131547.437500  131545.781250  131545.562500
2398  192.089722  131602.015625  131602.296875  131600.656250  131600.421875
2399  192.169815  131656.875000  131657.218750  131655.500000  131655.250000
2400  192.249924  131711.765625  131712.046875  131710.375000  131710.109375
2401  192.330032  131766.609375  131766.906250  131765.218750  131764.984375
2402  192.410126  131821.453125  131821.781250  131820.078125  131819.828125
2403  192.490234  131876.312500  131876.625000  131874.921875  131874.687500
2404  192.570343  131931.171875  131931.484375  131929.765625  131929.515625
2405  192.650452  131986.015625  131986.343750  131984.609375  131984.375000
2406  192.730545  132040.859375  132041.203125  132039.468750  132039.250000
2407  192.810654  132095.718750  132096.046875  132094.296875  132094.125000
2408  192.890762  132150.593750  132150.875000  132149.140625  132148.953125
2409  192.970856  132205.437500  132205.734375  132204.015625  132203.828125
2410  193.050964  132260.296875  132260.593750  132258.890625  132258.687500
2411  193.131073  132315.156250  132315.453125  132313.750000  132313.562500
2412  193.211166  132370.031250  132370.296875  132368.609375  132368.421875
2413  193.291275  132424.906250  132425.140625  132423.421875  132423.296875
2414  193.371384  132479.781250  132479.984375  132478.265625  132478.171875
2415  193.451492  132534.609375  132534.843750  132533.140625  132533.031250
2416  193.531586  132589.468750  132589.718750  132588.000000  132587.859375
2417  193.611694  132644.312500  132644.593750  132642.890625  132642.718750
2418  193.691803  132699.140625  132699.453125  132697.750000  132697.578125
2419  193.771896  132753.984375  132754.296875  132752.609375  132752.421875
2420  193.852005  132808.843750  132809.156250  132807.453125  132807.250000
2421  193.932114  132863.671875  132864.000000  132862.312500  132862.140625
2422  194.012222  132918.515625  132918.875000  132917.156250  132916.984375
2423  194.092316  132973.406250  132973.734375  132972.000000  132971.812500
2424  194.172424  133028.281250  133028.609375  133026.843750  133026.687500
2425  194.252533  133083.140625  133083.468750  133081.703125  133081.546875
2426  194.332626  133137.984375  133138.328125  133136.531250  133136.421875
2427  194.412735  133192.843750  133193.187500  133191.390625  133191.296875
2428  194.492844  133247.718750  133248.015625  133246.234375  133246.140625
2429  194.572937  133302.625000  133302.906250  133301.125000  133301.015625
2430  194.653046  133357.453125  133357.781250  133355.968750  133355.859375
2431  194.733154  133412.312500  133412.656250  133410.828125  133410.734375
2432  194.813263  133467.187500  133467.515625  133465.703125  133465.593750
2433  194.893356  133522.031250  133522.359375  133520.578125  133520.468750
2434  194.973465  133576.859375  133577.250000  133575.437500  133575.328125
2435  195.053574  133631.718750  133632.125000  133630.281250  133630.171875
2436  195.133667  133686.578125  133686.984375  133685.140625  133685.046875
2437  195.213776  133741.437500  133741.812500  133739.968750  133739.921875
2438  195.293884  133796.296875  133796.687500  133794.843750  133794.781250
2439  195.373978  133851.140625  133851.531250  133849.718750  133849.609375
2440  195.454086  133906.000000  133906.390625  133904.562500  133904.500000
2441  195.534195  133960.859375  133961.234375  133959.437500  133959.328125
2442  195.614304  134015.703125  134016.125000  134014.281250  134014.187500
2443  195.694397  134070.515625  134070.953125  134069.171875  134069.046875
2444  195.774506  134125.406250  134125.843750  134124.015625  134123.906250
2445  195.854614  134180.234375  134180.703125  134178.890625  134178.750000
2446  195.934708  134235.093750  134235.578125  134233.765625  134233.609375
2447  196.014816  134289.921875  134290.437500  134288.625000  134288.453125
2448  196.094925  134344.781250  134345.296875  134343.484375  134343.296875
2449  196.175034  134399.640625  134400.140625  134398.359375  134398.140625
2450  196.255127  134454.484375  134455.000000  134453.218750  134453.000000
2451  196.335236  134509.312500  134509.875000  134508.046875  134507.875000
2452  196.415344  134564.140625  134564.734375  134562.906250  134562.718750
2453  196.495438  134618.984375  134619.578125  134617.781250  134617.546875
2454  196.575546  134673.859375  134674.437500  134672.625000  134672.421875
2455  196.655655  134728.718750  134729.281250  134727.468750  134727.265625
2456  196.735748  134783.562500  134784.109375  134782.328125  134782.093750
2457  196.815857  134838.390625  134838.984375  134837.171875  134836.937500
2458  196.895966  134893.234375  134893.828125  134892.046875  134891.796875
2459  196.976074  134948.093750  134948.671875  134946.937500  134946.656250
2460  197.056168  135002.937500  135003.562500  135001.828125  135001.531250
2461  197.136276  135057.796875  135058.437500  135056.687500  135056.359375
2462  197.216385  135112.625000  135113.281250  135111.515625  135111.187500
2463  197.296478  135167.484375  135168.171875  135166.390625  135166.062500
2464  197.376587  135222.328125  135223.046875  135221.187500  135220.906250
2465  197.456696  135277.187500  135277.875000  135276.046875  135275.750000
2466  197.536804  135332.031250  135332.703125  135330.906250  135330.562500
2467  197.616898  135386.890625  135387.546875  135385.750000  135385.406250
2468  197.697006  135441.781250  135442.406250  135440.593750  135440.265625
2469  197.777115  135496.640625  135497.250000  135495.453125  135495.125000
2470  197.857208  135551.531250  135552.109375  135550.328125  135549.984375
2471  197.937317  135606.375000  135606.984375  135605.156250  135604.843750
2472  198.017426  135661.250000  135661.843750  135660.000000  135659.703125
2473  198.097519  135716.125000  135716.703125  135714.843750  135714.578125
2474  198.177628  135770.968750  135771.546875  135769.703125  135769.437500
2475  198.257736  135825.875000  135826.406250  135824.562500  135824.281250
2476  198.337845  135880.750000  135881.312500  135879.406250  135879.156250
2477  198.417938  135935.593750  135936.171875  135934.234375  135934.000000
2478  198.498047  135990.437500  135991.046875  135989.109375  135988.843750
2479  198.578156  136045.296875  136045.859375  136043.968750  136043.703125
2480  198.658249  136100.156250  136100.718750  136098.859375  136098.562500
2481  198.738358  136155.015625  136155.593750  136153.703125  136153.390625
2482  198.818466  136209.828125  136210.421875  136208.531250  136208.250000
2483  198.898560  136264.687500  136265.265625  136263.375000  136263.125000
2484  198.978668  136319.578125  136320.125000  136318.234375  136318.000000
2485  199.058777  136374.406250  136374.968750  136373.109375  136372.875000
2486  199.138885  136429.265625  136429.828125  136427.968750  136427.750000
2487  199.218979  136484.140625  136484.656250  136482.828125  136482.593750
2488  199.299088  136539.031250  136539.515625  136537.687500  136537.437500
2489  199.379196  136593.906250  136594.390625  136592.562500  136592.312500
2490  199.459290  136648.765625  136649.203125  136647.406250  136647.187500
2491  199.539398  136703.656250  136704.062500  136702.234375  136702.031250
2492  199.619507  136758.515625  136758.937500  136757.140625  136756.875000
2493  199.699615  136813.390625  136813.812500  136812.000000  136811.734375
2494  199.779709  136868.281250  136868.687500  136866.875000  136866.609375
2495  199.859818  136923.140625  136923.546875  136921.718750  136921.468750
2496  199.939926  136977.984375  136978.421875  136976.578125  136976.312500
2497  200.020020  137032.843750  137033.312500  137031.437500  137031.156250
2498  200.100128  137087.703125  137088.187500  137086.296875  137086.015625
2499  200.180237  137142.593750  137143.078125  137141.171875  137140.890625
2500  200.260330  137197.421875  137197.937500  137196.031250  137195.750000
2501  200.340439  137252.250000  137252.812500  137250.859375  137250.593750
2502  200.420547  137307.109375  137307.656250  137305.687500  137305.484375
2503  200.500656  137361.968750  137362.515625  137360.578125  137360.328125
2504  200.580750  137416.812500  137417.375000  137415.468750  137415.187500
2505  200.660858  137471.671875  137472.203125  137470.312500  137470.031250
2506  200.740967  137526.546875  137527.046875  137525.187500  137524.890625
2507  200.821060  137581.406250  137581.937500  137580.046875  137579.734375
2508  200.901169  137636.234375  137636.796875  137634.906250  137634.593750
2509  200.981277  137691.109375  137691.640625  137689.734375  137689.484375
2510  201.061386  137745.953125  137746.500000  137744.578125  137744.359375
2511  201.141479  137800.796875  137801.359375  137799.421875  137799.234375
2512  201.221588  137855.671875  137856.203125  137854.250000  137854.125000
2513  201.301697  137910.531250  137911.046875  137909.140625  137909.015625
2514  201.381790  137965.390625  137965.875000  137964.015625  137963.859375
2515  201.461899  138020.265625  138020.734375  138018.859375  138018.734375
2516  201.542007  138075.140625  138075.562500  138073.734375  138073.578125
2517  201.622101  138129.984375  138130.468750  138128.562500  138128.437500
2518  201.702209  138184.812500  138185.281250  138183.406250  138183.328125
2519  201.782318  138239.671875  138240.125000  138238.265625  138238.187500
2520  201.862427  138294.484375  138294.984375  138293.140625  138293.062500
2521  201.942520  138349.328125  138349.859375  138348.000000  138347.906250
2522  202.022629  138404.171875  138404.703125  138402.859375  138402.781250
2523  202.102737  138459.046875  138459.562500  138457.718750  138457.640625
2524  202.182831  138513.906250  138514.453125  138512.593750  138512.500000
2525  202.262939  138568.765625  138569.281250  138567.421875  138567.375000
2526  202.343048  138623.609375  138624.140625  138622.265625  138622.234375
2527  202.423141  138678.453125  138679.015625  138677.125000  138677.078125
2528  202.503250  138733.296875  138733.890625  138732.015625  138731.921875
2529  202.583359  138788.125000  138788.734375  138786.859375  138786.796875
2530  202.663467  138842.968750  138843.593750  138841.750000  138841.671875
2531  202.743561  138897.843750  138898.484375  138896.609375  138896.515625
2532  202.823669  138952.703125  138953.328125  138951.453125  138951.375000
2533  202.903778  139007.531250  139008.171875  139006.328125  139006.203125
2534  202.983871  139062.406250  139063.000000  139061.187500  139061.046875
2535  203.063980  139117.250000  139117.859375  139116.015625  139115.906250
2536  203.144089  139172.109375  139172.750000  139170.843750  139170.750000
2537  203.224197  139226.953125  139227.593750  139225.703125  139225.609375
2538  203.304291  139281.812500  139282.421875  139280.546875  139280.453125
2539  203.384399  139336.671875  139337.265625  139335.406250  139335.281250
2540  203.464508  139391.515625  139392.093750  139390.281250  139390.156250
2541  203.544601  139446.406250  139446.953125  139445.140625  139445.015625
2542  203.624710  139501.265625  139501.812500  139500.000000  139499.859375
2543  203.704819  139556.078125  139556.640625  139554.875000  139554.750000
2544  203.784912  139610.937500  139611.468750  139609.750000  139609.578125
2545  203.865021  139665.781250  139666.296875  139664.593750  139664.437500
2546  203.945129  139720.640625  139721.171875  139719.437500  139719.328125
2547  204.025238  139775.484375  139776.000000  139774.328125  139774.187500
2548  204.105331  139830.328125  139830.843750  139829.171875  139829.031250
2549  204.185440  139885.171875  139885.718750  139884.046875  139883.906250
2550  204.265549  139940.031250  139940.578125  139938.875000  139938.796875
2551  204.345642  139994.906250  139995.453125  139993.734375  139993.656250
2552  204.425751  140049.718750  140050.312500  140048.578125  140048.500000
2553  204.505859  140104.593750  140105.156250  140103.421875  140103.343750
2554  204.585968  140159.453125  140160.062500  140158.296875  140158.218750
2555  204.666061  140214.328125  140214.890625  140213.140625  140213.046875
2556  204.746170  140269.171875  140269.750000  140268.015625  140267.937500
2557  204.826279  140324.031250  140324.640625  140322.875000  140322.796875
2558  204.906372  140378.921875  140379.500000  140377.703125  140377.671875
2559  204.986481  140433.781250  140434.359375  140432.546875  140432.531250
2560  205.066589  140488.656250  140489.234375  140487.421875  140487.375000
2561  205.146683  140543.500000  140544.109375  140542.281250  140542.234375
2562  205.226791  140598.343750  140598.953125  140597.140625  140597.093750
2563  205.306900  140653.171875  140653.828125  140651.953125  140651.984375
2564  205.387009  140708.046875  140708.718750  140706.812500  140706.859375
2565  205.467102  140762.937500  140763.546875  140761.671875  140761.718750
2566  205.547211  140817.812500  140818.375000  140816.515625  140816.578125
2567  205.627319  140872.703125  140873.218750  140871.359375  140871.437500
2568  205.707413  140927.546875  140928.093750  140926.218750  140926.281250
2569  205.787521  140982.390625  140982.953125  140981.078125  140981.125000
2570  205.867630  141037.234375  141037.796875  141035.937500  141035.984375
2571  205.947739  141092.078125  141092.656250  141090.765625  141090.859375
2572  206.027832  141146.906250  141147.500000  141145.640625  141145.703125
2573  206.107941  141201.734375  141202.375000  141200.453125  141200.562500
2574  206.188049  141256.609375  141257.265625  141255.328125  141255.406250
2575  206.268143  141311.484375  141312.125000  141310.171875  141310.265625
2576  206.348251  141366.343750  141366.984375  141365.062500  141365.109375
2577  206.428360  141421.234375  141421.828125  141419.906250  141419.953125
2578  206.508453  141476.078125  141476.671875  141474.765625  141474.781250
2579  206.588562  141530.906250  141531.531250  141529.593750  141529.671875
2580  206.668671  141585.796875  141586.375000  141584.421875  141584.515625
2581  206.748779  141640.625000  141641.234375  141639.281250  141639.375000
2582  206.828873  141695.468750  141696.093750  141694.140625  141694.250000
2583  206.908981  141750.312500  141750.937500  141749.015625  141749.093750
2584  206.989090  141805.171875  141805.750000  141803.875000  141803.968750
2585  207.069183  141860.031250  141860.625000  141858.734375  141858.812500
2586  207.149292  141914.890625  141915.484375  141913.609375  141913.671875
2587  207.229401  141969.765625  141970.296875  141968.453125  141968.531250
2588  207.309494  142024.625000  142025.156250  142023.312500  142023.390625
2589  207.389603  142079.546875  142079.968750  142078.171875  142078.250000
2590  207.469711  142134.406250  142134.843750  142133.046875  142133.078125
2591  207.549820  142189.281250  142189.734375  142187.890625  142187.921875
2592  207.629913  142244.109375  142244.593750  142242.718750  142242.796875
2593  207.710022  142298.968750  142299.437500  142297.593750  142297.656250
2594  207.790131  142353.812500  142354.281250  142352.453125  142352.468750
2595  207.870224  142408.671875  142409.140625  142407.281250  142407.343750
2596  207.950333  142463.515625  142464.000000  142462.125000  142462.203125
2597  208.030441  142518.359375  142518.859375  142516.984375  142517.062500
2598  208.110550  142573.218750  142573.765625  142571.843750  142571.906250
2599  208.190643  142628.093750  142628.625000  142626.718750  142626.781250
2600  208.270752  142682.937500  142683.500000  142681.562500  142681.640625
2601  208.350861  142737.812500  142738.343750  142736.406250  142736.500000
2602  208.430954  142792.656250  142793.203125  142791.234375  142791.375000
2603  208.511063  142847.515625  142848.078125  142846.109375  142846.203125
2604  208.591171  142902.359375  142902.953125  142901.000000  142901.046875
2605  208.671265  142957.218750  142957.796875  142955.859375  142955.937500
2606  208.751373  143012.062500  143012.671875  143010.687500  143010.812500
2607  208.831482  143066.921875  143067.531250  143065.578125  143065.656250
2608  208.911591  143121.765625  143122.343750  143120.406250  143120.531250
2609  208.991684  143176.609375  143177.203125  143175.234375  143175.390625
2610  209.071793  143231.468750  143232.031250  143230.078125  143230.281250
2611  209.151901  143286.312500  143286.859375  143284.953125  143285.125000
2612  209.231995  143341.156250  143341.734375  143339.796875  143339.984375
2613  209.312103  143396.000000  143396.562500  143394.640625  143394.875000
2614  209.392212  143450.859375  143451.437500  143449.500000  143449.734375
2615  209.472321  143505.734375  143506.312500  143504.359375  143504.609375
2616  209.552414  143560.578125  143561.171875  143559.218750  143559.468750
2617  209.632523  143615.468750  143616.031250  143614.046875  143614.328125
2618  209.712631  143670.343750  143670.890625  143668.890625  143669.203125
2619  209.792725  143725.234375  143725.765625  143723.765625  143724.046875
2620  209.872833  143780.046875  143780.609375  143778.625000  143778.921875
2621  209.952942  143834.890625  143835.453125  143833.484375  143833.781250
2622  210.033035  143889.718750  143890.312500  143888.328125  143888.656250
2623  210.113144  143944.609375  143945.156250  143943.203125  143943.500000
2624  210.193253  143999.421875  144000.015625  143998.062500  143998.343750
2625  210.273361  144054.281250  144054.859375  144052.921875  144053.187500
2626  210.353455  144109.140625  144109.750000  144107.765625  144108.046875
2627  210.433563  144164.015625  144164.609375  144162.625000  144162.921875
2628  210.513672  144218.859375  144219.468750  144217.484375  144217.812500
2629  210.593765  144273.718750  144274.343750  144272.343750  144272.656250
2630  210.673874  144328.562500  144329.203125  144327.203125  144327.500000
2631  210.753983  144383.421875  144384.078125  144382.031250  144382.375000
2632  210.834076  144438.250000  144438.937500  144436.937500  144437.234375
2633  210.914185  144493.125000  144493.812500  144491.781250  144492.093750
2634  210.994293  144547.984375  144548.671875  144546.640625  144546.968750
2635  211.074402  144602.843750  144603.531250  144601.484375  144601.875000
2636  211.154495  144657.671875  144658.390625  144656.375000  144656.734375
2637  211.234604  144712.515625  144713.218750  144711.218750  144711.593750
2638  211.314713  144767.390625  144768.062500  144766.078125  144766.468750
2639  211.394806  144822.250000  144822.937500  144820.906250  144821.296875
2640  211.474915  144877.078125  144877.843750  144875.718750  144876.140625
2641  211.555023  144931.937500  144932.687500  144930.609375  144930.984375
2642  211.635132  144986.796875  144987.546875  144985.453125  144985.843750
2643  211.715225  145041.640625  145042.375000  145040.312500  145040.703125
2644  211.795334  145096.515625  145097.234375  145095.125000  145095.546875
2645  211.875443  145151.406250  145152.109375  145149.968750  145150.406250
2646  211.955536  145206.250000  145206.984375  145204.828125  145205.250000
2647  212.035645  145261.078125  145261.828125  145259.640625  145260.109375
2648  212.115753  145315.937500  145316.734375  145314.500000  145314.953125
2649  212.195847  145370.750000  145371.609375  145369.375000  145369.812500
2650  212.275955  145425.609375  145426.468750  145424.218750  145424.656250
2651  212.356064  145480.484375  145481.328125  145479.078125  145479.546875
2652  212.436172  145535.343750  145536.171875  145533.953125  145534.375000
2653  212.516266  145590.187500  145591.015625  145588.781250  145589.218750
2654  212.596375  145645.078125  145645.875000  145643.640625  145644.046875
2655  212.676483  145699.906250  145700.703125  145698.484375  145698.906250
2656  212.756577  145754.796875  145755.578125  145753.375000  145753.750000
2657  212.836685  145809.625000  145810.468750  145808.265625  145808.593750
2658  212.916794  145864.500000  145865.328125  145863.109375  145863.468750
2659  212.996902  145919.328125  145920.187500  145918.000000  145918.328125
2660  213.076996  145974.171875  145975.015625  145972.843750  145973.171875
2661  213.157104  146029.062500  146029.890625  146027.703125  146028.031250
2662  213.237213  146083.984375  146084.765625  146082.546875  146082.890625
2663  213.317307  146138.843750  146139.625000  146137.375000  146137.734375
2664  213.397415  146193.718750  146194.484375  146192.250000  146192.578125
2665  213.477524  146248.609375  146249.312500  146247.140625  146247.437500
2666  213.557617  146303.468750  146304.187500  146301.984375  146302.312500
2667  213.637726  146358.281250  146359.031250  146356.812500  146357.140625
2668  213.717834  146413.156250  146413.906250  146411.671875  146412.000000
2669  213.797943  146468.031250  146468.750000  146466.500000  146466.843750
2670  213.878036  146522.937500  146523.593750  146521.343750  146521.734375
2671  213.958145  146577.812500  146578.453125  146576.187500  146576.546875
2672  214.038254  146632.656250  146633.328125  146631.046875  146631.406250
2673  214.118347  146687.515625  146688.171875  146685.921875  146686.281250
2674  214.198456  146742.359375  146743.062500  146740.765625  146741.109375
2675  214.278564  146797.234375  146797.921875  146795.593750  146795.953125
2676  214.358658  146852.093750  146852.781250  146850.484375  146850.812500
2677  214.438766  146906.968750  146907.640625  146905.359375  146905.703125
2678  214.518875  146961.828125  146962.500000  146960.234375  146960.593750
2679  214.598984  147016.671875  147017.359375  147015.093750  147015.468750
2680  214.679077  147071.562500  147072.234375  147069.937500  147070.296875
2681  214.759186  147126.406250  147127.109375  147124.796875  147125.156250
2682  214.839294  147181.250000  147181.968750  147179.640625  147180.000000
2683  214.919388  147236.046875  147236.781250  147234.500000  147234.875000
2684  214.999496  147290.875000  147291.640625  147289.359375  147289.765625
2685  215.079605  147345.750000  147346.500000  147344.218750  147344.625000
2686  215.159714  147400.578125  147401.343750  147399.078125  147399.500000
2687  215.239807  147455.453125  147456.218750  147453.968750  147454.343750
2688  215.319916  147510.312500  147511.062500  147508.812500  147509.203125
2689  215.400024  147565.171875  147565.890625  147563.718750  147564.031250
2690  215.480118  147620.000000  147620.734375  147618.593750  147618.875000
2691  215.560226  147674.875000  147675.593750  147673.453125  147673.765625
2692  215.640335  147729.718750  147730.421875  147728.312500  147728.609375
2693  215.720428  147784.578125  147785.265625  147783.140625  147783.453125
2694  215.800537  147839.437500  147840.093750  147837.984375  147838.328125
2695  215.880646  147894.312500  147894.921875  147892.796875  147893.187500
2696  215.960754  147949.187500  147949.796875  147947.703125  147948.015625
2697  216.040848  148004.062500  148004.656250  148002.562500  148002.875000
2698  216.120956  148058.890625  148059.531250  148057.421875  148057.750000
2699  216.201065  148113.750000  148114.375000  148112.312500  148112.609375
2700  216.281158  148168.593750  148169.265625  148167.171875  148167.453125
2701  216.361267  148223.437500  148224.140625  148222.062500  148222.296875
2702  216.441376  148278.312500  148278.968750  148276.906250  148277.187500
2703  216.521484  148333.140625  148333.843750  148331.765625  148332.046875
2704  216.601578  148388.031250  148388.687500  148386.625000  148386.921875
2705  216.681686  148442.875000  148443.562500  148441.500000  148441.765625
2706  216.761795  148497.750000  148498.453125  148496.312500  148496.656250
2707  216.841888  148552.609375  148553.281250  148551.187500  148551.546875
2708  216.921997  148607.453125  148608.156250  148606.046875  148606.406250
2709  217.002106  148662.312500  148663.015625  148660.906250  148661.265625
2710  217.082199  148717.171875  148717.890625  148715.750000  148716.078125
2711  217.162308  148772.015625  148772.718750  148770.609375  148770.906250
2712  217.242416  148826.875000  148827.578125  148825.453125  148825.781250
2713  217.322525  148881.750000  148882.437500  148880.359375  148880.640625
2714  217.402618  148936.609375  148937.312500  148935.234375  148935.484375
2715  217.482727  148991.484375  148992.156250  148990.093750  148990.375000
2716  217.562836  149046.312500  149047.078125  149044.937500  149045.265625
2717  217.642929  149101.156250  149101.937500  149099.796875  149100.125000
2718  217.723038  149156.046875  149156.796875  149154.640625  149155.000000
2719  217.803146  149210.937500  149211.656250  149209.500000  149209.859375
2720  217.883240  149265.781250  149266.515625  149264.359375  149264.718750
2721  217.963348  149320.625000  149321.359375  149319.234375  149319.562500
2722  218.043457  149375.453125  149376.218750  149374.078125  149374.406250
2723  218.123566  149430.296875  149431.078125  149429.000000  149429.250000
2724  218.203659  149485.140625  149485.921875  149483.875000  149484.062500
2725  218.283768  149540.000000  149540.812500  149538.750000  149538.921875
2726  218.363876  149594.828125  149595.687500  149593.609375  149593.781250
2727  218.443970  149649.687500  149650.531250  149648.421875  149648.625000
2728  218.524078  149704.500000  149705.390625  149703.281250  149703.500000
2729  218.604187  149759.343750  149760.187500  149758.109375  149758.359375
2730  218.684296  149814.250000  149815.062500  149812.953125  149813.218750
2731  218.764389  149869.093750  149869.906250  149867.812500  149868.062500
2732  218.844498  149923.937500  149924.781250  149922.671875  149922.906250
2733  218.924606  149978.843750  149979.625000  149977.546875  149977.750000
2734  219.004700  150033.734375  150034.515625  150032.375000  150032.593750
2735  219.084808  150088.546875  150089.406250  150087.234375  150087.421875
2736  219.164917  150143.390625  150144.250000  150142.093750  150142.281250
2737  219.245010  150198.265625  150199.093750  150196.937500  150197.171875
2738  219.325119  150253.109375  150253.953125  150251.828125  150252.062500
2739  219.405228  150307.968750  150308.765625  150306.671875  150306.921875
2740  219.485336  150362.859375  150363.593750  150361.531250  150361.812500
2741  219.565430  150417.687500  150418.453125  150416.437500  150416.656250
2742  219.645538  150472.531250  150473.296875  150471.312500  150471.500000
2743  219.725647  150527.421875  150528.109375  150526.156250  150526.343750
2744  219.805740  150582.328125  150583.000000  150581.000000  150581.187500
2745  219.885849  150637.203125  150637.843750  150635.875000  150636.078125
2746  219.965958  150692.093750  150692.703125  150690.750000  150690.921875
2747  220.046066  150746.968750  150747.562500  150745.593750  150745.765625
2748  220.126160  150801.812500  150802.421875  150800.453125  150800.593750
2749  220.206268  150856.671875  150857.281250  150855.328125  150855.453125
2750  220.286377  150911.531250  150912.125000  150910.187500  150910.328125
2751  220.366470  150966.359375  150967.000000  150965.078125  150965.171875
2752  220.446579  151021.218750  151021.921875  151019.921875  151020.015625
2753  220.526688  151076.062500  151076.765625  151074.796875  151074.890625
2754  220.606781  151130.875000  151131.609375  151129.671875  151129.734375
2755  220.686890  151185.812500  151186.453125  151184.562500  151184.625000
2756  220.766998  151240.640625  151241.312500  151239.406250  151239.500000
2757  220.847107  151295.562500  151296.156250  151294.265625  151294.343750
2758  220.927200  151350.406250  151351.000000  151349.140625  151349.203125
2759  221.007309  151405.312500  151405.859375  151404.000000  151404.046875
2760  221.087418  151460.187500  151460.718750  151458.828125  151458.875000
2761  221.167511  151515.046875  151515.562500  151513.703125  151513.734375
2762  221.247620  151569.937500  151570.421875  151568.531250  151568.593750
2763  221.327728  151624.781250  151625.265625  151623.375000  151623.484375
2764  221.407822  151679.625000  151680.187500  151678.250000  151678.343750
2765  221.487930  151734.500000  151735.015625  151733.140625  151733.203125
2766  221.568039  151789.359375  151789.875000  151787.984375  151788.046875
2767  221.648148  151844.203125  151844.765625  151842.843750  151842.937500
2768  221.728241  151899.062500  151899.640625  151897.703125  151897.796875
2769  221.808350  151953.937500  151954.500000  151952.578125  151952.656250
2770  221.888458  152008.796875  152009.343750  152007.406250  152007.515625
2771  221.968552  152063.640625  152064.250000  152062.312500  152062.359375
2772  222.048660  152118.500000  152119.062500  152117.187500  152117.203125
2773  222.128769  152173.328125  152173.906250  152172.125000  152172.093750
2774  222.208878  152228.218750  152228.781250  152226.968750  152226.921875
2775  222.288971  152283.078125  152283.656250  152281.828125  152281.765625
2776  222.369080  152337.937500  152338.515625  152336.656250  152336.625000
2777  222.449188  152392.812500  152393.406250  152391.515625  152391.484375
2778  222.529282  152447.703125  152448.234375  152446.328125  152446.359375
2779  222.609390  152502.546875  152503.078125  152501.234375  152501.265625
2780  222.689499  152557.390625  152557.921875  152556.062500  152556.140625
2781  222.769592  152612.234375  152612.781250  152610.906250  152611.000000
2782  222.849701  152667.093750  152667.640625  152665.765625  152665.875000
2783  222.929810  152721.953125  152722.500000  152720.609375  152720.718750
2784  223.009918  152776.796875  152777.390625  152775.453125  152775.609375
2785  223.090012  152831.687500  152832.296875  152830.312500  152830.484375
2786  223.170120  152886.562500  152887.156250  152885.156250  152885.359375
2787  223.250229  152941.421875  152942.000000  152940.015625  152940.187500
2788  223.330322  152996.281250  152996.890625  152994.906250  152995.062500
2789  223.410431  153051.140625  153051.718750  153049.750000  153049.937500
2790  223.490540  153105.968750  153106.578125  153104.625000  153104.796875
2791  223.570648  153160.828125  153161.437500  153159.453125  153159.656250
2792  223.650742  153215.656250  153216.343750  153214.312500  153214.484375
2793  223.730850  153270.546875  153271.187500  153269.140625  153269.375000
2794  223.810959  153325.375000  153326.046875  153323.984375  153324.234375
2795  223.891052  153380.234375  153380.875000  153378.859375  153379.062500
2796  223.971161  153435.109375  153435.765625  153433.734375  153433.937500
2797  224.051270  153489.937500  153490.625000  153488.593750  153488.828125
2798  224.131363  153544.812500  153545.468750  153543.468750  153543.718750
2799  224.211472  153599.656250  153600.359375  153598.328125  153598.593750
2800  224.291580  153654.515625  153655.218750  153653.203125  153653.437500
2801  224.371689  153709.375000  153710.031250  153708.078125  153708.281250
2802  224.451782  153764.218750  153764.875000  153762.937500  153763.109375
2803  224.531891  153819.078125  153819.734375  153817.765625  153817.984375
2804  224.612000  153873.984375  153874.562500  153872.625000  153872.828125
2805  224.692093  153928.859375  153929.421875  153927.468750  153927.687500
2806  224.772202  153983.703125  153984.265625  153982.312500  153982.562500
2807  224.852310  154038.593750  154039.125000  154037.171875  154037.390625
2808  224.932404  154093.437500  154093.968750  154092.046875  154092.250000
2809  225.012512  154148.296875  154148.796875  154146.906250  154147.156250
2810  225.092621  154203.125000  154203.671875  154201.734375  154201.984375
2811  225.172729  154257.968750  154258.578125  154256.593750  154256.890625
2812  225.252823  154312.812500  154313.437500  154311.468750  154311.734375
2813  225.332932  154367.718750  154368.281250  154366.343750  154366.593750
2814  225.413040  154422.562500  154423.125000  154421.218750  154421.421875
2815  225.493134  154477.468750  154477.968750  154476.078125  154476.265625
2816  225.573242  154532.312500  154532.812500  154530.921875  154531.109375
2817  225.653351  154587.187500  154587.671875  154585.781250  154585.953125
2818  225.733459  154642.078125  154642.531250  154640.593750  154640.781250
2819  225.813553  154696.937500  154697.437500  154695.453125  154695.640625
2820  225.893661  154751.781250  154752.265625  154750.312500  154750.500000
2821  225.973770  154806.640625  154807.156250  154805.140625  154805.375000
2822  226.053864  154861.484375  154862.000000  154860.015625  154860.218750
2823  226.133972  154916.359375  154916.859375  154914.828125  154915.078125
2824  226.214081  154971.218750  154971.718750  154969.718750  154969.937500
2825  226.294174  155026.078125  155026.593750  155024.609375  155024.812500
2826  226.374283  155080.953125  155081.437500  155079.453125  155079.671875
2827  226.454391  155135.796875  155136.265625  155134.312500  155134.500000
2828  226.534500  155190.656250  155191.125000  155189.171875  155189.343750
2829  226.614594  155245.531250  155246.000000  155244.000000  155244.171875
2830  226.694702  155300.375000  155300.812500  155298.859375  155299.015625
2831  226.774811  155355.250000  155355.687500  155353.687500  155353.843750
2832  226.854904  155410.078125  155410.578125  155408.531250  155408.718750
2833  226.935013  155464.937500  155465.406250  155463.406250  155463.593750
2834  227.015121  155519.796875  155520.281250  155518.265625  155518.453125
2835  227.095230  155574.640625  155575.140625  155573.109375  155573.281250
2836  227.175323  155629.437500  155630.000000  155627.968750  155628.156250
2837  227.255432  155684.312500  155684.828125  155682.843750  155683.015625
2838  227.335541  155739.203125  155739.718750  155737.718750  155737.843750
2839  227.415634  155794.078125  155794.546875  155792.562500  155792.687500
2840  227.495743  155848.921875  155849.390625  155847.406250  155847.531250
2841  227.575851  155903.781250  155904.250000  155902.250000  155902.375000
2842  227.655945  155958.640625  155959.140625  155957.109375  155957.218750
2843  227.736053  156013.500000  156014.015625  156011.984375  156012.062500
2844  227.816162  156068.390625  156068.859375  156066.859375  156066.921875
2845  227.896271  156123.281250  156123.718750  156121.734375  156121.765625
2846  227.976364  156178.140625  156178.578125  156176.593750  156176.640625
2847  228.056473  156233.031250  156233.406250  156231.484375  156231.500000
2848  228.136581  156287.921875  156288.265625  156286.359375  156286.359375
2849  228.216675  156342.765625  156343.093750  156341.203125  156341.171875
2850  228.296783  156397.609375  156397.921875  156396.062500  156396.000000
2851  228.376892  156452.531250  156452.796875  156450.875000  156450.859375
2852  228.456985  156507.406250  156507.640625  156505.703125  156505.734375
2853  228.537094  156562.265625  156562.515625  156560.546875  156560.578125
2854  228.617203  156617.109375  156617.359375  156615.406250  156615.406250
2855  228.697311  156671.937500  156672.234375  156670.281250  156670.296875
2856  228.777405  156726.781250  156727.031250  156725.125000  156725.156250
2857  228.857513  156781.640625  156781.890625  156780.046875  156780.015625
2858  228.937622  156836.468750  156836.718750  156834.906250  156834.890625
2859  229.017715  156891.312500  156891.578125  156889.718750  156889.718750
2860  229.097824  156946.125000  156946.437500  156944.562500  156944.578125
2861  229.177933  157000.984375  157001.328125  156999.421875  156999.437500
2862  229.258041  157055.828125  157056.203125  157054.281250  157054.296875
2863  229.338135  157110.687500  157111.062500  157109.140625  157109.140625
2864  229.418243  157165.578125  157165.937500  157163.984375  157164.000000
2865  229.498352  157220.453125  157220.750000  157218.812500  157218.859375
2866  229.578445  157275.328125  157275.593750  157273.687500  157273.734375
2867  229.658554  157330.156250  157330.484375  157328.515625  157328.562500
2868  229.738663  157385.031250  157385.359375  157383.343750  157383.406250
2869  229.818756  157439.890625  157440.234375  157438.234375  157438.281250
2870  229.898865  157494.734375  157495.078125  157493.078125  157493.171875
2871  229.978973  157549.578125  157549.921875  157547.921875  157547.984375
2872  230.059082  157604.406250  157604.750000  157602.765625  157602.828125
2873  230.139175  157659.265625  157659.578125  157657.562500  157657.687500
2874  230.219284  157714.156250  157714.421875  157712.453125  157712.531250
2875  230.299393  157768.984375  157769.250000  157767.296875  157767.437500
2876  230.379486  157823.828125  157824.125000  157822.125000  157822.265625
2877  230.459595  157878.640625  157878.984375  157876.984375  157877.125000
2878  230.539703  157933.484375  157933.843750  157931.828125  157932.000000
2879  230.619812  157988.328125  157988.734375  157986.671875  157986.828125
2880  230.699905  158043.203125  158043.593750  158041.546875  158041.671875
2881  230.780014  158098.046875  158098.468750  158096.437500  158096.562500
2882  230.860123  158152.953125  158153.359375  158151.281250  158151.453125
2883  230.940216  158207.828125  158208.234375  158206.140625  158206.281250
2884  231.020325  158262.671875  158263.093750  158261.015625  158261.140625
2885  231.100433  158317.515625  158317.984375  158315.843750  158316.015625
2886  231.180527  158372.421875  158372.843750  158370.671875  158370.875000
2887  231.260635  158427.250000  158427.718750  158425.546875  158425.734375
2888  231.340744  158482.078125  158482.562500  158480.406250  158480.593750
2889  231.420853  158536.921875  158537.437500  158535.250000  158535.437500
2890  231.500946  158591.781250  158592.296875  158590.093750  158590.296875
2891  231.581055  158646.625000  158647.156250  158644.937500  158645.140625
2892  231.661163  158701.453125  158702.000000  158699.781250  158700.000000
2893  231.741257  158756.328125  158756.843750  158754.671875  158754.875000
2894  231.821365  158811.156250  158811.687500  158809.484375  158809.734375
2895  231.901474  158866.015625  158866.546875  158864.375000  158864.562500
2896  231.981567  158920.812500  158921.343750  158919.234375  158919.437500
2897  232.061676  158975.640625  158976.140625  158974.093750  158974.296875
2898  232.141785  159030.515625  159030.984375  159028.984375  159029.140625
2899  232.221893  159085.359375  159085.828125  159083.843750  159084.000000
2900  232.301987  159140.203125  159140.671875  159138.656250  159138.859375
2901  232.382095  159195.015625  159195.546875  159193.531250  159193.718750
2902  232.462204  159249.859375  159250.421875  159248.390625  159248.593750
2903  232.542297  159304.718750  159305.281250  159303.250000  159303.421875
2904  232.622406  159359.562500  159360.125000  159358.093750  159358.312500
2905  232.702515  159414.421875  159414.968750  159412.968750  159413.187500
2906  232.782623  159469.296875  159469.796875  159467.812500  159468.062500
2907  232.862717  159524.156250  159524.671875  159522.625000  159522.921875
2908  232.942825  159579.000000  159579.515625  159577.500000  159577.781250
2909  233.022934  159633.859375  159634.406250  159632.359375  159632.625000
2910  233.103027  159688.687500  159689.203125  159687.218750  159687.468750
2911  233.183136  159743.500000  159744.062500  159742.109375  159742.328125
2912  233.263245  159798.328125  159798.906250  159797.000000  159797.187500
2913  233.343338  159853.171875  159853.750000  159851.859375  159852.062500
2914  233.423447  159908.015625  159908.578125  159906.703125  159906.921875
2915  233.503555  159962.843750  159963.437500  159961.546875  159961.812500
2916  233.583664  160017.703125  160018.265625  160016.421875  160016.656250
2917  233.663757  160072.562500  160073.093750  160071.265625  160071.500000
2918  233.743866  160127.421875  160127.968750  160126.125000  160126.375000
2919  233.823975  160182.265625  160182.796875  160180.984375  160181.250000
2920  233.904068  160237.109375  160237.687500  160235.828125  160236.109375
2921  233.984177  160291.937500  160292.546875  160290.718750  160290.984375
2922  234.064285  160346.796875  160347.359375  160345.562500  160345.796875
2923  234.144394  160401.671875  160402.171875  160400.406250  160400.625000
2924  234.224487  160456.515625  160457.078125  160455.265625  160455.500000
2925  234.304596  160511.375000  160511.937500  160510.171875  160510.375000
2926  234.384705  160566.296875  160566.796875  160565.031250  160565.265625
2927  234.464798  160621.156250  160621.671875  160619.859375  160620.078125
2928  234.544907  160676.015625  160676.515625  160674.765625  160674.937500
2929  234.625015  160730.875000  160731.375000  160729.625000  160729.781250
2930  234.705109  160785.718750  160786.203125  160784.468750  160784.656250
2931  234.785217  160840.546875  160841.046875  160839.312500  160839.515625
2932  234.865326  160895.421875  160895.890625  160894.156250  160894.406250
2933  234.945435  160950.281250  160950.750000  160949.046875  160949.234375
2934  235.025528  161005.156250  161005.578125  161003.875000  161004.125000
2935  235.105637  161060.046875  161060.390625  161058.734375  161058.984375
2936  235.185745  161114.890625  161115.234375  161113.546875  161113.843750
2937  235.265839  161169.750000  161170.093750  161168.437500  161168.703125
2938  235.345947  161224.578125  161224.953125  161223.265625  161223.562500
2939  235.426056  161279.437500  161279.781250  161278.140625  161278.437500
2940  235.506149  161334.281250  161334.656250  161332.953125  161333.328125
2941  235.586258  161389.093750  161389.484375  161387.843750  161388.203125
2942  235.666367  161444.031250  161444.328125  161442.687500  161443.046875
2943  235.746475  161498.875000  161499.171875  161497.546875  161497.906250
2944  235.826569  161553.718750  161554.062500  161552.359375  161552.828125
2945  235.906677  161608.562500  161608.921875  161607.187500  161607.671875
2946  235.986786  161663.421875  161663.781250  161662.015625  161662.531250
2947  236.066879  161718.312500  161718.640625  161716.875000  161717.390625
2948  236.146988  161773.187500  161773.468750  161771.734375  161772.281250
2949  236.227097  161828.046875  161828.296875  161826.609375  161827.171875
2950  236.307205  161882.937500  161883.156250  161881.468750  161882.078125
2951  236.387299  161937.796875  161937.968750  161936.328125  161936.921875
2952  236.467407  161992.671875  161992.812500  161991.187500  161991.765625
2953  236.547516  162047.546875  162047.640625  162046.062500  162046.656250
2954  236.627609  162102.390625  162102.500000  162100.937500  162101.578125
2955  236.707718  162157.265625  162157.343750  162155.796875  162156.468750
2956  236.787827  162212.109375  162212.203125  162210.640625  162211.281250
2957  236.867920  162266.953125  162267.078125  162265.437500  162266.171875
2958  236.948029  162321.796875  162321.937500  162320.328125  162321.078125
2959  237.028137  162376.625000  162376.796875  162375.203125  162375.906250
2960  237.108246  162431.484375  162431.687500  162430.093750  162430.750000
2961  237.188339  162486.312500  162486.515625  162484.984375  162485.625000
2962  237.268448  162541.171875  162541.390625  162539.812500  162540.453125
2963  237.348557  162596.031250  162596.218750  162594.671875  162595.312500
2964  237.428650  162650.968750  162651.062500  162649.515625  162650.156250
2965  237.508759  162705.875000  162705.906250  162704.375000  162705.015625
2966  237.588867  162760.703125  162760.750000  162759.281250  162759.859375
2967  237.668976  162815.593750  162815.609375  162814.125000  162814.718750
2968  237.749069  162870.453125  162870.484375  162868.953125  162869.578125
2969  237.829178  162925.312500  162925.359375  162923.812500  162924.421875
2970  237.909286  162980.156250  162980.203125  162978.687500  162979.296875
2971  237.989380  163035.015625  163035.062500  163033.515625  163034.171875
2972  238.069489  163089.890625  163089.921875  163088.375000  163089.031250
2973  238.149597  163144.781250  163144.781250  163143.218750  163143.921875
2974  238.229691  163199.625000  163199.656250  163198.062500  163198.765625
2975  238.309799  163254.468750  163254.500000  163252.921875  163253.671875
2976  238.389908  163309.296875  163309.359375  163307.828125  163308.468750
2977  238.470016  163364.140625  163364.265625  163362.687500  163363.359375
2978  238.550110  163419.000000  163419.109375  163417.609375  163418.218750
2979  238.630219  163473.859375  163473.953125  163472.453125  163473.078125
2980  238.710327  163528.734375  163528.796875  163527.296875  163527.921875
2981  238.790421  163583.562500  163583.671875  163582.171875  163582.781250
2982  238.870529  163638.406250  163638.546875  163636.984375  163637.625000
2983  238.950638  163693.250000  163693.437500  163691.875000  163692.515625
2984  239.030731  163748.109375  163748.265625  163746.750000  163747.343750
2985  239.110840  163803.046875  163803.140625  163801.671875  163802.218750
2986  239.190948  163857.875000  163858.046875  163856.531250  163857.093750
2987  239.271057  163912.734375  163912.875000  163911.390625  163911.953125
2988  239.351151  163967.578125  163967.781250  163966.281250  163966.843750
2989  239.431259  164022.437500  164022.593750  164021.140625  164021.718750
2990  239.511368  164077.296875  164077.468750  164075.968750  164076.562500
2991  239.591461  164132.156250  164132.328125  164130.859375  164131.437500
2992  239.671570  164187.000000  164187.156250  164185.671875  164186.296875
2993  239.751678  164241.859375  164242.000000  164240.531250  164241.171875
2994  239.831787  164296.703125  164296.875000  164295.406250  164296.015625
2995  239.911880  164351.593750  164351.718750  164350.234375  164350.875000
2996  239.991989  164406.484375  164406.562500  164405.078125  164405.750000
2997  240.072098  164461.343750  164461.421875  164459.921875  164460.640625
2998  240.152191  164516.187500  164516.265625  164514.734375  164515.453125
2999  240.232300  164571.046875  164571.125000  164569.593750  164570.343750
3000  240.312408  164625.906250  164625.968750  164624.468750  164625.187500
3001  240.392502  164680.843750  164680.828125  164679.296875  164680.015625
3002  240.472610  164735.765625  164735.703125  164734.109375  164734.859375
3003  240.552719  164790.609375  164790.531250  164789.000000  164789.718750
3004  240.632828  164845.484375  164845.343750  164843.843750  164844.562500
3005  240.712921  164900.375000  164900.187500  164898.656250  164899.421875
3006  240.793030  164955.234375  164955.031250  164953.531250  164954.250000
3007  240.873138  165010.093750  165009.875000  165008.375000  165009.125000
3008  240.953232  165064.953125  165064.781250  165063.250000  165063.953125
3009  241.033340  165119.843750  165119.640625  165118.125000  165118.843750
3010  241.113449  165174.671875  165174.515625  165172.953125  165173.687500
3011  241.193558  165229.531250  165229.343750  165227.828125  165228.531250
3012  241.273651  165284.421875  165284.218750  165282.703125  165283.375000
3013  241.353760  165339.234375  165339.078125  165337.562500  165338.250000
3014  241.433868  165394.078125  165393.968750  165392.453125  165393.093750
3015  241.513962  165448.937500  165448.812500  165447.281250  165447.921875
3016  241.594070  165503.765625  165503.718750  165502.093750  165502.796875
3017  241.674179  165558.593750  165558.625000  165556.968750  165557.640625
3018  241.754272  165613.421875  165613.515625  165611.859375  165612.515625
3019  241.834381  165668.250000  165668.359375  165666.703125  165667.375000
3020  241.914490  165723.078125  165723.203125  165721.578125  165722.218750
3021  241.994598  165777.921875  165778.031250  165776.468750  165777.078125
3022  242.074692  165832.765625  165832.906250  165831.328125  165831.906250
3023  242.154800  165887.593750  165887.781250  165886.218750  165886.765625
3024  242.234909  165942.437500  165942.640625  165941.046875  165941.640625
3025  242.315002  165997.281250  165997.531250  165995.921875  165996.515625
3026  242.395111  166052.171875  166052.343750  166050.750000  166051.390625
3027  242.475220  166107.031250  166107.234375  166105.609375  166106.218750
3028  242.555313  166161.875000  166162.109375  166160.484375  166161.078125
3029  242.635422  166216.734375  166216.937500  166215.328125  166215.921875
3030  242.715530  166271.562500  166271.781250  166270.171875  166270.765625
3031  242.795639  166326.406250  166326.625000  166325.000000  166325.609375
3032  242.875732  166381.250000  166381.421875  166379.843750  166380.453125
3033  242.955841  166436.125000  166436.281250  166434.687500  166435.312500
3034  243.035950  166490.953125  166491.140625  166489.546875  166490.187500
3035  243.116043  166545.843750  166546.000000  166544.406250  166545.031250
3036  243.196152  166600.703125  166600.843750  166599.312500  166599.890625
3037  243.276260  166655.562500  166655.718750  166654.156250  166654.765625
3038  243.356369  166710.421875  166710.609375  166709.031250  166709.625000
3039  243.436462  166765.281250  166765.500000  166763.906250  166764.468750
3040  243.516571  166820.156250  166820.359375  166818.781250  166819.328125
3041  243.596680  166875.000000  166875.203125  166873.671875  166874.187500
3042  243.676773  166929.812500  166930.062500  166928.500000  166929.015625
3043  243.756882  166984.718750  166984.906250  166983.375000  166983.859375
3044  243.836990  167039.562500  167039.781250  167038.234375  167038.703125
3045  243.917084  167094.390625  167094.671875  167093.109375  167093.609375
3046  243.997192  167149.250000  167149.531250  167148.015625  167148.500000
3047  244.077301  167204.125000  167204.375000  167202.906250  167203.312500
3048  244.157410  167258.984375  167259.250000  167257.781250  167258.156250
3049  244.237503  167313.859375  167314.109375  167312.703125  167313.046875
3050  244.317612  167368.703125  167368.984375  167367.562500  167367.875000
3051  244.397720  167423.578125  167423.828125  167422.468750  167422.687500
3052  244.477814  167478.515625  167478.750000  167477.328125  167477.562500
3053  244.557922  167533.343750  167533.562500  167532.156250  167532.437500
3054  244.638031  167588.281250  167588.453125  167587.015625  167587.281250
3055  244.718140  167643.140625  167643.312500  167641.828125  167642.125000
3056  244.798233  167697.984375  167698.187500  167696.703125  167697.015625
3057  244.878342  167752.890625  167753.015625  167751.578125  167751.843750
3058  244.958450  167807.750000  167807.890625  167806.437500  167806.640625
3059  245.038544  167862.593750  167862.750000  167861.296875  167861.484375
3060  245.118652  167917.515625  167917.593750  167916.171875  167916.359375
3061  245.198761  167972.343750  167972.437500  167971.046875  167971.203125
3062  245.278854  168027.203125  168027.281250  168025.875000  168026.093750
3063  245.358963  168082.031250  168082.156250  168080.703125  168080.953125
3064  245.439072  168136.890625  168137.015625  168135.531250  168135.765625
3065  245.519180  168191.828125  168191.890625  168190.390625  168190.656250
3066  245.599274  168246.640625  168246.734375  168245.250000  168245.546875
3067  245.679382  168301.546875  168301.562500  168300.078125  168300.421875
3068  245.759491  168356.375000  168356.406250  168354.953125  168355.312500
3069  245.839584  168411.281250  168411.265625  168409.796875  168410.156250
3070  245.919693  168466.140625  168466.109375  168464.656250  168465.015625
3071  245.999802  168520.984375  168520.953125  168519.531250  168519.875000
3072  246.079895  168575.828125  168575.828125  168574.390625  168574.765625
3073  246.160004  168630.671875  168630.703125  168629.281250  168629.640625
3074  246.240112  168685.562500  168685.515625  168684.140625  168684.515625
3075  246.320221  168740.375000  168740.359375  168739.000000  168739.375000
3076  246.400314  168795.234375  168795.218750  168793.875000  168794.234375
3077  246.480423  168850.125000  168850.046875  168848.750000  168849.093750
3078  246.560532  168904.984375  168904.921875  168903.593750  168903.953125
3079  246.640625  168959.890625  168959.781250  168958.421875  168958.843750
3080  246.720734  169014.703125  169014.640625  169013.296875  169013.734375
3081  246.800842  169069.562500  169069.500000  169068.171875  169068.593750
3082  246.880951  169124.421875  169124.390625  169123.078125  169123.468750
3083  246.961044  169179.312500  169179.250000  169177.953125  169178.296875
3084  247.041153  169234.171875  169234.109375  169232.812500  169233.187500
3085  247.121262  169288.984375  169289.000000  169287.687500  169288.046875
3086  247.201355  169343.828125  169343.843750  169342.546875  169342.921875
3087  247.281464  169398.703125  169398.703125  169397.390625  169397.781250
3088  247.361572  169453.578125  169453.593750  169452.281250  169452.656250
3089  247.441666  169508.453125  169508.453125  169507.109375  169507.484375
3090  247.521774  169563.312500  169563.296875  169561.984375  169562.390625
3091  247.601883  169618.171875  169618.171875  169616.843750  169617.218750
3092  247.681992  169673.062500  169672.984375  169671.718750  169672.125000
3093  247.762085  169727.906250  169727.875000  169726.531250  169726.984375
3094  247.842194  169782.750000  169782.718750  169781.421875  169781.796875
3095  247.922302  169837.609375  169837.531250  169836.265625  169836.671875
3096  248.002396  169892.484375  169892.421875  169891.171875  169891.515625
3097  248.082504  169947.359375  169947.265625  169946.000000  169946.343750
3098  248.162613  170002.203125  170002.156250  170000.859375  170001.234375
3099  248.242722  170057.046875  170057.046875  170055.703125  170056.093750
3100  248.322815  170112.000000  170111.890625  170110.562500  170110.953125
3101  248.402924  170166.859375  170166.796875  170165.390625  170165.828125
3102  248.483032  170221.687500  170221.656250  170220.265625  170220.656250
3103  248.563126  170276.500000  170276.531250  170275.109375  170275.500000
3104  248.643234  170331.406250  170331.390625  170329.937500  170330.359375
3105  248.723343  170386.281250  170386.281250  170384.812500  170385.218750
3106  248.803436  170441.156250  170441.156250  170439.609375  170440.109375
3107  248.883545  170496.015625  170496.031250  170494.468750  170494.968750
3108  248.963654  170550.890625  170550.906250  170549.312500  170549.828125
3109  249.043762  170605.750000  170605.750000  170604.140625  170604.687500
3110  249.123856  170660.625000  170660.546875  170659.078125  170659.562500
3111  249.203964  170715.484375  170715.375000  170713.953125  170714.421875
3112  249.284073  170770.343750  170770.234375  170768.812500  170769.296875
3113  249.364166  170825.218750  170825.078125  170823.671875  170824.171875
3114  249.444275  170880.046875  170879.953125  170878.546875  170879.031250
3115  249.524384  170934.953125  170934.781250  170933.406250  170933.906250
3116  249.604492  170989.828125  170989.625000  170988.281250  170988.750000
3117  249.684586  171044.656250  171044.500000  171043.140625  171043.625000
3118  249.764694  171099.484375  171099.359375  171098.078125  171098.468750
3119  249.844803  171154.328125  171154.218750  171152.953125  171153.328125
3120  249.924896  171209.250000  171209.046875  171207.812500  171208.171875
3121  250.005005  171264.093750  171263.843750  171262.703125  171263.046875
3122  250.085114  171318.937500  171318.703125  171317.546875  171317.890625
3123  250.165207  171373.828125  171373.578125  171372.375000  171372.781250
3124  250.245316  171428.734375  171428.437500  171427.218750  171427.640625
3125  250.325424  171483.640625  171483.296875  171482.046875  171482.515625
3126  250.405533  171538.468750  171538.156250  171536.890625  171537.375000
3127  250.485626  171593.328125  171592.984375  171591.703125  171592.250000
3128  250.565735  171648.171875  171647.859375  171646.562500  171647.125000
3129  250.645844  171703.015625  171702.687500  171701.421875  171702.015625
3130  250.725937  171757.859375  171757.578125  171756.281250  171756.890625
3131  250.806046  171812.671875  171812.421875  171811.156250  171811.734375
3132  250.886154  171867.531250  171867.265625  171865.968750  171866.593750
3133  250.966248  171922.406250  171922.109375  171920.843750  171921.453125
3134  251.046356  171977.250000  171976.937500  171975.687500  171976.296875
3135  251.126465  172032.125000  172031.828125  172030.562500  172031.140625
3136  251.206573  172087.000000  172086.656250  172085.453125  172086.000000
3137  251.286667  172141.828125  172141.468750  172140.312500  172140.875000
3138  251.366776  172196.671875  172196.328125  172195.171875  172195.734375
3139  251.446884  172251.515625  172251.187500  172250.031250  172250.609375
3140  251.526978  172306.343750  172306.031250  172304.859375  172305.437500
3141  251.607086  172361.187500  172360.906250  172359.718750  172360.296875
3142  251.687195  172416.062500  172415.718750  172414.562500  172415.156250
3143  251.767303  172470.937500  172470.578125  172469.437500  172470.015625
3144  251.847397  172525.812500  172525.468750  172524.265625  172524.875000
3145  251.927505  172580.656250  172580.343750  172579.171875  172579.703125
3146  252.007614  172635.468750  172635.203125  172634.000000  172634.546875
3147  252.087708  172690.328125  172690.046875  172688.843750  172689.468750
3148  252.167816  172745.156250  172744.906250  172743.671875  172744.312500
3149  252.247925  172800.015625  172799.750000  172798.500000  172799.171875
3150  252.328018  172854.890625  172854.593750  172853.343750  172854.031250
3151  252.408127  172909.765625  172909.484375  172908.171875  172908.906250
3152  252.488235  172964.578125  172964.343750  172963.031250  172963.812500
3153  252.568344  173019.437500  173019.187500  173017.875000  173018.687500
3154  252.648438  173074.375000  173074.031250  173072.750000  173073.562500
3155  252.728546  173129.234375  173128.859375  173127.593750  173128.421875
3156  252.808655  173184.093750  173183.750000  173182.453125  173183.250000
3157  252.888748  173238.953125  173238.609375  173237.312500  173238.093750
3158  252.968857  173293.812500  173293.484375  173292.171875  173292.968750
3159  253.048965  173348.640625  173348.421875  173347.015625  173347.828125
3160  253.129074  173403.437500  173403.359375  173401.875000  173402.656250
3161  253.209167  173458.296875  173458.203125  173456.734375  173457.468750
3162  253.289276  173513.171875  173513.046875  173511.593750  173512.359375
3163  253.369385  173568.046875  173567.890625  173566.453125  173567.234375
3164  253.449478  173622.890625  173622.750000  173621.328125  173622.046875
3165  253.529587  173677.750000  173677.640625  173676.203125  173676.921875
3166  253.609695  173732.578125  173732.515625  173731.062500  173731.765625
3167  253.689789  173787.421875  173787.390625  173785.890625  173786.609375
3168  253.769897  173842.265625  173842.250000  173840.765625  173841.468750
3169  253.850006  173897.156250  173897.093750  173895.609375  173896.312500
3170  253.930115  173952.031250  173951.953125  173950.468750  173951.171875
3171  254.010208  174006.906250  174006.828125  174005.328125  174006.000000
3172  254.090317  174061.765625  174061.687500  174060.156250  174060.875000
3173  254.170425  174116.593750  174116.531250  174115.000000  174115.734375
3174  254.250519  174171.468750  174171.390625  174169.859375  174170.578125
3175  254.330627  174226.328125  174226.234375  174224.703125  174225.421875
3176  254.410736  174281.234375  174281.062500  174279.531250  174280.250000
3177  254.490829  174336.109375  174335.937500  174334.359375  174335.125000
3178  254.570938  174391.046875  174390.812500  174389.218750  174390.000000
3179  254.651047  174445.890625  174445.671875  174444.093750  174444.890625
3180  254.731155  174500.781250  174500.531250  174498.937500  174499.734375
3181  254.811249  174555.609375  174555.375000  174553.765625  174554.625000
3182  254.891357  174610.453125  174610.250000  174608.640625  174609.484375
3183  254.971466  174665.281250  174665.109375  174663.515625  174664.406250
3184  255.051559  174720.140625  174719.984375  174718.421875  174719.281250
3185  255.131668  174775.015625  174774.843750  174773.312500  174774.109375
3186  255.211777  174829.875000  174829.671875  174828.125000  174828.953125
3187  255.291885  174884.734375  174884.546875  174882.984375  174883.812500
3188  255.371979  174939.593750  174939.375000  174937.890625  174938.640625
3189  255.452087  174994.437500  174994.203125  174992.750000  174993.484375
3190  255.532196  175049.281250  175049.062500  175047.578125  175048.343750
3191  255.612289  175104.125000  175103.921875  175102.421875  175103.171875
3192  255.692398  175158.968750  175158.781250  175157.250000  175158.015625
3193  255.772507  175213.812500  175213.625000  175212.109375  175212.890625
3194  255.852600  175268.625000  175268.468750  175266.921875  175267.703125
3195  255.932709  175323.437500  175323.296875  175321.781250  175322.578125
3196  256.012817  175378.281250  175378.156250  175376.625000  175377.453125
3197  256.092926  175433.125000  175433.031250  175431.468750  175432.359375
3198  256.173035  175487.953125  175487.859375  175486.375000  175487.187500
3199  256.253113  175542.812500  175542.718750  175541.187500  175542.031250
3200  256.333221  175597.687500  175597.562500  175596.031250  175596.953125
3201  256.413330  175652.500000  175652.437500  175650.890625  175651.843750
3202  256.493439  175707.359375  175707.281250  175705.734375  175706.687500
3203  256.573547  175762.218750  175762.140625  175760.609375  175761.515625
3204  256.653656  175817.078125  175817.000000  175815.437500  175816.390625
3205  256.733765  175871.906250  175871.828125  175870.265625  175871.265625
3206  256.813843  175926.765625  175926.703125  175925.125000  175926.125000
3207  256.893951  175981.609375  175981.578125  175980.046875  175981.000000
3208  256.974060  176036.437500  176036.468750  176034.875000  176035.843750
3209  257.054169  176091.375000  176091.265625  176089.734375  176090.718750
3210  257.134277  176146.234375  176146.093750  176144.593750  176145.609375
3211  257.214386  176201.093750  176200.953125  176199.453125  176200.484375
3212  257.294495  176255.953125  176255.828125  176254.328125  176255.343750
3213  257.374573  176310.765625  176310.687500  176309.187500  176310.187500
3214  257.454681  176365.656250  176365.546875  176364.078125  176365.015625
3215  257.534790  176420.515625  176420.406250  176418.921875  176419.859375
3216  257.614899  176475.359375  176475.250000  176473.796875  176474.734375
3217  257.695007  176530.187500  176530.046875  176528.687500  176529.578125
3218  257.775116  176585.062500  176584.890625  176583.531250  176584.453125
3219  257.855225  176639.921875  176639.718750  176638.390625  176639.265625
3220  257.935303  176694.796875  176694.578125  176693.296875  176694.140625
3221  258.015411  176749.625000  176749.421875  176748.125000  176748.953125
3222  258.095520  176804.500000  176804.218750  176802.953125  176803.796875
3223  258.175629  176859.359375  176859.078125  176857.812500  176858.656250
3224  258.255737  176914.187500  176913.968750  176912.703125  176913.515625
3225  258.335846  176969.109375  176968.812500  176967.562500  176968.359375
3226  258.415955  177024.000000  177023.656250  177022.437500  177023.218750
3227  258.496033  177078.906250  177078.500000  177077.250000  177078.062500
3228  258.576141  177133.812500  177133.359375  177132.140625  177132.875000
3229  258.656250  177188.734375  177188.234375  177186.968750  177187.734375
3230  258.736359  177243.593750  177243.062500  177241.812500  177242.562500
3231  258.816467  177298.468750  177297.953125  177296.703125  177297.421875
3232  258.896576  177353.328125  177352.781250  177351.625000  177352.296875
3233  258.976654  177408.156250  177407.625000  177406.531250  177407.171875
3234  259.056763  177463.015625  177462.500000  177461.390625  177462.015625
3235  259.136871  177517.890625  177517.312500  177516.218750  177516.875000
3236  259.216980  177572.765625  177572.156250  177571.109375  177571.703125
3237  259.297089  177627.625000  177626.968750  177625.968750  177626.546875
3238  259.377197  177682.484375  177681.796875  177680.796875  177681.421875
3239  259.457306  177737.312500  177736.640625  177735.625000  177736.281250
3240  259.537384  177792.156250  177791.468750  177790.453125  177791.140625
3241  259.617493  177847.046875  177846.312500  177845.312500  177846.000000
3242  259.697601  177901.875000  177901.125000  177900.156250  177900.843750
3243  259.777710  177956.765625  177955.984375  177955.031250  177955.687500
3244  259.857819  178011.625000  178010.859375  178009.859375  178010.609375
3245  259.937927  178066.500000  178065.671875  178064.734375  178065.500000
3246  260.018036  178121.343750  178120.531250  178119.578125  178120.375000
3247  260.098114  178176.234375  178175.359375  178174.437500  178175.234375
3248  260.178223  178231.109375  178230.234375  178229.265625  178230.062500
3249  260.258331  178285.953125  178285.062500  178284.171875  178284.906250
3250  260.338440  178340.781250  178339.921875  178339.000000  178339.765625
3251  260.418549  178395.640625  178394.781250  178393.906250  178394.640625
3252  260.498657  178450.484375  178449.609375  178448.750000  178449.515625
3253  260.578766  178505.312500  178504.453125  178503.609375  178504.359375
3254  260.658844  178560.171875  178559.296875  178558.468750  178559.187500
3255  260.738953  178615.031250  178614.171875  178613.359375  178614.031250
3256  260.819061  178669.859375  178669.000000  178668.218750  178668.859375
3257  260.899170  178724.765625  178723.843750  178723.062500  178723.687500
3258  260.979279  178779.671875  178778.718750  178777.875000  178778.531250
3259  261.059387  178834.546875  178833.640625  178832.734375  178833.375000
3260  261.139465  178889.468750  178888.515625  178887.593750  178888.265625
3261  261.219574  178944.328125  178943.453125  178942.453125  178943.125000
3262  261.299683  178999.203125  178998.296875  178997.281250  178997.968750
3263  261.379791  179054.062500  179053.203125  179052.125000  179052.812500
3264  261.459900  179108.937500  179108.062500  179106.953125  179107.671875
3265  261.540009  179163.812500  179162.890625  179161.828125  179162.500000
3266  261.620117  179218.718750  179217.703125  179216.671875  179217.328125
3267  261.700195  179273.531250  179272.593750  179271.562500  179272.203125
3268  261.780304  179328.359375  179327.421875  179326.421875  179327.031250
3269  261.860413  179383.218750  179382.328125  179381.265625  179381.906250
3270  261.940521  179438.078125  179437.156250  179436.093750  179436.718750
3271  262.020630  179492.890625  179491.968750  179490.953125  179491.593750
3272  262.100739  179547.750000  179546.843750  179545.796875  179546.453125
3273  262.180847  179602.562500  179601.750000  179600.671875  179601.281250
3274  262.260925  179657.390625  179656.609375  179655.500000  179656.125000
3275  262.341034  179712.234375  179711.437500  179710.359375  179711.000000
3276  262.421143  179767.125000  179766.312500  179765.203125  179765.859375
3277  262.501251  179821.953125  179821.156250  179820.031250  179820.750000
3278  262.581360  179876.812500  179876.015625  179874.937500  179875.625000
3279  262.661469  179931.656250  179930.890625  179929.781250  179930.468750
3280  262.741577  179986.531250  179985.750000  179984.687500  179985.281250
3281  262.821655  180041.359375  180040.578125  180039.562500  180040.140625
3282  262.901764  180096.203125  180095.421875  180094.453125  180094.984375
3283  262.981873  180151.062500  180150.296875  180149.296875  180149.828125
3284  263.061981  180205.890625  180205.171875  180204.156250  180204.656250
3285  263.142090  180260.703125  180260.031250  180259.031250  180259.546875
3286  263.222198  180315.546875  180314.906250  180313.890625  180314.390625
3287  263.302277  180370.406250  180369.765625  180368.703125  180369.234375
3288  263.382385  180425.265625  180424.625000  180423.562500  180424.093750
3289  263.462494  180480.093750  180479.500000  180478.437500  180478.953125
3290  263.542603  180534.937500  180534.359375  180533.296875  180533.765625
3291  263.622711  180589.750000  180589.203125  180588.171875  180588.625000
3292  263.702820  180644.640625  180644.000000  180643.031250  180643.468750
3293  263.782928  180699.500000  180698.875000  180697.843750  180698.406250
3294  263.863007  180754.359375  180753.781250  180752.703125  180753.234375
3295  263.943115  180809.218750  180808.656250  180807.515625  180808.093750
3296  264.023224  180864.093750  180863.531250  180862.375000  180862.937500
3297  264.103333  180918.921875  180918.453125  180917.265625  180917.781250
3298  264.183441  180973.781250  180973.281250  180972.140625  180972.671875
3299  264.263550  181028.625000  181028.140625  181026.984375  181027.484375
3300  264.343658  181083.453125  181082.937500  181081.875000  181082.296875
3301  264.423737  181138.312500  181137.812500  181136.718750  181137.140625
3302  264.503845  181193.156250  181192.656250  181191.531250  181191.984375
3303  264.583954  181248.031250  181247.515625  181246.390625  181246.875000
3304  264.664062  181302.859375  181302.390625  181301.250000  181301.718750
3305  264.744171  181357.703125  181357.250000  181356.140625  181356.656250
3306  264.824280  181412.593750  181412.078125  181411.062500  181411.515625
3307  264.904388  181467.453125  181466.937500  181465.890625  181466.328125
3308  264.984467  181522.250000  181521.765625  181520.765625  181521.265625
3309  265.064575  181577.093750  181576.609375  181575.625000  181576.125000
3310  265.144684  181631.968750  181631.500000  181630.437500  181631.046875
3311  265.224792  181686.828125  181686.390625  181685.343750  181685.906250
3312  265.304901  181741.687500  181741.265625  181740.203125  181740.734375
3313  265.385010  181796.578125  181796.093750  181795.062500  181795.562500
3314  265.465118  181851.406250  181850.953125  181849.906250  181850.453125
3315  265.545197  181906.265625  181905.812500  181904.781250  181905.375000
3316  265.625305  181961.062500  181960.703125  181959.671875  181960.218750
3317  265.705414  182015.921875  182015.562500  182014.515625  182015.109375
3318  265.785522  182070.781250  182070.421875  182069.359375  182069.953125
3319  265.865631  182125.640625  182125.250000  182124.281250  182124.796875
3320  265.945740  182180.531250  182180.109375  182179.109375  182179.656250
3321  266.025818  182235.390625  182234.953125  182233.921875  182234.515625
3322  266.105927  182290.281250  182289.828125  182288.765625  182289.390625
3323  266.186035  182345.125000  182344.703125  182343.625000  182344.250000
3324  266.266144  182399.953125  182399.515625  182398.500000  182399.125000
3325  266.346252  182454.796875  182454.375000  182453.359375  182453.984375
3326  266.426361  182509.640625  182509.218750  182508.234375  182508.812500
3327  266.506470  182564.515625  182564.078125  182563.125000  182563.671875
3328  266.586548  182619.406250  182618.890625  182617.953125  182618.531250
3329  266.666656  182674.265625  182673.765625  182672.796875  182673.421875
3330  266.746765  182729.140625  182728.625000  182727.718750  182728.265625
3331  266.826874  182784.000000  182783.484375  182782.578125  182783.093750
3332  266.906982  182838.921875  182838.375000  182837.437500  182838.000000
3333  266.987091  182893.734375  182893.203125  182892.296875  182892.828125
3334  267.067200  182948.609375  182948.109375  182947.171875  182947.687500
3335  267.147278  183003.468750  183002.937500  183002.046875  183002.546875
3336  267.227386  183058.296875  183057.828125  183056.953125  183057.406250
3337  267.307495  183113.156250  183112.671875  183111.796875  183112.250000
3338  267.387604  183168.031250  183167.531250  183166.640625  183167.109375
3339  267.467712  183222.906250  183222.375000  183221.484375  183221.937500
3340  267.547821  183277.750000  183277.250000  183276.359375  183276.750000
3341  267.627930  183332.578125  183332.125000  183331.218750  183331.625000
3342  267.708008  183387.484375  183386.937500  183386.062500  183386.500000
3343  267.788116  183442.359375  183441.734375  183440.953125  183441.343750
3344  267.868225  183497.187500  183496.578125  183495.796875  183496.171875
3345  267.948334  183552.078125  183551.437500  183550.593750  183551.015625
3346  268.028442  183606.906250  183606.281250  183605.406250  183605.906250
3347  268.108551  183661.781250  183661.109375  183660.250000  183660.781250
3348  268.188629  183716.640625  183716.000000  183715.125000  183715.625000
3349  268.268738  183771.437500  183770.843750  183769.953125  183770.484375
3350  268.348846  183826.359375  183825.656250  183824.812500  183825.359375
3351  268.428955  183881.234375  183880.515625  183879.671875  183880.234375
3352  268.509064  183936.062500  183935.375000  183934.484375  183935.125000
3353  268.589172  183990.953125  183990.203125  183989.343750  183989.984375
3354  268.669281  184045.875000  184045.062500  184044.218750  184044.796875
3355  268.749359  184100.734375  184099.984375  184099.093750  184099.703125
3356  268.829468  184155.593750  184154.859375  184153.953125  184154.578125
3357  268.909576  184210.406250  184209.765625  184208.843750  184209.468750
3358  268.989685  184265.312500  184264.656250  184263.703125  184264.328125
3359  269.069794  184320.187500  184319.531250  184318.578125  184319.187500
3360  269.149902  184375.015625  184374.359375  184373.421875  184374.078125
3361  269.230011  184429.859375  184429.218750  184428.281250  184428.937500
3362  269.310089  184484.718750  184484.093750  184483.109375  184483.812500
3363  269.390198  184539.531250  184538.953125  184537.968750  184538.718750
3364  269.470306  184594.390625  184593.812500  184592.828125  184593.593750
3365  269.550415  184649.328125  184648.703125  184647.687500  184648.406250
3366  269.630524  184704.203125  184703.546875  184702.562500  184703.265625
3367  269.710632  184759.062500  184758.437500  184757.437500  184758.125000
3368  269.790741  184813.921875  184813.296875  184812.281250  184813.000000
3369  269.870819  184868.796875  184868.125000  184867.109375  184867.859375
3370  269.950928  184923.656250  184922.968750  184922.015625  184922.703125
3371  270.031036  184978.484375  184977.828125  184976.859375  184977.578125
3372  270.111145  185033.328125  185032.703125  185031.718750  185032.437500
3373  270.191254  185088.203125  185087.562500  185086.593750  185087.375000
3374  270.271362  185143.109375  185142.390625  185141.468750  185142.203125
3375  270.351440  185197.968750  185197.218750  185196.296875  185197.046875
3376  270.431549  185252.812500  185252.046875  185251.125000  185251.953125
3377  270.511658  185307.687500  185306.890625  185305.984375  185306.781250
3378  270.591766  185362.531250  185361.765625  185360.828125  185361.640625
3379  270.671875  185417.359375  185416.593750  185415.656250  185416.484375
3380  270.751984  185472.218750  185471.468750  185470.562500  185471.390625
3381  270.832092  185527.109375  185526.328125  185525.375000  185526.234375
3382  270.912170  185581.968750  185581.171875  185580.250000  185581.093750
3383  270.992279  185636.812500  185636.000000  185635.109375  185635.984375
3384  271.072388  185691.687500  185690.796875  185689.984375  185690.843750
3385  271.152496  185746.515625  185745.640625  185744.812500  185745.703125
3386  271.232605  185801.375000  185800.484375  185799.703125  185800.640625
3387  271.312714  185856.218750  185855.312500  185854.531250  185855.500000
3388  271.392822  185911.078125  185910.187500  185909.390625  185910.328125
3389  271.472900  185965.890625  185965.000000  185964.250000  185965.203125
3390  271.553009  186020.765625  186019.859375  186019.109375  186020.125000
3391  271.633118  186075.593750  186074.765625  186073.984375  186074.953125
3392  271.713226  186130.484375  186129.593750  186128.859375  186129.781250
3393  271.793335  186185.312500  186184.437500  186183.687500  186184.656250
3394  271.873444  186240.156250  186239.250000  186238.531250  186239.484375
3395  271.953552  186295.031250  186294.140625  186293.390625  186294.375000
3396  272.033630  186349.890625  186348.968750  186348.265625  186349.203125
3397  272.113739  186404.718750  186403.843750  186403.078125  186404.046875
3398  272.193848  186459.562500  186458.671875  186457.953125  186458.875000
3399  272.273956  186514.437500  186513.546875  186512.812500  186513.734375
3400  272.354065  186569.265625  186568.406250  186567.656250  186568.578125
3401  272.434174  186624.171875  186623.265625  186622.484375  186623.421875
3402  272.514282  186679.000000  186678.125000  186677.390625  186678.250000
3403  272.594360  186733.828125  186732.984375  186732.203125  186733.062500
3404  272.674469  186788.671875  186787.843750  186787.093750  186787.921875
3405  272.754578  186843.515625  186842.687500  186841.968750  186842.781250
3406  272.834686  186898.390625  186897.531250  186896.875000  186897.656250
3407  272.914795  186953.281250  186952.406250  186951.703125  186952.468750
3408  272.994904  187008.125000  187007.265625  187006.546875  187007.328125
3409  273.074982  187062.968750  187062.140625  187061.406250  187062.187500
3410  273.155090  187117.812500  187116.953125  187116.218750  187117.015625
3411  273.235199  187172.687500  187171.796875  187171.078125  187171.859375
3412  273.315308  187227.546875  187226.625000  187225.937500  187226.750000
3413  273.395416  187282.421875  187281.468750  187280.828125  187281.562500
3414  273.475525  187337.281250  187336.328125  187335.656250  187336.406250
3415  273.555634  187392.187500  187391.187500  187390.515625  187391.234375
3416  273.635712  187447.031250  187446.031250  187445.359375  187446.031250
3417  273.715820  187501.890625  187500.890625  187500.281250  187500.921875
3418  273.795929  187556.812500  187555.718750  187555.171875  187555.765625
3419  273.876038  187611.671875  187610.593750  187610.000000  187610.609375
3420  273.956146  187666.500000  187665.468750  187664.859375  187665.468750
3421  274.036255  187721.375000  187720.328125  187719.718750  187720.296875
3422  274.116364  187776.234375  187775.171875  187774.562500  187775.140625
3423  274.196442  187831.078125  187830.015625  187829.437500  187829.953125
3424  274.276550  187885.953125  187884.859375  187884.296875  187884.796875
3425  274.356659  187940.796875  187939.671875  187939.171875  187939.640625
3426  274.436768  187995.609375  187994.500000  187994.109375  187994.531250
3427  274.516876  188050.468750  188049.406250  188048.984375  188049.421875
3428  274.596985  188105.296875  188104.296875  188103.859375  188104.234375
3429  274.677094  188160.171875  188159.156250  188158.687500  188159.140625
3430  274.757172  188215.046875  188214.031250  188213.546875  188213.968750
3431  274.837280  188269.937500  188268.843750  188268.390625  188268.828125
3432  274.917389  188324.812500  188323.718750  188323.187500  188323.703125
3433  274.997498  188379.656250  188378.625000  188378.046875  188378.578125
3434  275.077606  188434.515625  188433.515625  188432.921875  188433.421875
3435  275.157715  188489.359375  188488.359375  188487.781250  188488.296875
3436  275.237793  188544.171875  188543.187500  188542.609375  188543.156250
3437  275.317902  188599.046875  188598.062500  188597.484375  188598.031250
3438  275.398010  188653.953125  188652.921875  188652.312500  188652.843750
3439  275.478119  188708.781250  188707.750000  188707.140625  188707.687500
3440  275.558228  188763.687500  188762.531250  188762.015625  188762.515625
3441  275.638336  188818.578125  188817.375000  188816.890625  188817.328125
3442  275.718445  188873.453125  188872.250000  188871.750000  188872.187500
3443  275.798523  188928.296875  188927.125000  188926.609375  188927.093750
3444  275.878632  188983.187500  188982.000000  188981.468750  188981.921875
3445  275.958740  189037.984375  189036.843750  189036.296875  189036.796875
3446  276.038849  189092.843750  189091.703125  189091.156250  189091.640625
3447  276.118958  189147.703125  189146.562500  189146.000000  189146.531250
3448  276.199066  189202.640625  189201.437500  189200.828125  189201.390625
3449  276.279175  189257.468750  189256.265625  189255.671875  189256.234375
3450  276.359253  189312.390625  189311.125000  189310.500000  189311.093750
3451  276.439362  189367.250000  189365.984375  189365.328125  189365.921875
3452  276.519470  189422.062500  189420.812500  189420.140625  189420.765625
3453  276.599579  189476.890625  189475.671875  189475.015625  189475.593750
3454  276.679688  189531.734375  189530.515625  189529.859375  189530.453125
3455  276.759796  189586.609375  189585.375000  189584.750000  189585.328125
3456  276.839905  189641.468750  189640.218750  189639.562500  189640.140625
3457  276.919983  189696.328125  189695.062500  189694.421875  189695.000000
3458  277.000092  189751.156250  189749.906250  189749.281250  189749.796875
3459  277.080200  189806.015625  189804.750000  189804.109375  189804.640625
3460  277.160309  189860.859375  189859.671875  189858.968750  189859.468750
3461  277.240417  189915.718750  189914.593750  189913.828125  189914.328125
3462  277.320526  189970.546875  189969.484375  189968.625000  189969.187500
3463  277.400604  190025.406250  190024.343750  190023.484375  190024.000000
3464  277.480713  190080.265625  190079.187500  190078.296875  190078.906250
3465  277.560822  190135.125000  190134.078125  190133.171875  190133.750000
3466  277.640930  190189.968750  190188.906250  190188.031250  190188.609375
3467  277.721039  190244.828125  190243.765625  190242.875000  190243.468750
3468  277.801147  190299.734375  190298.625000  190297.703125  190298.312500
3469  277.881256  190354.609375  190353.531250  190352.546875  190353.125000
3470  277.961334  190409.468750  190408.359375  190407.421875  190408.062500
3471  278.041443  190464.296875  190463.156250  190462.296875  190462.921875
3472  278.121552  190519.140625  190518.015625  190517.140625  190517.734375
3473  278.201660  190573.984375  190572.875000  190572.031250  190572.578125
3474  278.281769  190628.843750  190627.765625  190626.890625  190627.421875
3475  278.361877  190683.718750  190682.609375  190681.656250  190682.281250
3476  278.441986  190738.609375  190737.453125  190736.578125  190737.187500
3477  278.522064  190793.453125  190792.312500  190791.390625  190792.031250
3478  278.602173  190848.328125  190847.156250  190846.296875  190846.937500
3479  278.682281  190903.187500  190901.984375  190901.171875  190901.765625
3480  278.762390  190958.031250  190956.828125  190956.046875  190956.625000
3481  278.842499  191012.921875  191011.671875  191010.921875  191011.500000
3482  278.922607  191067.796875  191066.562500  191065.765625  191066.328125
3483  279.002716  191122.593750  191121.437500  191120.609375  191121.156250
3484  279.082794  191177.531250  191176.296875  191175.468750  191175.968750
3485  279.162903  191232.390625  191231.156250  191230.328125  191230.828125
3486  279.243011  191287.296875  191285.984375  191285.234375  191285.671875
3487  279.323120  191342.125000  191340.843750  191340.078125  191340.625000
3488  279.403229  191397.000000  191395.703125  191394.921875  191395.421875
3489  279.483337  191451.875000  191450.562500  191449.796875  191450.281250
3490  279.563446  191506.750000  191505.421875  191504.671875  191505.093750
3491  279.643524  191561.593750  191560.250000  191559.531250  191559.968750
3492  279.723633  191616.421875  191615.140625  191614.375000  191614.812500
3493  279.803741  191671.281250  191670.031250  191669.250000  191669.671875
3494  279.883850  191726.109375  191724.875000  191724.125000  191724.562500
3495  279.963959  191780.937500  191779.765625  191778.937500  191779.390625
3496  280.044067  191835.781250  191834.609375  191833.812500  191834.281250
3497  280.124146  191890.718750  191889.453125  191888.671875  191889.109375
3498  280.204254  191945.562500  191944.265625  191943.468750  191943.984375
3499  280.284363  192000.421875  191999.109375  191998.281250  191998.859375
3500  280.364471  192055.281250  192053.937500  192053.140625  192053.703125
3501  280.444580  192110.125000  192108.796875  192107.984375  192108.500000
3502  280.524689  192164.984375  192163.640625  192162.828125  192163.328125
3503  280.604797  192219.765625  192218.593750  192217.718750  192218.171875
3504  280.684875  192274.656250  192273.484375  192272.562500  192273.046875
3505  280.764984  192329.546875  192328.328125  192327.421875  192327.906250
3506  280.845093  192384.421875  192383.187500  192382.328125  192382.734375
3507  280.925201  192439.296875  192438.046875  192437.140625  192437.625000
3508  281.005310  192494.140625  192492.937500  192492.015625  192492.468750
3509  281.085419  192548.953125  192547.796875  192546.984375  192547.312500
3510  281.165527  192603.765625  192602.625000  192601.875000  192602.156250
3511  281.245605  192658.593750  192657.468750  192656.703125  192657.000000
3512  281.325714  192713.437500  192712.343750  192711.578125  192711.859375
3513  281.405823  192768.343750  192767.156250  192766.421875  192766.703125
3514  281.485931  192823.234375  192821.968750  192821.281250  192821.593750
3515  281.566040  192878.078125  192876.828125  192876.171875  192876.453125
3516  281.646149  192932.953125  192931.671875  192931.109375  192931.281250
3517  281.726257  192987.781250  192986.484375  192985.953125  192986.187500
3518  281.806335  193042.671875  193041.343750  193040.796875  193041.046875
3519  281.886444  193097.515625  193096.218750  193095.656250  193095.937500
3520  281.966553  193152.375000  193151.109375  193150.500000  193150.843750
3521  282.046661  193207.250000  193205.937500  193205.375000  193205.718750
3522  282.126770  193262.156250  193260.750000  193260.171875  193260.562500
3523  282.206879  193317.046875  193315.625000  193315.062500  193315.421875
3524  282.286957  193371.906250  193370.421875  193369.906250  193370.328125
3525  282.367065  193426.781250  193425.265625  193424.765625  193425.156250
3526  282.447174  193481.625000  193480.078125  193479.609375  193480.000000
3527  282.527283  193536.453125  193534.937500  193534.453125  193534.859375
3528  282.607391  193591.265625  193589.750000  193589.312500  193589.671875
3529  282.687500  193646.140625  193644.640625  193644.125000  193644.531250
3530  282.767609  193700.984375  193699.484375  193698.968750  193699.343750
3531  282.847687  193755.843750  193754.406250  193753.843750  193754.187500
3532  282.927795  193810.640625  193809.250000  193808.703125  193809.031250
3533  283.007904  193865.468750  193864.109375  193863.546875  193863.937500
3534  283.088013  193920.359375  193918.984375  193918.421875  193918.843750
3535  283.168121  193975.250000  193973.890625  193973.250000  193973.734375
3536  283.248230  194030.125000  194028.750000  194028.078125  194028.609375
3537  283.328339  194085.000000  194083.562500  194082.921875  194083.484375
3538  283.408417  194139.843750  194138.437500  194137.812500  194138.296875
3539  283.488525  194194.687500  194193.296875  194192.687500  194193.171875
3540  283.568634  194249.546875  194248.171875  194247.546875  194248.031250
3541  283.648743  194304.375000  194303.000000  194302.406250  194302.921875
3542  283.728851  194359.203125  194357.796875  194357.265625  194357.796875
3543  283.808960  194414.062500  194412.640625  194412.093750  194412.687500
3544  283.889069  194468.984375  194467.515625  194466.921875  194467.500000
3545  283.969147  194523.859375  194522.390625  194521.765625  194522.375000
3546  284.049255  194578.718750  194577.250000  194576.671875  194577.203125
3547  284.129364  194633.593750  194632.109375  194631.531250  194632.109375
3548  284.209473  194688.421875  194686.984375  194686.343750  194686.937500
3549  284.289581  194743.265625  194741.859375  194741.187500  194741.843750
3550  284.369690  194798.093750  194796.718750  194796.031250  194796.671875
3551  284.449768  194852.968750  194851.593750  194850.875000  194851.500000
3552  284.529877  194907.828125  194906.468750  194905.703125  194906.328125
3553  284.609985  194962.687500  194961.328125  194960.546875  194961.171875
3554  284.690094  195017.562500  195016.171875  195015.406250  195016.046875
3555  284.770203  195072.500000  195070.984375  195070.296875  195070.906250
3556  284.850311  195127.375000  195125.843750  195125.140625  195125.734375
3557  284.930420  195182.250000  195180.687500  195179.953125  195180.578125
3558  285.010498  195237.078125  195235.609375  195234.812500  195235.468750
3559  285.090607  195292.015625  195290.468750  195289.671875  195290.375000
3560  285.170715  195346.859375  195345.281250  195344.531250  195345.250000
3561  285.250824  195401.718750  195400.140625  195399.406250  195400.078125
3562  285.330933  195456.625000  195455.062500  195454.250000  195454.921875
3563  285.411041  195511.531250  195509.921875  195509.109375  195509.750000
3564  285.491150  195566.406250  195564.812500  195563.968750  195564.609375
3565  285.571228  195621.250000  195619.703125  195618.828125  195619.484375
3566  285.651337  195676.093750  195674.562500  195673.718750  195674.390625
3567  285.731445  195730.968750  195729.421875  195728.593750  195729.218750
3568  285.811554  195785.796875  195784.296875  195783.484375  195784.093750
3569  285.891663  195840.640625  195839.156250  195838.312500  195838.968750
3570  285.971771  195895.531250  195894.015625  195893.218750  195893.875000
3571  286.051880  195950.375000  195948.890625  195948.093750  195948.734375
3572  286.131958  196005.265625  196003.765625  196002.937500  196003.609375
3573  286.212067  196060.156250  196058.625000  196057.796875  196058.468750
3574  286.292175  196115.000000  196113.500000  196112.671875  196113.312500
3575  286.372284  196169.843750  196168.359375  196167.515625  196168.171875
3576  286.452393  196224.718750  196223.218750  196222.375000  196223.093750
3577  286.532501  196279.531250  196278.015625  196277.250000  196277.953125
3578  286.612610  196334.375000  196332.859375  196332.109375  196332.812500
3579  286.692688  196389.250000  196387.750000  196386.968750  196387.750000
3580  286.772797  196444.093750  196442.625000  196441.812500  196442.593750
3581  286.852905  196499.015625  196497.453125  196496.656250  196497.453125
3582  286.933014  196553.859375  196552.359375  196551.546875  196552.296875
3583  287.013123  196608.734375  196607.250000  196606.406250  196607.156250
3584  287.093231  196663.609375  196662.171875  196661.265625  196661.968750
3585  287.173309  196718.468750  196717.046875  196716.140625  196716.796875
3586  287.253418  196773.375000  196771.875000  196771.062500  196771.656250
3587  287.333527  196828.265625  196826.750000  196825.921875  196826.531250
3588  287.413635  196883.109375  196881.578125  196880.765625  196881.390625
3589  287.493744  196937.953125  196936.328125  196935.609375  196936.234375
3590  287.573853  196992.843750  196991.203125  196990.468750  196991.125000
3591  287.653961  197047.671875  197046.046875  197045.328125  197045.968750
3592  287.734039  197102.515625  197100.921875  197100.093750  197100.796875
3593  287.814148  197157.375000  197155.843750  197154.937500  197155.671875
3594  287.894257  197212.187500  197210.656250  197209.859375  197210.500000
3595  287.974365  197267.078125  197265.515625  197264.828125  197265.296875
3596  288.054474  197321.968750  197320.390625  197319.765625  197320.125000
3597  288.134583  197376.828125  197375.203125  197374.578125  197375.046875
3598  288.214691  197431.656250  197430.062500  197429.437500  197429.875000
3599  288.294769  197486.484375  197484.937500  197484.296875  197484.796875
3600  288.374878  197541.328125  197539.812500  197539.140625  197539.656250
3601  288.454987  197596.171875  197594.750000  197593.968750  197594.484375
3602  288.535095  197651.015625  197649.625000  197648.859375  197649.281250
3603  288.615204  197705.953125  197704.531250  197703.703125  197704.078125
3604  288.695312  197760.765625  197759.328125  197758.562500  197758.921875
3605  288.775421  197815.656250  197814.203125  197813.453125  197813.812500
3606  288.855499  197870.500000  197869.046875  197868.296875  197868.718750
3607  288.935608  197925.390625  197923.906250  197923.187500  197923.609375
3608  289.015717  197980.250000  197978.734375  197978.062500  197978.500000
3609  289.095825  198035.140625  198033.578125  198032.906250  198033.343750
3610  289.175934  198089.984375  198088.484375  198087.765625  198088.203125
3611  289.256042  198144.812500  198143.359375  198142.593750  198143.062500
3612  289.336121  198199.703125  198198.218750  198197.437500  198197.921875
3613  289.416229  198254.578125  198253.046875  198252.250000  198252.765625
3614  289.496338  198309.546875  198307.906250  198307.140625  198307.671875
3615  289.576447  198364.390625  198362.796875  198362.000000  198362.468750
3616  289.656555  198419.250000  198417.656250  198416.859375  198417.343750
3617  289.736664  198474.125000  198472.515625  198471.750000  198472.156250
3618  289.816772  198529.015625  198527.390625  198526.593750  198527.046875
3619  289.896851  198583.859375  198582.234375  198581.437500  198581.937500
3620  289.976959  198638.703125  198637.046875  198636.328125  198636.765625
3621  290.057068  198693.546875  198691.906250  198691.140625  198691.640625
3622  290.137177  198748.390625  198746.828125  198746.062500  198746.546875
3623  290.217285  198803.234375  198801.703125  198800.937500  198801.390625
3624  290.297394  198858.140625  198856.562500  198855.796875  198856.250000
3625  290.377502  198913.000000  198911.375000  198910.609375  198911.109375
3626  290.457581  198967.843750  198966.234375  198965.484375  198965.984375
3627  290.537689  199022.703125  199021.046875  199020.328125  199020.828125
3628  290.617798  199077.562500  199075.906250  199075.187500  199075.687500
3629  290.697906  199132.421875  199130.718750  199130.000000  199130.562500
3630  290.778015  199187.296875  199185.562500  199184.828125  199185.437500
3631  290.858124  199242.156250  199240.375000  199239.765625  199240.250000
3632  290.938232  199297.015625  199295.312500  199294.640625  199295.093750
3633  291.018311  199351.890625  199350.171875  199349.484375  199349.984375
3634  291.098419  199406.796875  199404.984375  199404.359375  199404.843750
3635  291.178528  199461.656250  199459.906250  199459.171875  199459.703125
3636  291.258636  199516.531250  199514.796875  199514.031250  199514.578125
3637  291.338745  199571.390625  199569.625000  199568.890625  199569.406250
3638  291.418854  199626.250000  199624.468750  199623.750000  199624.234375
3639  291.498962  199681.140625  199679.328125  199678.609375  199679.062500
3640  291.579041  199735.984375  199734.156250  199733.437500  199733.937500
3641  291.659149  199790.843750  199789.062500  199788.312500  199788.765625
3642  291.739258  199845.656250  199843.890625  199843.187500  199843.640625
3643  291.819366  199900.531250  199898.750000  199898.015625  199898.531250
3644  291.899475  199955.390625  199953.593750  199952.828125  199953.453125
3645  291.979584  200010.250000  200008.453125  200007.687500  200008.312500
3646  292.059662  200065.109375  200063.328125  200062.546875  200063.156250
3647  292.139771  200119.937500  200118.140625  200117.437500  200118.046875
3648  292.219879  200174.781250  200172.953125  200172.312500  200172.937500
3649  292.299988  200229.656250  200227.812500  200227.218750  200227.812500
3650  292.380096  200284.578125  200282.671875  200282.109375  200282.656250
3651  292.460205  200339.453125  200337.500000  200336.953125  200337.546875
3652  292.540314  200394.312500  200392.390625  200391.765625  200392.390625
3653  292.620392  200449.140625  200447.218750  200446.625000  200447.234375
3654  292.700500  200504.015625  200502.062500  200501.500000  200502.078125
3655  292.780609  200558.875000  200556.937500  200556.375000  200556.906250
3656  292.860718  200613.765625  200611.765625  200611.296875  200611.796875
3657  292.940826  200668.625000  200666.640625  200666.125000  200666.671875
3658  293.020935  200723.484375  200721.500000  200720.968750  200721.546875
3659  293.101044  200778.328125  200776.343750  200775.843750  200776.437500
3660  293.181122  200833.156250  200831.156250  200830.718750  200831.296875
3661  293.261230  200887.953125  200885.968750  200885.515625  200886.156250
3662  293.341339  200942.906250  200940.828125  200940.375000  200941.031250
3663  293.421448  200997.750000  200995.640625  200995.203125  200995.921875
3664  293.501556  201052.687500  201050.546875  201050.078125  201050.718750
3665  293.581665  201107.546875  201105.359375  201104.984375  201105.562500
3666  293.661774  201162.406250  201160.218750  201159.812500  201160.359375
3667  293.741852  201217.312500  201215.078125  201214.671875  201215.218750
3668  293.821960  201272.171875  201269.953125  201269.546875  201270.046875
3669  293.902069  201327.031250  201324.765625  201324.359375  201324.859375
3670  293.982178  201381.890625  201379.625000  201379.203125  201379.750000
3671  294.062286  201436.750000  201434.515625  201434.078125  201434.578125
3672  294.142395  201491.671875  201489.375000  201488.937500  201489.437500
3673  294.222473  201546.562500  201544.250000  201543.796875  201544.281250
3674  294.302582  201601.437500  201599.109375  201598.593750  201599.203125
3675  294.382690  201656.343750  201653.921875  201653.468750  201654.062500
3676  294.462799  201711.218750  201708.796875  201708.359375  201708.921875
3677  294.542908  201766.109375  201763.593750  201763.218750  201763.781250
3678  294.623016  201820.953125  201818.421875  201818.109375  201818.703125
3679  294.703125  201875.875000  201873.296875  201872.968750  201873.531250
3680  294.783203  201930.687500  201928.125000  201927.812500  201928.375000
3681  294.863312  201985.531250  201982.968750  201982.625000  201983.234375
3682  294.943420  202040.359375  202037.796875  202037.468750  202038.062500
3683  295.023529  202095.250000  202092.625000  202092.328125  202092.937500
3684  295.103638  202150.093750  202147.500000  202147.140625  202147.812500
3685  295.183746  202204.953125  202202.375000  202201.953125  202202.671875
3686  295.263855  202259.796875  202257.250000  202256.765625  202257.484375
3687  295.343933  202314.671875  202312.093750  202311.625000  202312.312500
3688  295.424042  202369.531250  202366.984375  202366.500000  202367.187500
3689  295.504150  202424.406250  202421.859375  202421.343750  202422.062500
3690  295.584259  202479.281250  202476.656250  202476.156250  202476.890625
3691  295.664368  202534.125000  202531.500000  202531.000000  202531.718750
3692  295.744476  202588.968750  202586.328125  202585.843750  202586.593750
3693  295.824585  202643.765625  202641.171875  202640.750000  202641.421875
3694  295.904663  202698.640625  202696.000000  202695.546875  202696.265625
3695  295.984772  202753.500000  202750.875000  202750.421875  202751.109375
3696  296.064880  202808.406250  202805.781250  202805.234375  202806.000000
3697  296.144989  202863.250000  202860.593750  202860.078125  202860.859375
3698  296.225098  202918.140625  202915.546875  202914.890625  202915.687500
3699  296.305206  202973.015625  202970.375000  202969.781250  202970.531250
3700  296.385284  203027.906250  203025.203125  203024.609375  203025.390625
3701  296.465393  203082.796875  203080.062500  203079.468750  203080.265625
3702  296.545502  203137.640625  203134.937500  203134.343750  203135.078125
3703  296.625610  203192.515625  203189.796875  203189.218750  203189.921875
3704  296.705719  203247.359375  203244.656250  203244.078125  203244.765625
3705  296.785828  203302.234375  203299.515625  203298.906250  203299.593750
3706  296.865936  203357.093750  203354.328125  203353.781250  203354.406250
3707  296.946014  203411.937500  203409.203125  203408.640625  203409.265625
3708  297.026123  203466.796875  203464.031250  203463.531250  203464.156250
3709  297.106232  203521.640625  203518.890625  203518.437500  203519.062500
3710  297.186340  203576.500000  203573.750000  203573.296875  203573.906250
3711  297.266449  203631.312500  203628.671875  203628.125000  203628.765625
3712  297.346558  203686.171875  203683.546875  203682.984375  203683.671875
3713  297.426666  203741.078125  203738.421875  203737.859375  203738.500000
3714  297.506744  203795.937500  203793.281250  203792.734375  203793.343750
3715  297.586853  203850.859375  203848.140625  203847.593750  203848.203125
3716  297.666962  203905.718750  203903.015625  203902.437500  203903.015625
3717  297.747070  203960.531250  203957.890625  203957.234375  203957.906250
3718  297.827179  204015.390625  204012.718750  204012.078125  204012.750000
3719  297.907288  204070.250000  204067.578125  204066.937500  204067.656250
3720  297.987396  204125.125000  204122.406250  204121.781250  204122.515625
3721  298.067474  204179.937500  204177.296875  204176.640625  204177.375000
3722  298.147583  204234.750000  204232.171875  204231.453125  204232.218750
3723  298.227692  204289.625000  204287.109375  204286.265625  204287.093750
3724  298.307800  204344.515625  204341.953125  204341.109375  204341.984375
3725  298.387909  204399.343750  204396.796875  204395.968750  204396.828125
3726  298.468018  204454.203125  204451.656250  204450.812500  204451.640625
3727  298.548126  204509.062500  204506.562500  204505.656250  204506.468750
3728  298.628204  204563.937500  204561.359375  204560.468750  204561.375000
3729  298.708313  204618.828125  204616.187500  204615.375000  204616.203125
3730  298.788422  204673.703125  204671.062500  204670.218750  204671.093750
3731  298.868530  204728.562500  204725.921875  204725.109375  204725.921875
3732  298.948639  204783.468750  204780.765625  204780.000000  204780.765625
3733  299.028748  204838.296875  204835.562500  204834.890625  204835.640625
3734  299.108826  204893.140625  204890.437500  204889.750000  204890.468750
3735  299.188934  204948.000000  204945.265625  204944.593750  204945.328125
3736  299.269043  205002.875000  205000.109375  204999.453125  205000.203125
3737  299.349152  205057.750000  205054.968750  205054.328125  205055.062500
3738  299.429260  205112.578125  205109.812500  205109.156250  205109.937500
3739  299.509369  205167.453125  205164.656250  205163.953125  205164.781250
3740  299.589478  205222.375000  205219.515625  205218.859375  205219.671875
3741  299.669556  205277.218750  205274.343750  205273.687500  205274.515625
3742  299.749664  205332.093750  205329.187500  205328.593750  205329.343750
3743  299.829773  205386.953125  205384.031250  205383.421875  205384.218750
3744  299.909882  205441.781250  205438.937500  205438.265625  205439.093750
3745  299.989990  205496.703125  205493.812500  205493.109375  205494.000000
3746  300.070099  205551.531250  205548.671875  205547.953125  205548.859375
3747  300.150208  205606.390625  205603.531250  205602.828125  205603.703125
3748  300.230286  205661.203125  205658.343750  205657.671875  205658.593750
3749  300.310394  205716.109375  205713.187500  205712.562500  205713.421875
3750  300.390503  205770.890625  205768.062500  205767.406250  205768.296875
3751  300.470612  205825.828125  205822.921875  205822.250000  205823.140625
3752  300.550720  205880.656250  205877.750000  205877.093750  205877.968750
3753  300.630829  205935.593750  205932.625000  205931.968750  205932.828125
3754  300.710938  205990.406250  205987.421875  205986.890625  205987.734375
3755  300.791016  206045.265625  206042.265625  206041.781250  206042.562500
3756  300.871124  206100.171875  206097.093750  206096.625000  206097.437500
3757  300.951233  206155.000000  206152.015625  206151.484375  206152.281250
3758  301.031342  206209.843750  206206.890625  206206.328125  206207.093750
3759  301.111450  206264.687500  206261.796875  206261.187500  206261.968750
3760  301.191559  206319.546875  206316.609375  206316.000000  206316.781250
3761  301.271637  206374.328125  206371.484375  206370.859375  206371.609375
3762  301.351746  206429.171875  206426.359375  206425.765625  206426.468750
3763  301.431854  206484.015625  206481.203125  206480.640625  206481.281250
3764  301.511963  206538.843750  206536.031250  206535.453125  206536.171875
3765  301.592072  206593.687500  206590.875000  206590.296875  206591.078125
3766  301.672180  206648.578125  206645.734375  206645.140625  206645.906250
3767  301.752289  206703.421875  206700.562500  206700.031250  206700.750000
3768  301.832367  206758.281250  206755.421875  206754.875000  206755.609375
3769  301.912476  206813.156250  206810.343750  206809.718750  206810.453125
3770  301.992584  206868.031250  206865.250000  206864.546875  206865.312500
3771  302.072693  206922.890625  206920.093750  206919.468750  206920.125000
3772  302.152802  206977.734375  206974.984375  206974.312500  206974.953125
3773  302.232910  207032.609375  207029.859375  207029.218750  207029.812500
3774  302.313019  207087.437500  207084.734375  207084.062500  207084.656250
3775  302.393097  207142.296875  207139.578125  207138.937500  207139.484375
3776  302.473206  207197.125000  207194.468750  207193.796875  207194.328125
3777  302.553314  207252.000000  207249.328125  207248.671875  207249.187500
3778  302.633423  207306.859375  207304.234375  207303.531250  207304.093750
3779  302.713531  207361.765625  207359.062500  207358.406250  207358.968750
3780  302.793640  207416.625000  207413.921875  207413.234375  207413.859375
3781  302.873749  207471.437500  207468.812500  207468.093750  207468.718750
3782  302.953827  207526.281250  207523.734375  207522.953125  207523.578125
3783  303.033936  207581.093750  207578.546875  207577.828125  207578.437500
3784  303.114044  207635.968750  207633.406250  207632.671875  207633.250000
3785  303.194153  207690.828125  207688.250000  207687.562500  207688.078125
3786  303.274261  207745.703125  207743.109375  207742.421875  207742.859375
3787  303.354370  207800.562500  207797.937500  207797.296875  207797.718750
3788  303.434448  207855.437500  207852.796875  207852.218750  207852.593750
3789  303.514557  207910.296875  207907.640625  207907.046875  207907.453125
3790  303.594666  207965.156250  207962.562500  207961.875000  207962.375000
3791  303.674774  208020.046875  208017.500000  208016.718750  208017.218750
3792  303.754883  208074.890625  208072.343750  208071.562500  208072.078125
3793  303.834991  208129.750000  208127.187500  208126.406250  208126.937500
3794  303.915100  208184.656250  208182.015625  208181.250000  208181.812500
3795  303.995178  208239.468750  208236.890625  208236.093750  208236.656250
3796  304.075287  208294.328125  208291.750000  208290.968750  208291.546875
3797  304.155396  208349.156250  208346.609375  208345.812500  208346.421875
3798  304.235504  208404.031250  208401.437500  208400.703125  208401.265625
3799  304.315613  208458.875000  208456.281250  208455.546875  208456.078125
3800  304.395721  208513.718750  208511.171875  208510.453125  208510.953125
3801  304.475830  208568.593750  208565.968750  208565.312500  208565.812500
3802  304.555908  208623.437500  208620.812500  208620.187500  208620.656250
3803  304.636017  208678.312500  208675.703125  208675.031250  208675.546875
3804  304.716125  208733.171875  208730.562500  208729.921875  208730.343750
3805  304.796234  208788.000000  208785.437500  208784.734375  208785.203125
3806  304.876343  208842.859375  208840.296875  208839.609375  208840.093750
3807  304.956451  208897.718750  208895.171875  208894.437500  208894.953125
3808  305.036560  208952.546875  208950.078125  208949.296875  208949.765625
3809  305.116638  209007.406250  209004.921875  209004.140625  209004.625000
3810  305.196747  209062.250000  209059.750000  209059.046875  209059.531250
3811  305.276855  209117.078125  209114.562500  209113.859375  209114.359375
3812  305.356964  209171.937500  209169.437500  209168.750000  209169.281250
3813  305.437073  209226.796875  209224.359375  209223.671875  209224.171875
3814  305.517181  209281.656250  209279.234375  209278.562500  209279.031250
3815  305.597290  209336.515625  209334.062500  209333.421875  209333.890625
3816  305.677368  209391.359375  209388.906250  209388.281250  209388.828125
3817  305.757477  209446.187500  209443.781250  209443.078125  209443.703125
3818  305.837585  209501.046875  209498.640625  209497.984375  209498.531250
3819  305.917694  209555.921875  209553.468750  209552.875000  209553.421875
3820  305.997803  209610.875000  209608.312500  209607.750000  209608.187500
3821  306.077911  209665.750000  209663.140625  209662.546875  209663.046875
3822  306.157990  209720.609375  209718.046875  209717.421875  209717.906250
3823  306.238098  209775.468750  209772.875000  209772.234375  209772.765625
3824  306.318207  209830.328125  209827.765625  209827.093750  209827.625000
3825  306.398315  209885.156250  209882.593750  209882.000000  209882.468750
3826  306.478424  209940.046875  209937.453125  209936.812500  209937.328125
3827  306.558533  209994.890625  209992.375000  209991.640625  209992.187500
3828  306.638641  210049.734375  210047.171875  210046.500000  210047.031250
3829  306.718719  210104.578125  210102.015625  210101.359375  210101.875000
3830  306.798828  210159.406250  210156.859375  210156.218750  210156.812500
3831  306.878937  210214.281250  210211.671875  210211.015625  210211.640625
3832  306.959045  210269.140625  210266.593750  210265.843750  210266.453125
3833  307.039154  210323.968750  210321.421875  210320.750000  210321.312500
3834  307.119263  210378.843750  210376.281250  210375.625000  210376.140625
3835  307.199371  210433.703125  210431.140625  210430.421875  210431.000000
3836  307.279449  210488.546875  210486.015625  210485.265625  210485.875000
3837  307.359558  210543.359375  210540.859375  210540.140625  210540.734375
3838  307.439667  210598.296875  210595.750000  210594.953125  210595.578125
3839  307.519775  210653.125000  210650.625000  210649.828125  210650.421875
3840  307.599884  210708.031250  210705.500000  210704.640625  210705.359375
3841  307.679993  210762.859375  210760.343750  210759.562500  210760.203125
3842  307.760101  210817.765625  210815.218750  210814.437500  210815.031250
3843  307.840179  210872.625000  210870.093750  210869.312500  210869.859375
3844  307.920288  210927.468750  210924.906250  210924.218750  210924.687500
3845  308.000397  210982.328125  210979.750000  210979.062500  210979.562500
3846  308.080505  211037.187500  211034.625000  211033.921875  211034.421875
3847  308.160614  211092.062500  211089.484375  211088.796875  211089.296875
3848  308.240723  211146.921875  211144.375000  211143.671875  211144.203125
3849  308.320801  211201.765625  211199.218750  211198.562500  211199.062500
3850  308.400909  211256.609375  211254.109375  211253.359375  211253.906250
3851  308.481018  211311.453125  211308.968750  211308.171875  211308.734375
3852  308.561127  211366.281250  211363.828125  211363.000000  211363.625000
3853  308.641235  211421.125000  211418.687500  211417.796875  211418.484375
3854  308.721344  211475.984375  211473.562500  211472.593750  211473.359375
3855  308.801453  211530.812500  211528.437500  211527.437500  211528.203125
3856  308.881531  211585.734375  211583.312500  211582.296875  211583.031250
3857  308.961639  211640.656250  211638.203125  211637.156250  211637.906250
3858  309.041748  211695.468750  211693.062500  211692.031250  211692.765625
3859  309.121857  211750.281250  211747.906250  211746.859375  211747.578125
3860  309.201965  211805.125000  211802.796875  211801.703125  211802.437500
3861  309.282074  211860.000000  211857.640625  211856.578125  211857.312500
3862  309.362183  211914.828125  211912.468750  211911.453125  211912.156250
3863  309.442261  211969.656250  211967.328125  211966.328125  211967.015625
3864  309.522369  212024.484375  212022.140625  212021.203125  212021.859375
3865  309.602478  212079.359375  212077.000000  212076.046875  212076.687500
3866  309.682587  212134.218750  212131.859375  212130.875000  212131.546875
3867  309.762695  212189.140625  212186.718750  212185.750000  212186.390625
3868  309.842804  212244.078125  212241.593750  212240.656250  212241.250000
3869  309.922913  212298.953125  212296.437500  212295.546875  212296.093750
3870  310.002991  212353.812500  212351.281250  212350.390625  212350.968750
3871  310.083099  212408.671875  212406.140625  212405.281250  212405.890625
3872  310.163208  212463.546875  212460.953125  212460.140625  212460.718750
3873  310.243317  212518.375000  212515.843750  212514.968750  212515.562500
3874  310.323425  212573.250000  212570.734375  212569.859375  212570.390625
3875  310.403534  212628.109375  212625.578125  212624.703125  212625.234375
3876  310.483612  212682.984375  212680.453125  212679.609375  212680.140625
3877  310.563721  212737.953125  212735.296875  212734.421875  212734.984375
3878  310.643829  212792.796875  212790.203125  212789.265625  212789.875000
3879  310.723938  212847.687500  212845.031250  212844.078125  212844.734375
3880  310.804047  212902.515625  212899.953125  212898.953125  212899.593750
3881  310.884155  212957.375000  212954.812500  212953.828125  212954.453125
3882  310.964264  213012.187500  213009.640625  213008.703125  213009.281250
3883  311.044342  213067.062500  213064.531250  213063.562500  213064.140625
3884  311.124451  213121.921875  213119.375000  213118.375000  213119.062500
3885  311.204559  213176.859375  213174.234375  213173.218750  213174.015625
3886  311.284668  213231.734375  213229.140625  213228.093750  213228.890625
3887  311.364777  213286.578125  213284.015625  213282.968750  213283.750000
3888  311.444885  213341.390625  213338.828125  213337.812500  213338.593750
3889  311.524994  213396.265625  213393.671875  213392.640625  213393.421875
3890  311.605072  213451.062500  213448.546875  213447.484375  213448.265625
3891  311.685181  213505.953125  213503.375000  213502.312500  213503.171875
3892  311.765289  213560.812500  213558.234375  213557.234375  213558.078125
3893  311.845398  213615.750000  213613.078125  213612.093750  213612.953125
3894  311.925507  213670.578125  213667.875000  213666.921875  213667.781250
3895  312.005615  213725.390625  213722.718750  213721.796875  213722.609375
3896  312.085724  213780.218750  213777.609375  213776.656250  213777.484375
3897  312.165802  213835.062500  213832.453125  213831.500000  213832.375000
3898  312.245911  213889.937500  213887.281250  213886.375000  213887.187500
3899  312.326019  213944.828125  213942.125000  213941.250000  213942.093750
3900  312.406128  213999.625000  213997.015625  213996.109375  213996.875000
3901  312.486237  214054.484375  214051.859375  214050.968750  214051.750000
3902  312.566345  214109.406250  214106.765625  214105.843750  214106.562500
3903  312.646454  214164.281250  214161.593750  214160.718750  214161.453125
3904  312.726532  214219.125000  214216.453125  214215.609375  214216.312500
3905  312.806641  214273.968750  214271.359375  214270.468750  214271.125000
3906  312.886749  214328.828125  214326.203125  214325.281250  214325.968750
3907  312.966858  214383.687500  214381.109375  214380.109375  214380.812500
3908  313.046967  214438.562500  214435.984375  214435.015625  214435.750000
3909  313.127075  214493.437500  214490.843750  214489.875000  214490.656250
3910  313.207153  214548.281250  214545.640625  214544.687500  214545.468750
3911  313.287262  214603.171875  214600.515625  214599.546875  214600.328125
3912  313.367371  214657.968750  214655.390625  214654.453125  214655.156250
3913  313.447479  214712.843750  214710.265625  214709.359375  214710.062500
3914  313.527588  214767.718750  214765.140625  214764.281250  214764.921875
3915  313.607697  214822.546875  214820.046875  214819.140625  214819.781250
3916  313.687805  214877.421875  214874.890625  214874.000000  214874.578125
3917  313.767883  214932.296875  214929.750000  214928.828125  214929.515625
3918  313.847992  214987.156250  214984.656250  214983.703125  214984.375000
3919  313.928101  215042.031250  215039.546875  215038.546875  215039.171875
3920  314.008209  215096.859375  215094.359375  215093.343750  215094.000000
3921  314.088318  215151.796875  215149.203125  215148.203125  215148.859375
3922  314.168427  215206.656250  215204.062500  215203.093750  215203.703125
3923  314.248535  215261.531250  215258.953125  215257.937500  215258.609375
3924  314.328613  215316.375000  215313.828125  215312.781250  215313.468750
3925  314.408722  215371.250000  215368.750000  215367.625000  215368.328125
3926  314.488831  215426.109375  215423.625000  215422.484375  215423.203125
3927  314.568939  215481.000000  215478.484375  215477.343750  215478.078125
3928  314.649048  215535.843750  215533.359375  215532.171875  215532.937500
3929  314.729156  215590.718750  215588.281250  215587.078125  215587.734375
3930  314.809265  215645.609375  215643.109375  215641.921875  215642.546875
3931  314.889343  215700.468750  215697.953125  215696.812500  215697.421875
3932  314.969452  215755.312500  215752.796875  215751.687500  215752.265625
3933  315.049561  215810.156250  215807.687500  215806.500000  215807.125000
3934  315.129669  215865.015625  215862.500000  215861.375000  215861.953125
3935  315.209778  215919.875000  215917.328125  215916.187500  215916.859375
3936  315.289886  215974.671875  215972.234375  215970.984375  215971.703125
3937  315.369965  216029.546875  216027.062500  216025.843750  216026.593750
3938  315.450073  216084.406250  216081.890625  216080.718750  216081.484375
3939  315.530182  216139.218750  216136.718750  216135.562500  216136.406250
3940  315.610291  216194.140625  216191.593750  216190.375000  216191.296875
3941  315.690399  216249.015625  216246.453125  216245.250000  216246.140625
3942  315.770508  216303.906250  216301.296875  216300.093750  216300.968750
3943  315.850616  216358.796875  216356.140625  216354.953125  216355.812500
3944  315.930695  216413.625000  216411.046875  216409.781250  216410.687500
3945  316.010803  216468.468750  216465.921875  216464.640625  216465.515625
3946  316.090912  216523.375000  216520.734375  216519.500000  216520.390625
3947  316.171021  216578.234375  216575.593750  216574.359375  216575.296875
3948  316.251129  216633.093750  216630.406250  216629.187500  216630.109375
3949  316.331238  216687.953125  216685.312500  216684.093750  216685.000000
3950  316.411346  216742.765625  216740.171875  216738.984375  216739.859375
3951  316.491425  216797.625000  216795.062500  216793.843750  216794.734375
3952  316.571533  216852.515625  216849.890625  216848.734375  216849.593750
3953  316.651642  216907.390625  216904.781250  216903.578125  216904.468750
3954  316.731750  216962.250000  216959.625000  216958.390625  216959.343750
3955  316.811859  217017.109375  217014.531250  217013.281250  217014.203125
3956  316.891968  217071.953125  217069.343750  217068.125000  217069.078125
3957  316.972076  217126.796875  217124.218750  217122.984375  217123.937500
3958  317.052155  217181.578125  217179.078125  217177.796875  217178.765625
3959  317.132263  217236.421875  217233.968750  217232.687500  217233.656250
3960  317.212372  217291.296875  217288.812500  217287.531250  217288.468750
3961  317.292480  217346.093750  217343.656250  217342.390625  217343.343750
3962  317.372589  217400.968750  217398.546875  217397.296875  217398.218750
3963  317.452698  217455.796875  217453.359375  217452.218750  217453.078125
3964  317.532776  217510.687500  217508.265625  217507.078125  217507.937500
3965  317.612885  217565.531250  217563.156250  217561.890625  217562.781250
3966  317.692993  217620.390625  217618.000000  217616.734375  217617.609375
3967  317.773102  217675.234375  217672.828125  217671.500000  217672.515625
3968  317.853210  217730.109375  217727.640625  217726.390625  217727.359375
3969  317.933319  217784.921875  217782.500000  217781.265625  217782.218750
3970  318.013428  217839.781250  217837.281250  217836.125000  217837.093750
3971  318.093506  217894.593750  217892.171875  217891.031250  217891.968750
3972  318.173615  217949.531250  217947.046875  217945.843750  217946.812500
3973  318.253723  218004.437500  218001.875000  218000.750000  218001.703125
3974  318.333832  218059.312500  218056.703125  218055.671875  218056.562500
3975  318.413940  218114.171875  218111.515625  218110.484375  218111.421875
3976  318.494049  218168.968750  218166.375000  218165.296875  218166.359375
3977  318.574158  218223.812500  218221.218750  218220.171875  218221.203125
3978  318.654236  218278.640625  218276.078125  218275.109375  218276.078125
3979  318.734344  218333.468750  218330.968750  218329.921875  218330.921875
3980  318.814453  218388.328125  218385.812500  218384.750000  218385.750000
3981  318.894562  218443.218750  218440.687500  218439.578125  218440.609375
3982  318.974670  218498.062500  218495.578125  218494.437500  218495.437500
3983  319.054779  218552.953125  218550.453125  218549.281250  218550.281250
3984  319.134888  218607.875000  218605.312500  218604.171875  218605.156250
3985  319.214966  218662.687500  218660.171875  218659.031250  218659.968750
3986  319.295074  218717.546875  218715.031250  218713.890625  218714.812500
3987  319.375183  218772.421875  218769.828125  218768.734375  218769.687500
3988  319.455292  218827.296875  218824.687500  218823.593750  218824.500000
3989  319.535400  218882.265625  218879.562500  218878.500000  218879.312500
3990  319.615509  218937.140625  218934.406250  218933.359375  218934.171875
3991  319.695618  218992.046875  218989.265625  218988.203125  218989.046875
3992  319.775696  219046.921875  219044.140625  219043.046875  219043.953125
3993  319.855804  219101.781250  219099.031250  219097.906250  219098.828125
3994  319.935913  219156.718750  219153.859375  219152.734375  219153.656250
3995  320.016022  219211.515625  219208.718750  219207.609375  219208.500000
3996  320.096130  219266.421875  219263.546875  219262.453125  219263.328125
3997  320.176239  219321.296875  219318.343750  219317.265625  219318.250000
3998  320.256317  219376.234375  219373.203125  219372.140625  219373.093750
3999  320.336426  219431.062500  219428.125000  219426.984375  219427.906250
4000  320.416534  219485.906250  219483.000000  219481.859375  219482.781250
4001  320.496643  219540.796875  219537.859375  219536.703125  219537.640625
4002  320.576752  219595.718750  219592.687500  219591.593750  219592.453125
4003  320.656860  219650.546875  219647.593750  219646.468750  219647.265625
4004  320.736969  219705.390625  219702.484375  219701.406250  219702.140625
4005  320.817047  219760.234375  219757.359375  219756.281250  219756.984375
4006  320.897156  219815.078125  219812.265625  219811.187500  219811.796875
4007  320.977264  219869.984375  219867.171875  219866.031250  219866.671875
4008  321.057373  219924.843750  219922.000000  219920.890625  219921.531250
4009  321.137482  219979.671875  219976.843750  219975.703125  219976.375000
4010  321.217590  220034.515625  220031.703125  220030.609375  220031.187500
4011  321.297699  220089.375000  220086.546875  220085.468750  220086.046875
4012  321.377777  220144.218750  220141.437500  220140.375000  220140.875000
4013  321.457886  220199.062500  220196.281250  220195.218750  220195.718750
4014  321.537994  220253.937500  220251.156250  220250.078125  220250.609375
4015  321.618103  220308.812500  220305.984375  220304.906250  220305.468750
4016  321.698212  220363.734375  220360.890625  220359.812500  220360.312500
4017  321.778320  220418.593750  220415.750000  220414.687500  220415.203125
4018  321.858429  220473.421875  220470.640625  220469.515625  220470.078125
4019  321.938507  220528.281250  220525.484375  220524.359375  220524.937500
4020  322.018616  220583.140625  220580.328125  220579.281250  220579.812500
4021  322.098724  220638.015625  220635.171875  220634.109375  220634.734375
4022  322.178833  220692.843750  220689.984375  220689.000000  220689.562500
4023  322.258942  220747.671875  220744.843750  220743.859375  220744.484375
4024  322.339050  220802.500000  220799.734375  220798.687500  220799.296875
4025  322.419128  220857.343750  220854.531250  220853.484375  220854.156250
4026  322.499237  220912.203125  220909.375000  220908.390625  220909.000000
4027  322.579346  220967.062500  220964.234375  220963.203125  220963.828125
4028  322.659454  221021.843750  221019.062500  221018.062500  221018.703125
4029  322.739563  221076.734375  221073.953125  221072.843750  221073.546875
4030  322.819672  221131.609375  221128.781250  221127.687500  221128.421875
4031  322.899780  221186.468750  221183.671875  221182.562500  221183.296875
4032  322.979858  221241.343750  221238.562500  221237.421875  221238.109375
4033  323.059967  221296.250000  221293.406250  221292.328125  221292.937500
4034  323.140076  221351.156250  221348.265625  221347.140625  221347.781250
4035  323.220184  221406.031250  221403.125000  221402.000000  221402.625000
4036  323.300293  221460.828125  221457.984375  221456.875000  221457.500000
4037  323.380402  221515.656250  221512.859375  221511.703125  221512.359375
4038  323.460510  221570.484375  221567.671875  221566.546875  221567.218750
4039  323.540588  221625.312500  221622.515625  221621.406250  221622.078125
4040  323.620697  221680.218750  221677.375000  221676.203125  221676.968750
4041  323.700806  221735.062500  221732.125000  221731.140625  221731.843750
4042  323.780914  221789.921875  221787.000000  221786.062500  221786.687500
4043  323.861023  221844.718750  221841.843750  221840.937500  221841.531250
4044  323.941132  221899.640625  221896.671875  221895.781250  221896.375000
4045  324.021240  221954.468750  221951.593750  221950.656250  221951.171875
4046  324.101318  222009.265625  222006.421875  222005.515625  222006.031250
4047  324.181427  222064.156250  222061.281250  222060.343750  222060.921875
4048  324.261536  222119.000000  222116.109375  222115.187500  222115.843750
4049  324.341644  222173.843750  222170.937500  222170.000000  222170.671875
4050  324.421753  222228.671875  222225.781250  222224.796875  222225.500000
4051  324.501862  222283.531250  222280.593750  222279.656250  222280.406250
4052  324.581940  222338.453125  222335.453125  222334.546875  222335.312500
4053  324.662048  222393.343750  222390.281250  222389.343750  222390.171875
4054  324.742157  222448.203125  222445.156250  222444.234375  222444.937500
4055  324.822266  222503.062500  222500.015625  222499.125000  222499.843750
4056  324.902374  222557.921875  222554.875000  222554.000000  222554.609375
4057  324.982483  222612.750000  222609.734375  222608.828125  222609.515625
4058  325.062592  222667.593750  222664.609375  222663.703125  222664.328125
4059  325.142670  222722.453125  222719.453125  222718.531250  222719.171875
4060  325.222778  222777.328125  222774.359375  222773.375000  222774.015625
4061  325.302887  222832.156250  222829.265625  222828.265625  222828.875000
4062  325.382996  222887.015625  222884.140625  222883.156250  222883.671875
4063  325.463104  222941.875000  222939.031250  222938.015625  222938.531250
4064  325.543213  222996.734375  222993.812500  222992.875000  222993.375000
4065  325.623322  223051.671875  223048.671875  223047.671875  223048.218750
4066  325.703400  223106.531250  223103.500000  223102.546875  223103.140625
4067  325.783508  223161.359375  223158.343750  223157.375000  223157.953125
4068  325.863617  223216.218750  223213.171875  223212.281250  223212.796875
4069  325.943726  223271.078125  223268.046875  223267.156250  223267.609375
4070  326.023834  223325.890625  223322.937500  223321.984375  223322.546875
4071  326.103943  223380.734375  223377.765625  223376.890625  223377.421875
4072  326.184052  223435.609375  223432.625000  223431.703125  223432.296875
4073  326.264130  223490.500000  223487.484375  223486.593750  223487.203125
4074  326.344238  223545.375000  223542.312500  223541.500000  223542.015625
4075  326.424347  223600.171875  223597.156250  223596.359375  223596.859375
4076  326.504456  223655.078125  223651.984375  223651.250000  223651.671875
4077  326.584564  223709.937500  223706.890625  223706.125000  223706.531250
4078  326.664673  223764.765625  223761.750000  223761.000000  223761.343750
4079  326.744781  223819.609375  223816.640625  223815.875000  223816.140625
4080  326.824860  223874.421875  223871.453125  223870.750000  223871.000000
4081  326.904968  223929.343750  223926.359375  223925.640625  223925.859375
4082  326.985077  223984.187500  223981.234375  223980.484375  223980.703125
4083  327.065186  224039.015625  224036.093750  224035.312500  224035.546875
4084  327.145294  224093.890625  224090.937500  224090.140625  224090.468750
4085  327.225403  224148.750000  224145.781250  224145.000000  224145.281250
4086  327.305481  224203.578125  224200.593750  224199.812500  224200.156250
4087  327.385590  224258.421875  224255.437500  224254.593750  224255.031250
4088  327.465698  224313.296875  224310.234375  224309.437500  224309.875000
4089  327.545807  224368.187500  224365.125000  224364.312500  224364.734375
4090  327.625916  224423.031250  224419.968750  224419.156250  224419.578125
4091  327.706024  224477.859375  224474.781250  224474.046875  224474.421875
4092  327.786133  224532.718750  224529.625000  224528.875000  224529.234375
4093  327.866211  224587.562500  224584.437500  224583.687500  224584.140625
4094  327.946320  224642.421875  224639.234375  224638.515625  224638.984375
4095  328.026428  224697.234375  224694.093750  224693.375000  224693.828125
4096  328.106537  224752.031250  224748.968750  224748.250000  224748.625000
4097  328.186646  224806.859375  224803.781250  224803.093750  224803.562500
4098  328.266754  224861.718750  224858.593750  224857.984375  224858.453125
4099  328.346863  224916.625000  224913.437500  224912.812500  224913.296875
4100  328.426941  224971.468750  224968.312500  224967.687500  224968.109375
4101  328.507050  225026.296875  225023.125000  225022.625000  225022.968750
4102  328.587158  225081.125000  225078.000000  225077.468750  225077.765625
4103  328.667267  225136.046875  225132.875000  225132.406250  225132.625000
4104  328.747375  225190.859375  225187.718750  225187.265625  225187.453125
4105  328.827484  225245.734375  225242.562500  225242.093750  225242.281250
4106  328.907593  225300.593750  225297.406250  225296.906250  225297.187500
4107  328.987671  225355.468750  225352.265625  225351.812500  225352.015625
4108  329.067780  225410.328125  225407.171875  225406.687500  225406.843750
4109  329.147888  225465.250000  225462.000000  225461.515625  225461.687500
4110  329.227997  225520.140625  225516.843750  225516.359375  225516.562500
4111  329.308105  225575.015625  225571.718750  225571.296875  225571.421875
4112  329.388214  225629.890625  225626.531250  225626.171875  225626.250000
4113  329.468292  225684.734375  225681.375000  225681.046875  225681.062500
4114  329.548401  225739.562500  225736.250000  225735.921875  225735.906250
4115  329.628510  225794.453125  225791.109375  225790.718750  225790.718750
4116  329.708618  225849.328125  225846.000000  225845.578125  225845.640625
4117  329.788727  225904.171875  225900.812500  225900.468750  225900.515625
4118  329.868835  225959.062500  225955.671875  225955.359375  225955.390625
4119  329.948944  226013.906250  226010.515625  226010.265625  226010.187500
4120  330.029022  226068.765625  226065.343750  226065.140625  226065.062500
4121  330.109131  226123.640625  226120.203125  226119.968750  226119.875000
4122  330.189240  226178.468750  226175.062500  226174.796875  226174.718750
4123  330.269348  226233.359375  226229.875000  226229.671875  226229.593750
4124  330.349457  226288.218750  226284.765625  226284.531250  226284.468750
4125  330.429565  226343.031250  226339.593750  226339.328125  226339.343750
4126  330.509674  226397.906250  226394.359375  226394.140625  226394.218750
4127  330.589752  226452.718750  226449.218750  226449.140625  226449.078125
4128  330.669861  226507.562500  226504.078125  226503.984375  226504.000000
4129  330.749969  226562.375000  226558.921875  226558.875000  226558.890625
4130  330.830078  226617.234375  226613.734375  226613.718750  226613.765625
4131  330.910187  226672.078125  226668.562500  226668.546875  226668.671875
4132  330.990295  226726.937500  226723.484375  226723.343750  226723.546875
4133  331.070404  226781.781250  226778.328125  226778.203125  226778.421875
4134  331.150482  226836.656250  226833.187500  226833.046875  226833.296875
4135  331.230591  226891.515625  226888.078125  226887.921875  226888.109375
4136  331.310699  226946.453125  226942.953125  226942.750000  226942.953125
4137  331.390808  227001.296875  226997.796875  226997.593750  226997.812500
4138  331.470917  227056.109375  227052.687500  227052.453125  227052.687500
4139  331.551025  227111.000000  227107.515625  227107.359375  227107.515625
4140  331.631134  227165.859375  227162.375000  227162.234375  227162.437500
4141  331.711212  227220.718750  227217.234375  227217.078125  227217.234375
4142  331.791321  227275.593750  227272.046875  227271.890625  227272.093750
4143  331.871429  227330.531250  227326.937500  227326.750000  227326.906250
4144  331.951538  227385.390625  227381.765625  227381.562500  227381.750000
4145  332.031647  227440.250000  227436.625000  227436.468750  227436.609375
4146  332.111755  227495.109375  227491.437500  227491.359375  227491.546875
4147  332.191833  227549.953125  227546.281250  227546.234375  227546.343750
4148  332.271942  227604.796875  227601.109375  227601.140625  227601.187500
4149  332.352051  227659.687500  227655.937500  227655.968750  227656.046875
4150  332.432159  227714.546875  227710.750000  227710.781250  227710.890625
4151  332.512268  227769.484375  227765.625000  227765.609375  227765.765625
4152  332.592377  227824.343750  227820.500000  227820.484375  227820.656250
4153  332.672485  227879.203125  227875.375000  227875.343750  227875.484375
4154  332.752563  227934.062500  227930.250000  227930.171875  227930.312500
4155  332.832672  227989.000000  227985.125000  227984.984375  227985.156250
4156  332.912781  228043.828125  228039.906250  228039.843750  228039.984375
4157  332.992889  228098.687500  228094.781250  228094.765625  228094.859375
4158  333.072998  228153.531250  228149.640625  228149.578125  228149.765625
4159  333.153107  228208.375000  228204.531250  228204.500000  228204.656250
4160  333.233215  228263.234375  228259.421875  228259.328125  228259.531250
4161  333.313293  228318.093750  228314.296875  228314.234375  228314.375000
4162  333.393402  228372.968750  228369.140625  228369.109375  228369.250000
4163  333.473511  228427.875000  228424.000000  228423.968750  228424.109375
4164  333.553619  228482.718750  228478.875000  228478.828125  228478.906250
4165  333.633728  228537.578125  228533.734375  228533.656250  228533.703125
4166  333.713837  228592.437500  228588.593750  228588.515625  228588.578125
4167  333.793945  228647.312500  228643.437500  228643.390625  228643.437500
4168  333.874023  228702.187500  228698.265625  228698.234375  228698.281250
4169  333.954132  228757.062500  228753.109375  228753.078125  228753.109375
4170  334.034241  228811.984375  228808.015625  228807.937500  228807.937500
4171  334.114349  228866.828125  228862.859375  228862.781250  228862.781250
4172  334.194458  228921.734375  228917.687500  228917.609375  228917.640625
4173  334.274567  228976.609375  228972.531250  228972.484375  228972.484375
4174  334.354645  229031.468750  229027.421875  229027.343750  229027.328125
4175  334.434753  229086.296875  229082.265625  229082.265625  229082.187500
4176  334.514862  229141.171875  229137.078125  229137.125000  229137.062500
4177  334.594971  229196.015625  229191.953125  229192.000000  229191.937500
4178  334.675079  229250.906250  229246.890625  229246.812500  229246.750000
4179  334.755188  229305.734375  229301.734375  229301.718750  229301.656250
4180  334.835297  229360.609375  229356.609375  229356.515625  229356.468750
4181  334.915375  229415.468750  229411.468750  229411.343750  229411.265625
4182  334.995483  229470.390625  229466.281250  229466.203125  229466.156250
4183  335.075592  229525.187500  229521.140625  229521.015625  229521.031250
4184  335.155701  229580.046875  229576.015625  229575.812500  229575.859375
4185  335.235809  229634.859375  229630.828125  229630.656250  229630.687500
4186  335.315918  229689.796875  229685.703125  229685.468750  229685.515625
4187  335.396027  229744.625000  229740.578125  229740.328125  229740.312500
4188  335.476105  229799.484375  229795.406250  229795.187500  229795.156250
4189  335.556213  229854.421875  229850.265625  229850.062500  229849.984375
4190  335.636322  229909.265625  229905.062500  229904.875000  229904.828125
4191  335.716431  229964.140625  229959.906250  229959.687500  229959.671875
4192  335.796539  230019.000000  230014.750000  230014.531250  230014.593750
4193  335.876648  230073.843750  230069.625000  230069.390625  230069.546875
4194  335.956757  230128.703125  230124.468750  230124.265625  230124.406250
4195  336.036835  230183.578125  230179.296875  230179.093750  230179.265625
4196  336.116943  230238.421875  230234.140625  230233.968750  230234.140625
4197  336.197052  230293.250000  230289.015625  230288.875000  230288.953125
4198  336.277161  230348.093750  230343.875000  230343.734375  230343.796875
4199  336.357269  230402.968750  230398.750000  230398.531250  230398.687500
4200  336.437378  230457.812500  230453.625000  230453.406250  230453.515625
4201  336.517456  230512.625000  230508.500000  230508.265625  230508.359375
4202  336.597565  230567.484375  230563.375000  230563.031250  230563.171875
4203  336.677673  230622.312500  230618.234375  230617.890625  230618.078125
4204  336.757782  230677.171875  230673.062500  230672.687500  230672.921875
4205  336.837891  230732.031250  230727.859375  230727.531250  230727.828125
4206  336.917999  230786.906250  230782.765625  230782.375000  230782.718750
4207  336.998108  230841.718750  230837.625000  230837.218750  230837.578125
4208  337.078186  230896.578125  230892.531250  230892.078125  230892.390625
4209  337.158295  230951.421875  230947.390625  230946.953125  230947.265625
4210  337.238403  231006.312500  231002.296875  231001.875000  231002.156250
4211  337.318512  231061.156250  231057.140625  231056.781250  231057.093750
4212  337.398621  231116.031250  231111.968750  231111.609375  231111.968750
4213  337.478729  231170.968750  231166.812500  231166.453125  231166.875000
4214  337.558838  231225.828125  231221.640625  231221.312500  231221.750000
4215  337.638916  231280.671875  231276.531250  231276.140625  231276.546875
4216  337.719025  231335.515625  231331.390625  231331.046875  231331.453125
4217  337.799133  231390.343750  231386.203125  231385.906250  231386.328125
4218  337.879242  231445.281250  231441.109375  231440.828125  231441.140625
4219  337.959351  231500.187500  231495.984375  231495.656250  231496.062500
4220  338.039459  231555.046875  231550.843750  231550.500000  231550.859375
4221  338.119568  231609.875000  231605.671875  231605.359375  231605.687500
4222  338.199646  231664.812500  231660.531250  231660.203125  231660.546875
4223  338.279755  231719.671875  231715.375000  231715.046875  231715.406250
4224  338.359863  231774.484375  231770.203125  231769.968750  231770.265625
4225  338.439972  231829.343750  231825.062500  231824.828125  231825.093750
4226  338.520081  231884.234375  231879.890625  231879.609375  231880.015625
4227  338.600189  231939.078125  231934.671875  231934.437500  231934.921875
4228  338.680298  231994.015625  231989.515625  231989.375000  231989.765625
4229  338.760376  232048.859375  232044.406250  232044.265625  232044.609375
4230  338.840485  232103.781250  232099.281250  232099.109375  232099.437500
4231  338.920593  232158.640625  232154.203125  232153.953125  232154.296875
4232  339.000702  232213.562500  232209.062500  232208.843750  232209.078125
4233  339.080811  232268.406250  232263.890625  232263.656250  232263.921875
4234  339.160919  232323.250000  232318.796875  232318.468750  232318.750000
4235  339.240997  232378.093750  232373.640625  232373.328125  232373.546875
4236  339.321106  232432.921875  232428.500000  232428.171875  232428.437500
4237  339.401215  232487.781250  232483.406250  232483.046875  232483.281250
4238  339.481323  232542.656250  232538.218750  232537.953125  232538.125000
4239  339.561432  232597.500000  232593.031250  232592.750000  232592.953125
4240  339.641541  232652.343750  232647.906250  232647.671875  232647.875000
4241  339.721649  232707.187500  232702.781250  232702.546875  232702.687500
4242  339.801727  232762.046875  232757.640625  232757.437500  232757.546875
4243  339.881836  232816.906250  232812.515625  232812.296875  232812.375000
4244  339.961945  232871.765625  232867.312500  232867.218750  232867.218750
4245  340.042053  232926.640625  232922.187500  232922.093750  232922.078125
4246  340.122162  232981.468750  232977.109375  232976.937500  232976.937500
4247  340.202271  233036.328125  233032.015625  233031.781250  233031.750000
4248  340.282379  233091.203125  233086.859375  233086.640625  233086.609375
4249  340.362457  233146.031250  233141.765625  233141.546875  233141.515625
4250  340.442566  233200.843750  233196.625000  233196.375000  233196.375000
4251  340.522675  233255.765625  233251.500000  233251.281250  233251.218750
4252  340.602783  233310.656250  233306.359375  233306.109375  233306.078125
4253  340.682892  233365.531250  233361.171875  233360.906250  233360.953125
4254  340.763000  233420.375000  233415.968750  233415.765625  233415.812500
4255  340.843109  233475.203125  233470.796875  233470.562500  233470.703125
4256  340.923187  233530.031250  233525.640625  233525.359375  233525.515625
4257  341.003296  233584.906250  233580.578125  233580.218750  233580.390625
4258  341.083405  233639.781250  233635.390625  233635.109375  233635.218750
4259  341.163513  233694.656250  233690.296875  233689.984375  233690.031250
4260  341.243622  233749.515625  233745.171875  233744.843750  233744.843750
4261  341.323730  233804.468750  233799.984375  233799.750000  233799.656250
4262  341.403809  233859.421875  233854.875000  233854.578125  233854.515625
4263  341.483917  233914.265625  233909.703125  233909.562500  233909.390625
4264  341.564026  233969.078125  233964.578125  233964.437500  233964.218750
4265  341.644135  234024.015625  234019.421875  234019.312500  234019.093750
4266  341.724243  234078.953125  234074.359375  234074.125000  234073.921875
4267  341.804352  234133.890625  234129.187500  234129.015625  234128.781250
4268  341.884460  234188.750000  234183.984375  234183.875000  234183.625000
4269  341.964539  234243.640625  234238.875000  234238.718750  234238.500000
4270  342.044647  234298.531250  234293.718750  234293.609375  234293.359375
4271  342.124756  234353.421875  234348.562500  234348.468750  234348.187500
4272  342.204865  234408.234375  234403.406250  234403.281250  234403.046875
4273  342.284973  234463.062500  234458.296875  234458.156250  234457.890625
4274  342.365082  234517.937500  234513.234375  234513.062500  234512.765625
4275  342.445190  234572.781250  234568.140625  234567.937500  234567.640625
4276  342.525269  234627.625000  234623.000000  234622.796875  234622.500000
4277  342.605377  234682.500000  234677.843750  234677.625000  234677.328125
4278  342.685486  234737.406250  234732.703125  234732.390625  234732.140625
4279  342.765594  234792.281250  234787.531250  234787.250000  234787.015625
4280  342.845703  234847.203125  234842.421875  234842.093750  234841.906250
4281  342.925812  234902.015625  234897.296875  234897.000000  234896.750000
4282  343.005920  234956.906250  234952.187500  234951.828125  234951.671875
4283  343.085999  235011.750000  235007.093750  235006.687500  235006.515625
4284  343.166107  235066.656250  235061.921875  235061.562500  235061.343750
4285  343.246216  235121.484375  235116.765625  235116.406250  235116.203125
4286  343.326324  235176.343750  235171.656250  235171.296875  235171.062500
4287  343.406433  235231.250000  235226.515625  235226.156250  235225.875000
4288  343.486542  235286.062500  235281.421875  235281.000000  235280.718750
4289  343.566620  235340.875000  235336.312500  235335.843750  235335.546875
4290  343.646729  235395.734375  235391.203125  235390.734375  235390.453125
4291  343.726837  235450.593750  235446.031250  235445.546875  235445.218750
4292  343.806946  235505.468750  235500.843750  235500.375000  235500.093750
4293  343.887054  235560.406250  235555.671875  235555.281250  235554.953125
4294  343.967163  235615.281250  235610.546875  235610.156250  235609.828125
4295  344.047272  235670.109375  235665.437500  235665.031250  235664.671875
4296  344.127350  235724.968750  235720.250000  235719.890625  235719.562500
4297  344.207458  235779.843750  235775.125000  235774.703125  235774.468750
4298  344.287567  235834.703125  235830.000000  235829.578125  235829.375000
4299  344.367676  235889.546875  235884.890625  235884.437500  235884.234375
4300  344.447784  235944.359375  235939.687500  235939.250000  235939.140625
4301  344.527893  235999.218750  235994.546875  235994.093750  235994.031250
4302  344.608002  236054.109375  236049.421875  236048.968750  236048.875000
4303  344.688080  236108.953125  236104.343750  236103.890625  236103.687500
4304  344.768188  236163.812500  236159.203125  236158.765625  236158.515625
4305  344.848297  236218.640625  236214.093750  236213.562500  236213.421875
4306  344.928406  236273.484375  236268.968750  236268.437500  236268.296875
4307  345.008514  236328.359375  236323.828125  236323.312500  236323.109375
4308  345.088623  236383.156250  236378.656250  236378.203125  236377.984375
4309  345.168732  236438.093750  236433.468750  236433.078125  236432.843750
4310  345.248810  236492.953125  236488.296875  236487.921875  236487.687500
4311  345.328918  236547.796875  236543.156250  236542.765625  236542.500000
4312  345.409027  236602.640625  236597.953125  236597.656250  236597.312500
4313  345.489136  236657.531250  236652.828125  236652.515625  236652.171875
4314  345.569244  236712.359375  236707.671875  236707.375000  236707.046875
4315  345.649353  236767.234375  236762.546875  236762.203125  236762.031250
4316  345.729462  236822.093750  236817.421875  236817.109375  236816.859375
4317  345.809540  236877.000000  236872.281250  236871.921875  236871.718750
4318  345.889648  236931.875000  236927.156250  236926.781250  236926.609375
4319  345.969757  236986.734375  236981.953125  236981.625000  236981.453125
4320  346.049866  237041.593750  237036.812500  237036.515625  237036.281250
4321  346.129974  237096.468750  237091.625000  237091.328125  237091.140625
4322  346.210083  237151.343750  237146.515625  237146.187500  237145.984375
4323  346.290161  237206.187500  237201.375000  237201.015625  237200.875000
4324  346.370270  237261.046875  237256.203125  237255.875000  237255.734375
4325  346.450378  237315.875000  237311.046875  237310.859375  237310.609375
4326  346.530487  237370.718750  237365.890625  237365.671875  237365.421875
4327  346.610596  237425.593750  237420.703125  237420.546875  237420.265625
4328  346.690704  237480.468750  237475.515625  237475.437500  237475.078125
4329  346.770813  237535.281250  237530.421875  237530.296875  237529.984375
4330  346.850891  237590.156250  237585.296875  237585.234375  237584.796875
4331  346.931000  237645.093750  237640.234375  237640.093750  237639.625000
4332  347.011108  237699.968750  237695.046875  237694.953125  237694.562500
4333  347.091217  237754.828125  237749.921875  237749.812500  237749.468750
4334  347.171326  237809.671875  237804.796875  237804.687500  237804.328125
4335  347.251434  237864.437500  237859.703125  237859.515625  237859.203125
4336  347.331543  237919.296875  237914.531250  237914.390625  237914.062500
4337  347.411621  237974.125000  237969.390625  237969.250000  237968.906250
4338  347.491730  238028.968750  238024.187500  238024.109375  238023.765625
4339  347.571838  238083.890625  238079.062500  238078.968750  238078.640625
4340  347.651947  238138.734375  238133.937500  238133.796875  238133.546875
4341  347.732056  238193.609375  238188.781250  238188.687500  238188.359375
4342  347.812164  238248.468750  238243.609375  238243.609375  238243.218750
4343  347.892273  238303.359375  238298.531250  238298.453125  238298.046875
4344  347.972351  238358.250000  238353.390625  238353.312500  238352.906250
4345  348.052460  238413.125000  238408.281250  238408.171875  238407.718750
4346  348.132568  238468.015625  238463.156250  238462.984375  238462.546875
4347  348.212677  238522.859375  238517.953125  238517.875000  238517.437500
4348  348.292786  238577.718750  238572.781250  238572.750000  238572.312500
4349  348.372894  238632.593750  238627.609375  238627.609375  238627.171875
4350  348.452972  238687.515625  238682.453125  238682.546875  238682.031250
4351  348.533081  238742.406250  238737.312500  238737.343750  238736.890625
4352  348.613190  238797.250000  238792.140625  238792.203125  238791.765625
4353  348.693298  238852.078125  238847.015625  238847.078125  238846.593750
4354  348.773407  238906.937500  238901.937500  238901.921875  238901.500000
4355  348.853516  238961.796875  238956.796875  238956.796875  238956.359375
4356  348.933624  239016.718750  239011.718750  239011.593750  239011.203125
4357  349.013702  239071.593750  239066.500000  239066.453125  239066.187500
4358  349.093811  239126.453125  239121.437500  239121.281250  239121.031250
4359  349.173920  239181.312500  239176.265625  239176.140625  239175.906250
4360  349.254028  239236.203125  239231.078125  239230.984375  239230.718750
4361  349.334137  239291.125000  239285.953125  239285.875000  239285.593750
4362  349.414246  239346.031250  239340.796875  239340.750000  239340.468750
4363  349.494354  239400.906250  239395.625000  239395.609375  239395.375000
4364  349.574432  239455.796875  239450.468750  239450.468750  239450.218750
4365  349.654541  239510.625000  239505.296875  239505.406250  239505.046875
4366  349.734650  239565.468750  239560.140625  239560.296875  239559.921875
4367  349.814758  239620.296875  239614.968750  239615.171875  239614.796875
4368  349.894867  239675.171875  239669.765625  239670.078125  239669.625000
4369  349.974976  239730.000000  239724.593750  239724.906250  239724.515625
4370  350.055084  239784.796875  239779.468750  239779.765625  239779.359375
4371  350.135162  239839.640625  239834.296875  239834.640625  239834.234375
4372  350.215271  239894.546875  239889.203125  239889.453125  239889.125000
4373  350.295380  239949.375000  239944.093750  239944.328125  239944.000000
4374  350.375488  240004.250000  239998.953125  239999.234375  239998.812500
4375  350.455597  240059.093750  240053.843750  240054.062500  240053.687500
4376  350.535706  240113.953125  240108.640625  240108.921875  240108.578125
4377  350.615784  240168.828125  240163.484375  240163.734375  240163.437500
4378  350.695892  240223.640625  240218.343750  240218.578125  240218.281250
4379  350.776001  240278.500000  240273.234375  240273.453125  240273.109375
4380  350.856110  240333.375000  240328.046875  240328.328125  240327.906250
4381  350.936218  240388.218750  240382.890625  240383.250000  240382.765625
4382  351.016327  240443.125000  240437.718750  240438.109375  240437.625000
4383  351.096436  240497.953125  240492.546875  240492.968750  240492.500000
4384  351.176514  240552.796875  240547.421875  240547.781250  240547.343750
4385  351.256622  240607.656250  240602.234375  240602.640625  240602.203125
4386  351.336731  240662.500000  240657.109375  240657.515625  240657.015625
4387  351.416840  240717.390625  240711.968750  240712.312500  240711.875000
4388  351.496948  240772.250000  240766.890625  240767.187500  240766.687500
4389  351.577057  240827.109375  240821.718750  240822.046875  240821.484375
4390  351.657166  240882.000000  240876.625000  240876.937500  240876.281250
4391  351.737244  240936.859375  240931.453125  240931.718750  240931.140625
4392  351.817352  240991.718750  240986.359375  240986.578125  240986.046875
4393  351.897461  241046.531250  241041.187500  241041.406250  241040.953125
4394  351.977570  241101.390625  241096.046875  241096.265625  241095.812500
4395  352.057678  241156.265625  241150.906250  241151.078125  241150.718750
4396  352.137787  241211.125000  241205.843750  241206.000000  241205.578125
4397  352.217896  241266.000000  241260.656250  241260.937500  241260.421875
4398  352.297974  241320.890625  241315.500000  241315.765625  241315.234375
4399  352.378082  241375.718750  241370.312500  241370.562500  241370.093750
4400  352.458191  241430.531250  241425.187500  241425.421875  241424.906250
4401  352.538300  241485.375000  241480.046875  241480.281250  241479.750000
4402  352.618408  241540.203125  241534.921875  241535.140625  241534.640625
4403  352.698517  241595.046875  241589.750000  241590.015625  241589.562500
4404  352.778625  241649.921875  241644.578125  241644.890625  241644.406250
4405  352.858704  241704.781250  241699.375000  241699.765625  241699.265625
4406  352.938812  241759.593750  241754.250000  241754.609375  241754.109375
4407  353.018921  241814.468750  241809.078125  241809.484375  241808.906250
4408  353.099030  241869.359375  241863.984375  241864.359375  241863.734375
4409  353.179138  241924.218750  241918.812500  241919.234375  241918.640625
4410  353.259247  241979.093750  241973.750000  241974.156250  241973.515625
4411  353.339325  242033.968750  242028.546875  242028.984375  242028.453125
4412  353.419434  242088.828125  242083.359375  242083.828125  242083.312500
4413  353.499542  242143.750000  242138.218750  242138.718750  242138.140625
4414  353.579651  242198.578125  242193.093750  242193.546875  242192.984375
4415  353.659760  242253.500000  242248.015625  242248.390625  242247.921875
4416  353.739868  242308.437500  242302.875000  242303.312500  242302.734375
4417  353.819977  242363.250000  242357.765625  242358.171875  242357.625000
4418  353.900055  242418.109375  242412.609375  242413.031250  242412.484375
4419  353.980164  242472.921875  242467.500000  242467.906250  242467.359375
4420  354.060272  242527.843750  242522.343750  242522.765625  242522.281250
4421  354.140381  242582.703125  242577.203125  242577.640625  242577.109375
4422  354.220490  242637.546875  242632.031250  242632.468750  242632.000000
4423  354.300598  242692.421875  242686.875000  242687.328125  242686.843750
4424  354.380707  242747.265625  242741.703125  242742.203125  242741.671875
4425  354.460785  242802.234375  242796.640625  242797.062500  242796.546875
4426  354.540894  242857.109375  242851.500000  242851.875000  242851.421875
4427  354.621002  242911.968750  242906.375000  242906.703125  242906.281250
4428  354.701111  242966.843750  242961.234375  242961.531250  242961.093750
4429  354.781219  243021.671875  243016.109375  243016.390625  243015.984375
4430  354.861328  243076.546875  243070.921875  243071.250000  243070.843750
4431  354.941437  243131.437500  243125.781250  243126.109375  243125.703125
4432  355.021515  243186.328125  243180.687500  243180.937500  243180.546875
4433  355.101624  243241.156250  243235.531250  243235.765625  243235.375000
4434  355.181732  243296.015625  243290.359375  243290.609375  243290.250000
4435  355.261841  243350.984375  243345.218750  243345.468750  243345.109375
4436  355.341949  243405.828125  243400.046875  243400.312500  243400.015625
4437  355.422058  243460.687500  243454.828125  243455.109375  243454.843750
4438  355.502136  243515.562500  243509.656250  243509.968750  243509.656250
4439  355.582245  243570.500000  243564.453125  243564.765625  243564.578125
4440  355.662354  243625.375000  243619.281250  243619.593750  243619.453125
4441  355.742462  243680.218750  243674.093750  243674.406250  243674.265625
4442  355.822571  243735.078125  243728.921875  243729.250000  243729.125000
4443  355.902679  243789.937500  243783.828125  243784.125000  243783.968750
4444  355.982788  243844.703125  243838.625000  243839.000000  243838.859375
4445  356.062866  243899.609375  243893.453125  243893.859375  243893.765625
4446  356.142975  243954.484375  243948.328125  243948.671875  243948.593750
4447  356.223083  244009.312500  244003.187500  244003.484375  244003.484375
4448  356.303192  244064.187500  244058.062500  244058.312500  244058.328125
4449  356.383301  244119.093750  244112.937500  244113.171875  244113.140625
4450  356.463409  244173.953125  244167.781250  244168.015625  244167.921875
4451  356.543518  244228.843750  244222.625000  244222.875000  244222.765625
4452  356.623596  244283.656250  244277.453125  244277.718750  244277.609375
4453  356.703705  244338.500000  244332.296875  244332.578125  244332.468750
4454  356.783813  244393.421875  244387.156250  244387.406250  244387.281250
4455  356.863922  244448.250000  244441.984375  244442.218750  244442.140625
4456  356.944031  244503.109375  244496.875000  244497.078125  244497.078125
4457  357.024139  244557.968750  244551.734375  244551.937500  244551.953125
4458  357.104248  244612.796875  244606.671875  244606.750000  244606.781250
4459  357.184326  244667.656250  244661.500000  244661.625000  244661.625000
4460  357.264435  244722.531250  244716.390625  244716.468750  244716.562500
4461  357.344543  244777.390625  244771.203125  244771.359375  244771.500000
4462  357.424652  244832.234375  244826.078125  244826.203125  244826.343750
4463  357.504761  244887.078125  244880.921875  244881.078125  244881.281250
4464  357.584869  244941.906250  244935.796875  244935.968750  244936.156250
4465  357.664948  244996.734375  244990.609375  244990.875000  244991.015625
4466  357.745056  245051.656250  245045.421875  245045.796875  245045.828125
4467  357.825165  245106.500000  245100.312500  245100.625000  245100.671875
4468  357.905273  245161.390625  245155.203125  245155.468750  245155.500000
4469  357.985382  245216.250000  245210.062500  245210.312500  245210.343750
4470  358.065491  245271.203125  245264.921875  245265.203125  245265.171875
4471  358.145599  245326.062500  245319.875000  245320.078125  245320.000000
4472  358.225677  245380.921875  245374.734375  245374.937500  245374.875000
4473  358.305786  245435.750000  245429.593750  245429.781250  245429.718750
4474  358.385895  245490.687500  245484.421875  245484.640625  245484.609375
4475  358.466003  245545.546875  245539.281250  245539.500000  245539.453125
4476  358.546112  245600.390625  245594.140625  245594.390625  245594.343750
4477  358.626221  245655.218750  245649.015625  245649.250000  245649.171875
4478  358.706329  245710.093750  245703.843750  245704.125000  245704.093750
4479  358.786407  245764.937500  245758.734375  245759.031250  245758.984375
4480  358.866516  245819.828125  245813.562500  245813.890625  245813.781250
4481  358.946625  245874.687500  245868.406250  245868.687500  245868.640625
4482  359.026733  245929.546875  245923.296875  245923.531250  245923.500000
4483  359.106842  245984.375000  245978.218750  245978.437500  245978.328125
4484  359.186951  246039.218750  246033.109375  246033.296875  246033.171875
4485  359.267059  246094.078125  246087.968750  246088.187500  246088.031250
4486  359.347137  246148.968750  246142.781250  246143.078125  246142.890625
4487  359.427246  246203.812500  246197.687500  246197.937500  246197.765625
4488  359.507355  246258.640625  246252.531250  246252.750000  246252.593750
4489  359.587463  246313.453125  246307.359375  246307.593750  246307.437500
4490  359.667572  246368.437500  246362.312500  246362.453125  246362.265625
4491  359.747681  246423.250000  246417.171875  246417.312500  246417.140625
4492  359.827789  246478.093750  246472.000000  246472.140625  246471.984375
4493  359.907867  246532.921875  246526.796875  246527.046875  246526.843750
4494  359.987976  246587.828125  246581.703125  246581.921875  246581.734375
4495  360.068085  246642.718750  246636.546875  246636.750000  246636.578125
4496  360.148193  246697.593750  246691.390625  246691.609375  246691.453125
4497  360.228302  246752.468750  246746.187500  246746.421875  246746.281250
4498  360.308411  246807.375000  246801.046875  246801.328125  246801.109375
4499  360.388489  246862.234375  246855.906250  246856.156250  246855.937500
4500  360.468597  246917.062500  246910.781250  246910.984375  246910.734375
4501  360.548706  246971.921875  246965.671875  246965.796875  246965.593750
4502  360.628815  247026.734375  247020.578125  247020.625000  247020.468750
4503  360.708923  247081.546875  247075.421875  247075.484375  247075.281250
4504  360.789032  247136.468750  247130.281250  247130.328125  247130.125000
4505  360.869141  247191.328125  247185.140625  247185.187500  247184.937500
4506  360.949219  247246.140625  247239.953125  247240.015625  247239.796875
4507  361.029327  247300.984375  247294.812500  247294.859375  247294.640625
4508  361.109436  247355.781250  247349.671875  247349.718750  247349.468750
4509  361.189545  247410.671875  247404.562500  247404.546875  247404.328125
4510  361.269653  247465.468750  247459.406250  247459.359375  247459.171875
4511  361.349762  247520.312500  247514.296875  247514.140625  247514.000000
4512  361.429871  247575.218750  247569.125000  247568.984375  247568.921875
4513  361.509949  247630.078125  247623.937500  247623.812500  247623.781250
4514  361.590057  247684.890625  247678.875000  247678.671875  247678.656250
4515  361.670166  247739.796875  247733.734375  247733.593750  247733.468750
4516  361.750275  247794.734375  247788.546875  247788.390625  247788.281250
4517  361.830383  247849.609375  247843.437500  247843.296875  247843.234375
4518  361.910492  247904.484375  247898.281250  247898.171875  247898.156250
4519  361.990601  247959.281250  247953.140625  247953.031250  247953.062500
4520  362.070679  248014.093750  248007.953125  248007.875000  248007.890625
4521  362.150787  248068.968750  248062.812500  248062.703125  248062.781250
4522  362.230896  248123.859375  248117.671875  248117.531250  248117.609375
4523  362.311005  248178.734375  248172.515625  248172.375000  248172.468750
4524  362.391113  248233.562500  248227.359375  248227.234375  248227.343750
4525  362.471222  248288.375000  248282.171875  248282.140625  248282.234375
4526  362.551300  248343.234375  248337.031250  248337.000000  248337.093750
4527  362.631409  248398.062500  248391.968750  248391.843750  248391.921875
4528  362.711517  248452.906250  248446.828125  248446.687500  248446.765625
4529  362.791626  248507.765625  248501.640625  248501.515625  248501.578125
4530  362.871735  248562.625000  248556.437500  248556.375000  248556.437500
4531  362.951843  248617.484375  248611.328125  248611.234375  248611.296875
4532  363.031952  248672.375000  248666.187500  248666.156250  248666.187500
4533  363.112030  248727.296875  248721.031250  248720.968750  248721.046875
4534  363.192139  248782.125000  248775.859375  248775.828125  248775.953125
4535  363.272247  248836.968750  248830.703125  248830.703125  248830.843750
4536  363.352356  248891.828125  248885.562500  248885.593750  248885.703125
4537  363.432465  248946.687500  248940.375000  248940.515625  248940.562500
4538  363.512573  249001.578125  248995.187500  248995.453125  248995.390625
4539  363.592682  249056.390625  249050.015625  249050.328125  249050.250000
4540  363.672760  249111.312500  249104.843750  249105.203125  249105.031250
4541  363.752869  249166.156250  249159.687500  249160.046875  249159.921875
4542  363.832977  249220.968750  249214.484375  249214.937500  249214.734375
4543  363.913086  249275.796875  249269.375000  249269.812500  249269.609375
4544  363.993195  249330.625000  249324.250000  249324.640625  249324.375000
4545  364.073303  249385.515625  249379.156250  249379.546875  249379.265625
4546  364.153412  249440.359375  249433.984375  249434.468750  249434.171875
4547  364.233490  249495.234375  249488.796875  249489.359375  249489.015625
4548  364.313599  249550.109375  249543.625000  249544.218750  249543.906250
4549  364.393707  249604.984375  249598.453125  249599.093750  249598.750000
4550  364.473816  249659.859375  249653.328125  249653.953125  249653.687500
4551  364.553925  249714.703125  249708.187500  249708.812500  249708.593750
4552  364.634033  249769.546875  249763.062500  249763.671875  249763.390625
4553  364.714111  249824.375000  249818.000000  249818.531250  249818.265625
4554  364.794220  249879.234375  249872.875000  249873.359375  249873.046875
4555  364.874329  249934.078125  249927.718750  249928.218750  249927.875000
4556  364.954437  249988.906250  249982.531250  249983.078125  249982.781250
4557  365.034546  250043.734375  250037.328125  250037.937500  250037.609375
4558  365.114655  250098.640625  250092.140625  250092.812500  250092.484375
4559  365.194763  250153.468750  250147.000000  250147.671875  250147.406250
4560  365.274841  250208.328125  250201.875000  250202.500000  250202.296875
4561  365.354950  250263.187500  250256.781250  250257.359375  250257.125000
4562  365.435059  250318.046875  250311.578125  250312.171875  250312.000000
4563  365.515167  250372.890625  250366.406250  250367.015625  250366.906250
4564  365.595276  250427.750000  250421.203125  250421.828125  250421.875000
4565  365.675385  250482.656250  250476.062500  250476.687500  250476.687500
4566  365.755493  250537.531250  250530.953125  250531.546875  250531.562500
4567  365.835571  250592.390625  250585.859375  250586.390625  250586.437500
4568  365.915680  250647.265625  250640.718750  250641.312500  250641.296875
4569  365.995789  250702.171875  250695.578125  250696.125000  250696.187500
4570  366.075897  250757.015625  250750.421875  250751.031250  250751.125000
4571  366.156006  250811.843750  250805.265625  250805.859375  250805.968750
4572  366.236115  250866.703125  250860.125000  250860.796875  250860.843750
4573  366.316223  250921.625000  250914.953125  250915.656250  250915.734375
4574  366.396301  250976.468750  250969.781250  250970.468750  250970.593750
4575  366.476410  251031.437500  251024.609375  251025.359375  251025.468750
4576  366.556519  251086.250000  251079.453125  251080.187500  251080.328125
4577  366.636627  251141.093750  251134.265625  251135.078125  251135.140625
4578  366.716736  251195.953125  251189.093750  251189.937500  251190.078125
4579  366.796844  251250.812500  251243.921875  251244.796875  251244.984375
4580  366.876953  251305.640625  251298.718750  251299.640625  251299.859375
4581  366.957031  251360.484375  251353.546875  251354.468750  251354.734375
4582  367.037140  251415.312500  251408.390625  251409.375000  251409.562500
4583  367.117249  251470.171875  251463.250000  251464.265625  251464.406250
4584  367.197357  251524.984375  251518.093750  251519.125000  251519.281250
4585  367.277466  251579.828125  251572.953125  251574.000000  251574.156250
4586  367.357574  251634.703125  251627.875000  251628.859375  251629.062500
4587  367.437653  251689.593750  251682.765625  251683.687500  251683.890625
4588  367.517761  251744.515625  251737.640625  251738.515625  251738.750000
4589  367.597870  251799.390625  251792.484375  251793.359375  251793.625000
4590  367.677979  251854.265625  251847.328125  251848.156250  251848.468750
4591  367.758087  251909.109375  251902.140625  251902.984375  251903.265625
4592  367.838196  251964.015625  251957.031250  251957.796875  251958.109375
4593  367.918304  252018.843750  252011.875000  252012.625000  252013.000000
4594  367.998383  252073.671875  252066.812500  252067.484375  252067.828125
4595  368.078491  252128.593750  252121.671875  252122.359375  252122.703125
4596  368.158600  252183.484375  252176.515625  252177.265625  252177.578125
4597  368.238708  252238.328125  252231.375000  252232.203125  252232.515625
4598  368.318817  252293.265625  252286.250000  252287.015625  252287.343750
4599  368.398926  252348.125000  252341.125000  252341.828125  252342.218750
4600  368.479034  252402.968750  252395.984375  252396.703125  252397.031250
4601  368.559113  252457.796875  252450.843750  252451.531250  252451.906250
4602  368.639221  252512.687500  252505.703125  252506.421875  252506.703125
4603  368.719330  252567.625000  252560.484375  252561.312500  252561.546875
4604  368.799438  252622.500000  252615.328125  252616.218750  252616.375000
4605  368.879547  252677.359375  252670.187500  252671.078125  252671.218750
4606  368.959656  252732.296875  252725.062500  252725.937500  252726.093750
4607  369.039764  252787.187500  252779.843750  252780.765625  252781.000000
4608  369.119843  252842.015625  252834.718750  252835.656250  252835.828125
4609  369.199951  252896.890625  252889.562500  252890.500000  252890.656250
4610  369.280060  252951.687500  252944.390625  252945.359375  252945.515625
4611  369.360168  253006.515625  252999.265625  253000.218750  253000.390625
4612  369.440277  253061.359375  253054.156250  253055.109375  253055.250000
4613  369.520386  253116.187500  253109.031250  253109.953125  253110.031250
4614  369.600464  253171.031250  253163.843750  253164.796875  253164.921875
4615  369.680573  253225.843750  253218.703125  253219.734375  253219.796875
4616  369.760681  253280.656250  253273.562500  253274.500000  253274.656250
4617  369.840790  253335.593750  253328.437500  253329.359375  253329.500000
4618  369.920898  253390.390625  253383.265625  253384.234375  253384.296875
4619  370.001007  253445.250000  253438.125000  253439.031250  253439.203125
4620  370.081116  253500.187500  253492.968750  253493.937500  253494.062500
4621  370.161194  253555.046875  253547.843750  253548.875000  253548.937500
4622  370.241302  253609.906250  253602.671875  253603.703125  253603.781250
4623  370.321411  253664.765625  253657.531250  253658.593750  253658.609375
4624  370.401520  253719.593750  253712.390625  253713.453125  253713.484375
4625  370.481628  253774.437500  253767.265625  253768.343750  253768.343750
4626  370.561737  253829.296875  253822.109375  253823.187500  253823.218750
4627  370.641846  253884.125000  253877.015625  253878.062500  253878.062500
4628  370.721924  253939.062500  253931.875000  253933.015625  253932.953125
4629  370.802032  253993.875000  253986.734375  253987.812500  253987.750000
4630  370.882141  254048.703125  254041.562500  254042.734375  254042.546875
4631  370.962250  254103.546875  254096.421875  254097.609375  254097.421875
4632  371.042358  254158.453125  254151.296875  254152.468750  254152.265625
4633  371.122467  254213.312500  254206.203125  254207.343750  254207.140625
4634  371.202576  254268.140625  254261.015625  254262.171875  254261.984375
4635  371.282654  254323.046875  254315.859375  254316.968750  254316.796875
4636  371.362762  254377.875000  254370.765625  254371.859375  254371.625000
4637  371.442871  254432.812500  254425.625000  254426.750000  254426.484375
4638  371.522980  254487.656250  254480.468750  254481.546875  254481.343750
4639  371.603088  254542.484375  254535.375000  254536.437500  254536.234375
4640  371.683197  254597.328125  254590.156250  254591.343750  254591.078125
4641  371.763306  254652.140625  254645.015625  254646.234375  254645.890625
4642  371.843384  254707.000000  254699.843750  254701.109375  254700.734375
4643  371.923492  254761.953125  254754.703125  254755.968750  254755.562500
4644  372.003601  254816.828125  254809.578125  254810.859375  254810.421875
4645  372.083710  254871.687500  254864.453125  254865.703125  254865.343750
4646  372.163818  254926.625000  254919.312500  254920.562500  254920.171875
4647  372.243927  254981.468750  254974.156250  254975.421875  254975.000000
4648  372.324005  255036.296875  255028.984375  255030.250000  255029.828125
4649  372.404114  255091.218750  255083.953125  255085.125000  255084.656250
4650  372.484222  255146.078125  255138.796875  255140.031250  255139.562500
4651  372.564331  255201.031250  255193.656250  255194.906250  255194.375000
4652  372.644440  255255.859375  255248.531250  255249.718750  255249.218750
4653  372.724548  255310.703125  255303.421875  255304.593750  255304.078125
4654  372.804657  255365.593750  255358.250000  255359.468750  255359.015625
4655  372.884735  255420.468750  255413.109375  255414.312500  255413.843750
4656  372.964844  255475.375000  255467.890625  255469.125000  255468.640625
4657  373.044952  255530.296875  255522.734375  255523.984375  255523.515625
4658  373.125061  255585.140625  255577.640625  255578.812500  255578.359375
4659  373.205170  255640.000000  255632.562500  255633.750000  255633.156250
4660  373.285278  255694.906250  255687.437500  255688.531250  255687.968750
4661  373.365387  255749.750000  255742.265625  255743.390625  255742.890625
4662  373.445465  255804.640625  255797.125000  255798.218750  255797.750000
4663  373.525574  255859.468750  255851.984375  255853.078125  255852.625000
4664  373.605682  255914.328125  255906.843750  255907.921875  255907.421875
4665  373.685791  255969.156250  255961.718750  255962.796875  255962.312500
4666  373.765900  256023.984375  256016.484375  256017.671875  256017.187500
4667  373.846008  256078.812500  256071.375000  256072.593750  256072.062500
4668  373.926117  256133.687500  256126.140625  256127.421875  256126.953125
4669  374.006195  256188.562500  256181.015625  256182.406250  256181.828125
4670  374.086304  256243.484375  256235.906250  256237.296875  256236.656250
4671  374.166412  256298.343750  256290.750000  256292.250000  256291.468750
4672  374.246521  256353.218750  256345.609375  256347.140625  256346.312500
4673  374.326630  256408.078125  256400.468750  256402.078125  256401.171875
4674  374.406738  256462.937500  256455.359375  256456.890625  256456.093750
4675  374.486816  256517.843750  256510.250000  256511.703125  256511.015625
4676  374.566925  256572.734375  256565.078125  256566.578125  256565.812500
4677  374.647034  256627.562500  256619.921875  256621.437500  256620.656250
4678  374.727142  256682.437500  256674.859375  256676.312500  256675.500000
4679  374.807251  256737.296875  256729.703125  256731.234375  256730.406250
4680  374.887360  256792.250000  256784.546875  256786.125000  256785.234375
4681  374.967468  256847.125000  256839.421875  256840.921875  256840.109375
4682  375.047546  256902.000000  256894.265625  256895.843750  256895.000000
4683  375.127655  256956.921875  256949.109375  256950.734375  256949.859375
4684  375.207764  257011.781250  257004.031250  257005.687500  257004.718750
4685  375.287872  257066.656250  257058.875000  257060.546875  257059.546875
4686  375.367981  257121.468750  257113.703125  257115.390625  257114.390625
4687  375.448090  257176.312500  257168.500000  257170.265625  257169.218750
4688  375.528198  257231.250000  257223.406250  257225.125000  257224.125000
4689  375.608276  257286.109375  257278.234375  257279.953125  257278.953125
4690  375.688385  257340.984375  257333.140625  257334.796875  257333.781250
4691  375.768494  257395.859375  257387.984375  257389.593750  257388.609375
4692  375.848602  257450.718750  257442.843750  257444.484375  257443.453125
4693  375.928711  257505.578125  257497.718750  257499.343750  257498.281250
4694  376.008820  257560.406250  257552.640625  257554.156250  257553.140625
4695  376.088928  257615.250000  257607.531250  257609.062500  257607.984375
4696  376.169006  257670.109375  257662.453125  257663.921875  257662.796875
4697  376.249115  257724.937500  257717.312500  257718.750000  257717.671875
4698  376.329224  257779.828125  257772.234375  257773.609375  257772.500000
4699  376.409332  257834.671875  257827.109375  257828.484375  257827.406250
4700  376.489441  257889.593750  257881.984375  257883.296875  257882.218750
4701  376.569550  257944.421875  257936.843750  257938.203125  257937.031250
4702  376.649628  257999.281250  257991.718750  257993.031250  257991.890625
4703  376.729736  258054.234375  258046.531250  258047.906250  258046.796875
4704  376.809845  258109.078125  258101.453125  258102.781250  258101.734375
4705  376.889954  258163.937500  258156.296875  258157.671875  258156.562500
4706  376.970062  258218.750000  258211.187500  258212.500000  258211.421875
4707  377.050171  258273.578125  258266.062500  258267.312500  258266.203125
4708  377.130280  258328.421875  258320.890625  258322.218750  258321.218750
4709  377.210358  258383.296875  258375.750000  258377.078125  258376.156250
4710  377.290466  258438.218750  258430.625000  258431.921875  258430.921875
4711  377.370575  258493.093750  258485.500000  258486.812500  258485.765625
4712  377.450684  258547.968750  258540.375000  258541.625000  258540.562500
4713  377.530792  258602.828125  258595.234375  258596.437500  258595.437500
4714  377.610901  258657.687500  258650.078125  258651.296875  258650.312500
4715  377.691010  258712.562500  258704.937500  258706.156250  258705.171875
4716  377.771088  258767.468750  258759.828125  258760.984375  258760.031250
4717  377.851196  258822.359375  258814.703125  258815.906250  258814.968750
4718  377.931305  258877.187500  258869.500000  258870.828125  258869.796875
4719  378.011414  258932.046875  258924.359375  258925.703125  258924.671875
4720  378.091522  258986.890625  258979.187500  258980.562500  258979.562500
4721  378.171631  259041.718750  259034.046875  259035.406250  259034.375000
4722  378.251740  259096.562500  259088.890625  259090.250000  259089.203125
4723  378.331818  259151.390625  259143.750000  259145.109375  259144.140625
4724  378.411926  259206.250000  259198.578125  259199.984375  259199.000000
4725  378.492035  259261.187500  259253.437500  259254.812500  259253.875000
4726  378.572144  259316.062500  259308.312500  259309.656250  259308.718750
4727  378.652252  259370.859375  259363.156250  259364.546875  259363.515625
4728  378.732361  259425.671875  259418.109375  259419.406250  259418.343750
4729  378.812469  259480.531250  259472.953125  259474.265625  259473.171875
4730  378.892548  259535.406250  259527.859375  259529.109375  259528.015625
4731  378.972656  259590.234375  259582.781250  259583.953125  259582.921875
4732  379.052765  259645.109375  259637.671875  259638.796875  259637.734375
4733  379.132874  259700.062500  259692.531250  259693.656250  259692.609375
4734  379.212982  259754.953125  259747.390625  259748.468750  259747.421875
4735  379.293091  259809.812500  259802.328125  259803.359375  259802.250000
4736  379.373169  259864.625000  259857.140625  259858.218750  259857.109375
4737  379.453278  259919.593750  259911.984375  259913.187500  259911.937500
4738  379.533386  259974.421875  259966.796875  259968.062500  259966.859375
4739  379.613495  260029.281250  260021.593750  260022.875000  260021.734375
4740  379.693604  260084.093750  260076.453125  260077.734375  260076.562500
4741  379.773712  260138.875000  260131.203125  260132.625000  260131.421875
4742  379.853821  260193.750000  260186.000000  260187.421875  260186.296875
4743  379.933899  260248.625000  260240.843750  260242.328125  260241.093750
4744  380.014008  260303.562500  260295.718750  260297.156250  260295.968750
4745  380.094116  260358.406250  260350.578125  260352.078125  260350.828125
4746  380.174225  260413.281250  260405.421875  260406.937500  260405.687500
4747  380.254333  260468.156250  260460.312500  260461.734375  260460.562500
4748  380.334442  260522.984375  260515.140625  260516.578125  260515.406250
4749  380.414551  260577.812500  260569.984375  260571.515625  260570.218750
4750  380.494629  260632.640625  260624.859375  260626.421875  260625.109375
4751  380.574738  260687.468750  260679.671875  260681.234375  260680.000000
4752  380.654846  260742.312500  260734.468750  260736.093750  260734.843750
4753  380.734955  260797.234375  260789.343750  260790.968750  260789.687500
4754  380.815063  260852.093750  260844.156250  260845.859375  260844.609375
4755  380.895172  260907.046875  260899.046875  260900.703125  260899.437500
4756  380.975281  260961.968750  260953.937500  260955.578125  260954.343750
4757  381.055359  261016.828125  261008.765625  261010.437500  261009.218750
4758  381.135468  261071.671875  261063.687500  261065.359375  261064.109375
4759  381.215576  261126.562500  261118.593750  261120.187500  261119.000000
4760  381.295685  261181.406250  261173.468750  261175.031250  261173.921875
4761  381.375793  261236.281250  261228.328125  261229.906250  261228.734375
4762  381.455902  261291.140625  261283.218750  261284.718750  261283.578125
4763  381.535980  261346.046875  261338.093750  261339.656250  261338.421875
4764  381.616089  261400.921875  261392.984375  261394.531250  261393.203125
4765  381.696198  261455.734375  261447.812500  261449.421875  261448.140625
4766  381.776306  261510.609375  261502.625000  261504.281250  261503.031250
4767  381.856415  261565.468750  261557.484375  261559.187500  261557.796875
4768  381.936523  261620.390625  261612.390625  261614.046875  261612.625000
4769  382.016632  261675.218750  261667.250000  261668.921875  261667.453125
4770  382.096710  261730.078125  261722.109375  261723.828125  261722.296875
4771  382.176819  261784.953125  261776.984375  261778.656250  261777.109375
4772  382.256927  261839.812500  261831.859375  261833.531250  261831.984375
4773  382.337036  261894.687500  261886.687500  261888.484375  261886.843750
4774  382.417145  261949.546875  261941.531250  261943.312500  261941.625000
4775  382.497253  262004.359375  261996.437500  261998.234375  261996.515625
4776  382.577362  262059.203125  262051.265625  262053.140625  262051.375000
4777  382.657440  262114.015625  262106.125000  262108.046875  262106.234375
4778  382.737549  262168.906250  262161.000000  262162.875000  262161.062500
4779  382.817657  262223.781250  262215.843750  262217.718750  262215.906250
4780  382.897766  262278.656250  262270.687500  262272.593750  262270.781250
4781  382.977875  262333.562500  262325.562500  262327.406250  262325.687500
4782  383.057983  262388.437500  262380.375000  262382.343750  262380.625000
4783  383.138092  262443.281250  262435.218750  262437.187500  262435.437500
4784  383.218170  262498.125000  262490.031250  262492.062500  262490.375000
4785  383.298279  262553.000000  262544.968750  262546.906250  262545.187500
4786  383.378387  262607.812500  262599.750000  262601.812500  262600.093750
4787  383.458496  262662.718750  262654.625000  262656.687500  262654.937500
4788  383.538605  262717.562500  262709.437500  262711.531250  262709.843750
4789  383.618713  262772.406250  262764.343750  262766.468750  262764.718750
4790  383.698792  262827.218750  262819.250000  262821.312500  262819.531250
4791  383.778900  262882.062500  262874.156250  262876.187500  262874.437500
4792  383.859009  262936.968750  262928.968750  262931.093750  262929.312500
4793  383.939117  262991.812500  262983.875000  262985.968750  262984.156250
4794  384.019226  263046.625000  263038.718750  263040.843750  263039.000000
4795  384.099335  263101.468750  263093.500000  263095.718750  263093.906250
4796  384.179443  263156.343750  263148.312500  263150.562500  263148.718750
4797  384.259521  263211.156250  263203.156250  263205.312500  263203.531250
4798  384.339630  263266.031250  263258.031250  263260.187500  263258.312500
4799  384.419739  263320.937500  263312.937500  263315.031250  263313.156250
4800  384.499847  263375.812500  263367.781250  263369.843750  263368.000000
4801  384.579956  263430.687500  263422.625000  263424.718750  263422.843750
4802  384.660065  263485.562500  263477.531250  263479.593750  263477.750000
4803  384.740173  263540.437500  263532.343750  263534.406250  263532.593750
4804  384.820251  263595.312500  263587.250000  263589.281250  263587.437500
4805  384.900360  263650.281250  263642.125000  263644.093750  263642.312500
4806  384.980469  263705.093750  263697.000000  263698.937500  263697.187500
4807  385.060577  263759.968750  263751.843750  263753.781250  263752.093750
4808  385.140686  263814.781250  263806.718750  263808.593750  263806.906250
4809  385.220795  263869.656250  263861.593750  263863.437500  263861.812500
4810  385.300903  263924.500000  263916.468750  263918.250000  263916.625000
4811  385.380981  263979.343750  263971.281250  263973.156250  263971.468750
4812  385.461090  264034.250000  264026.218750  264027.968750  264026.281250
4813  385.541199  264089.125000  264081.093750  264082.843750  264081.125000
4814  385.621307  264143.968750  264135.937500  264137.656250  264135.968750
4815  385.701416  264198.781250  264190.750000  264192.500000  264190.750000
4816  385.781525  264253.562500  264245.625000  264247.375000  264245.593750
4817  385.861633  264308.406250  264300.468750  264302.187500  264300.468750
4818  385.941711  264363.312500  264355.281250  264357.031250  264355.281250
4819  386.021820  264418.218750  264410.156250  264411.843750  264410.156250
4820  386.101929  264473.031250  264465.000000  264466.781250  264464.968750
4821  386.182037  264527.906250  264519.875000  264521.687500  264519.750000
4822  386.262146  264582.750000  264574.718750  264576.531250  264574.593750
4823  386.342255  264637.625000  264629.562500  264631.375000  264629.500000
4824  386.422333  264692.468750  264684.437500  264686.187500  264684.343750
4825  386.502441  264747.343750  264739.250000  264741.093750  264739.187500
4826  386.582550  264802.312500  264794.125000  264795.937500  264794.000000
4827  386.662659  264857.218750  264848.968750  264850.812500  264848.875000
4828  386.742767  264912.062500  264903.812500  264905.718750  264903.687500
4829  386.822876  264966.937500  264958.625000  264960.625000  264958.656250
4830  386.902985  265021.812500  265013.468750  265015.468750  265013.562500
4831  386.983063  265076.687500  265068.281250  265070.343750  265068.531250
4832  387.063171  265131.562500  265123.156250  265125.187500  265123.343750
4833  387.143280  265186.437500  265178.000000  265180.000000  265178.187500
4834  387.223389  265241.281250  265232.906250  265234.875000  265233.031250
4835  387.303497  265296.156250  265287.750000  265289.687500  265287.937500
4836  387.383606  265351.125000  265342.562500  265344.625000  265342.843750
4837  387.463715  265405.968750  265397.437500  265399.468750  265397.718750
4838  387.543793  265460.812500  265452.312500  265454.343750  265452.625000
4839  387.623901  265515.687500  265507.218750  265509.218750  265507.562500
4840  387.704010  265570.562500  265562.093750  265564.031250  265562.406250
4841  387.784119  265625.375000  265616.937500  265618.843750  265617.281250
4842  387.864227  265680.281250  265671.812500  265673.750000  265672.125000
4843  387.944336  265735.125000  265726.687500  265728.562500  265727.000000
4844  388.024445  265789.968750  265781.625000  265783.437500  265781.843750
4845  388.104523  265844.843750  265836.500000  265838.250000  265836.656250
4846  388.184631  265899.656250  265891.343750  265893.156250  265891.500000
4847  388.264740  265954.531250  265946.187500  265947.968750  265946.406250
4848  388.344849  266009.312500  266001.031250  266002.875000  266001.187500
4849  388.424957  266064.156250  266056.000000  266057.656250  266056.000000
4850  388.505066  266119.000000  266110.875000  266112.562500  266110.843750
4851  388.585144  266173.843750  266165.750000  266167.375000  266165.687500
4852  388.665253  266228.687500  266220.593750  266222.250000  266220.562500
4853  388.745361  266283.656250  266275.406250  266277.093750  266275.406250
4854  388.825470  266338.593750  266330.250000  266331.968750  266330.281250
4855  388.905579  266393.437500  266385.125000  266386.781250  266385.187500
4856  388.985687  266448.312500  266440.000000  266441.593750  266440.062500
4857  389.065796  266503.125000  266494.937500  266496.437500  266494.906250
4858  389.145874  266558.062500  266549.812500  266551.250000  266549.750000
4859  389.225983  266612.875000  266604.625000  266606.250000  266604.593750
4860  389.306091  266667.718750  266659.500000  266661.093750  266659.468750
4861  389.386200  266722.656250  266714.343750  266715.937500  266714.343750
4862  389.466309  266777.562500  266769.156250  266770.781250  266769.156250
4863  389.546417  266832.406250  266824.031250  266825.625000  266823.968750
4864  389.626526  266887.281250  266878.875000  266880.468750  266878.843750
4865  389.706604  266942.125000  266933.812500  266935.281250  266933.656250
4866  389.786713  266996.968750  266988.718750  266990.156250  266988.562500
4867  389.866821  267051.812500  267043.593750  267045.031250  267043.406250
4868  389.946930  267106.625000  267098.500000  267099.843750  267098.281250
4869  390.027039  267161.500000  267153.375000  267154.718750  267153.187500
4870  390.107147  267216.343750  267208.250000  267209.593750  267207.968750
4871  390.187256  267271.187500  267263.125000  267264.406250  267262.843750
4872  390.267334  267326.031250  267318.031250  267319.281250  267317.593750
4873  390.347443  267380.937500  267372.937500  267374.156250  267372.468750
4874  390.427551  267435.781250  267427.843750  267429.000000  267427.312500
4875  390.507660  267490.687500  267482.781250  267483.875000  267482.156250
4876  390.587769  267545.500000  267537.593750  267538.781250  267537.031250
4877  390.667877  267600.375000  267592.406250  267593.687500  267591.875000
4878  390.747955  267655.218750  267647.281250  267648.531250  267646.781250
4879  390.828064  267710.031250  267702.125000  267703.406250  267701.656250
4880  390.908173  267765.000000  267756.937500  267758.250000  267756.468750
4881  390.988281  267819.906250  267811.812500  267813.093750  267811.343750
4882  391.068390  267874.750000  267866.656250  267867.937500  267866.125000
4883  391.148499  267929.593750  267921.468750  267922.781250  267920.968750
4884  391.228607  267984.531250  267976.343750  267977.625000  267975.812500
4885  391.308685  268039.468750  268031.187500  268032.437500  268030.656250
4886  391.388794  268094.312500  268086.000000  268087.281250  268085.500000
4887  391.468903  268149.250000  268140.875000  268142.156250  268140.437500
4888  391.549011  268204.062500  268195.656250  268197.000000  268195.250000
4889  391.629120  268258.875000  268250.468750  268251.843750  268250.125000
4890  391.709229  268313.812500  268305.281250  268306.687500  268305.031250
4891  391.789337  268368.687500  268360.093750  268361.625000  268359.843750
4892  391.869415  268423.531250  268415.000000  268416.468750  268414.656250
4893  391.949524  268478.406250  268469.812500  268471.343750  268469.562500
4894  392.029633  268533.312500  268524.750000  268526.218750  268524.468750
4895  392.109741  268588.156250  268579.625000  268581.093750  268579.250000
4896  392.189850  268642.937500  268634.468750  268635.968750  268634.093750
4897  392.269958  268697.875000  268689.343750  268690.812500  268688.968750
4898  392.350067  268752.781250  268744.218750  268745.656250  268743.843750
4899  392.430145  268807.625000  268799.093750  268800.500000  268798.718750
4900  392.510254  268862.468750  268853.968750  268855.312500  268853.500000
4901  392.590363  268917.343750  268908.875000  268910.156250  268908.312500
4902  392.670471  268972.156250  268963.687500  268964.937500  268963.250000
4903  392.750580  269027.000000  269018.562500  269019.781250  269018.093750
4904  392.830688  269081.843750  269073.437500  269074.656250  269072.968750
4905  392.910797  269136.687500  269128.281250  269129.468750  269127.875000
4906  392.990875  269191.468750  269183.125000  269184.312500  269182.781250
4907  393.070984  269246.312500  269237.968750  269239.187500  269237.656250
4908  393.151093  269301.187500  269292.843750  269294.062500  269292.562500
4909  393.231201  269356.031250  269347.656250  269348.968750  269347.375000
4910  393.311310  269410.875000  269402.531250  269403.875000  269402.218750
4911  393.391418  269465.718750  269457.437500  269458.718750  269457.062500
4912  393.471497  269520.625000  269512.312500  269513.531250  269511.937500
4913  393.551605  269575.468750  269567.187500  269568.343750  269566.750000
4914  393.631714  269630.375000  269622.062500  269623.187500  269621.625000
4915  393.711823  269685.156250  269676.906250  269678.031250  269676.468750
4916  393.791931  269740.000000  269731.781250  269732.843750  269731.343750
4917  393.872040  269794.843750  269786.718750  269787.687500  269786.218750
4918  393.952148  269849.718750  269841.562500  269842.531250  269841.093750
4919  394.032227  269904.562500  269896.406250  269897.406250  269895.937500
4920  394.112335  269959.406250  269951.250000  269952.218750  269950.781250
4921  394.192444  270014.218750  270006.125000  270007.062500  270005.687500
4922  394.272552  270069.156250  270061.000000  270061.968750  270060.593750
4923  394.352661  270124.031250  270115.875000  270116.812500  270115.437500
4924  394.432770  270178.906250  270170.687500  270171.718750  270170.312500
4925  394.512878  270233.750000  270225.500000  270226.531250  270225.187500
4926  394.592957  270288.656250  270280.312500  270281.375000  270280.125000
4927  394.673065  270343.593750  270335.156250  270336.312500  270334.968750
4928  394.753174  270398.468750  270390.031250  270391.218750  270389.843750
4929  394.833282  270453.375000  270444.875000  270446.125000  270444.750000
4930  394.913391  270508.218750  270499.718750  270500.968750  270499.593750
4931  394.993500  270563.031250  270554.687500  270555.812500  270554.468750
4932  395.073608  270617.843750  270609.593750  270610.656250  270609.312500
4933  395.153687  270672.781250  270664.531250  270665.468750  270664.187500
4934  395.233795  270727.656250  270719.343750  270720.375000  270719.062500
4935  395.313904  270782.468750  270774.250000  270775.281250  270773.906250
4936  395.394012  270837.375000  270829.156250  270830.125000  270828.781250
4937  395.474121  270892.218750  270883.968750  270884.968750  270883.687500
4938  395.554230  270947.062500  270938.843750  270939.812500  270938.593750
4939  395.634308  271001.937500  270993.750000  270994.687500  270993.406250
4940  395.714417  271056.750000  271048.625000  271049.500000  271048.343750
4941  395.794525  271111.593750  271103.500000  271104.343750  271103.312500
4942  395.874634  271166.437500  271158.375000  271159.218750  271158.250000
4943  395.954742  271221.312500  271213.218750  271214.031250  271213.156250
4944  396.034851  271276.250000  271268.093750  271268.906250  271268.031250
4945  396.114960  271331.093750  271323.031250  271323.843750  271323.000000
4946  396.195038  271385.968750  271377.968750  271378.750000  271377.843750
4947  396.275146  271440.812500  271432.906250  271433.562500  271432.718750
4948  396.355255  271495.718750  271487.750000  271488.375000  271487.593750
4949  396.435364  271550.562500  271542.625000  271543.218750  271542.437500
4950  396.515472  271605.437500  271597.468750  271598.031250  271597.312500
4951  396.595581  271660.375000  271652.312500  271652.906250  271652.218750
4952  396.675690  271715.312500  271707.156250  271707.843750  271707.187500
4953  396.755768  271770.093750  271762.062500  271762.656250  271762.000000
4954  396.835876  271824.968750  271816.875000  271817.531250  271816.843750
4955  396.915985  271879.781250  271871.718750  271872.437500  271871.593750
4956  396.996094  271934.718750  271926.593750  271927.312500  271926.500000
4957  397.076202  271989.562500  271981.468750  271982.125000  271981.375000
4958  397.156311  272044.406250  272036.343750  272037.062500  272036.187500
4959  397.236420  272099.312500  272091.281250  272091.937500  272091.000000
4960  397.316498  272154.187500  272146.093750  272146.875000  272145.875000
4961  397.396606  272209.125000  272200.937500  272201.781250  272200.750000
4962  397.476715  272264.000000  272255.781250  272256.656250  272255.687500
4963  397.556824  272318.812500  272310.625000  272311.531250  272310.531250
4964  397.636932  272373.718750  272365.468750  272366.406250  272365.437500
4965  397.717041  272428.593750  272420.343750  272421.218750  272420.312500
4966  397.797119  272483.500000  272475.281250  272476.062500  272475.156250
4967  397.877228  272538.312500  272530.093750  272530.968750  272530.031250
4968  397.957336  272593.156250  272584.937500  272585.781250  272584.812500
4969  398.037445  272648.062500  272639.843750  272640.625000  272639.718750
4970  398.117554  272702.937500  272694.687500  272695.437500  272694.531250
4971  398.197662  272757.812500  272749.625000  272750.281250  272749.375000
4972  398.277771  272812.625000  272804.500000  272805.187500  272804.281250
4973  398.357849  272867.531250  272859.375000  272860.093750  272859.156250
4974  398.437958  272922.375000  272914.250000  272914.937500  272913.968750
4975  398.518066  272977.218750  272969.125000  272969.750000  272968.843750
4976  398.598175  273032.031250  273023.937500  273024.562500  273023.625000
4977  398.678284  273086.875000  273078.781250  273079.468750  273078.468750
4978  398.758392  273141.718750  273133.718750  273134.312500  273133.343750
4979  398.838501  273196.562500  273188.500000  273189.218750  273188.156250
4980  398.918579  273251.468750  273243.343750  273244.031250  273243.000000
4981  398.998688  273306.375000  273298.187500  273298.906250  273297.843750
4982  399.078796  273361.250000  273353.031250  273353.750000  273352.625000
4983  399.158905  273416.000000  273407.843750  273408.593750  273407.500000
4984  399.239014  273470.843750  273462.781250  273463.562500  273462.343750
4985  399.319122  273525.687500  273517.656250  273518.406250  273517.218750
4986  399.399231  273580.500000  273572.531250  273573.312500  273572.093750
4987  399.479309  273635.375000  273627.312500  273628.187500  273626.906250
4988  399.559418  273690.187500  273682.187500  273682.968750  273681.750000
4989  399.639526  273745.031250  273736.937500  273737.906250  273736.593750
4990  399.719635  273799.843750  273791.781250  273792.812500  273791.437500
4991  399.799744  273854.750000  273846.625000  273847.656250  273846.281250
4992  399.879852  273909.625000  273901.531250  273902.531250  273901.187500
4993  399.959961  273964.500000  273956.375000  273957.437500  273956.093750
4994  400.040039  274019.343750  274011.187500  274012.312500  274010.968750
4995  400.120148  274074.156250  274066.031250  274067.187500  274065.843750
4996  400.200256  274129.000000  274120.875000  274122.125000  274120.656250
4997  400.280365  274183.875000  274175.812500  274176.968750  274175.437500
4998  400.360474  274238.750000  274230.687500  274231.812500  274230.281250
4999  400.440582  274293.593750  274285.500000  274286.656250  274285.156250
5000  400.520660  274348.500000  274340.375000  274341.531250  274340.031250
5001  400.600769  274403.343750  274395.281250  274396.437500  274394.875000
5002  400.680878  274458.125000  274450.125000  274451.375000  274449.718750
5003  400.760986  274513.031250  274505.062500  274506.218750  274504.562500
5004  400.841095  274567.906250  274559.937500  274561.093750  274559.375000
5005  400.921204  274622.750000  274614.812500  274615.937500  274614.250000
5006  401.001312  274677.562500  274669.656250  274670.812500  274669.125000
5007  401.081390  274732.437500  274724.531250  274725.687500  274724.000000
5008  401.161499  274787.312500  274779.437500  274780.531250  274778.843750
5009  401.241608  274842.187500  274834.281250  274835.375000  274833.750000
5010  401.321716  274897.156250  274889.187500  274890.187500  274888.656250
5011  401.401825  274952.000000  274944.031250  274945.031250  274943.593750
5012  401.481934  275006.875000  274998.843750  274999.812500  274998.468750
5013  401.562042  275061.750000  275053.843750  275054.625000  275053.343750
5014  401.642120  275116.656250  275108.781250  275109.437500  275108.125000
5015  401.722229  275171.593750  275163.687500  275164.343750  275162.937500
5016  401.802338  275226.406250  275218.531250  275219.218750  275217.781250
5017  401.882446  275281.281250  275273.406250  275274.093750  275272.625000
5018  401.962555  275336.156250  275328.250000  275328.968750  275327.500000
5019  402.042664  275391.031250  275383.156250  275383.812500  275382.406250
5020  402.122772  275445.906250  275437.968750  275438.718750  275437.281250
5021  402.202850  275500.781250  275492.812500  275493.531250  275492.218750
5022  402.282959  275555.656250  275547.718750  275548.375000  275547.062500
5023  402.363068  275610.500000  275602.531250  275603.281250  275601.906250
5024  402.443176  275665.375000  275657.406250  275658.187500  275656.812500
5025  402.523285  275720.250000  275712.281250  275713.031250  275711.625000
5026  402.603394  275775.093750  275767.125000  275767.906250  275766.531250
5027  402.683472  275829.968750  275821.937500  275822.718750  275821.406250
5028  402.763580  275884.781250  275876.750000  275877.593750  275876.250000
5029  402.843689  275939.687500  275931.562500  275932.437500  275931.093750
5030  402.923798  275994.531250  275986.375000  275987.250000  275985.906250
5031  403.003906  276049.375000  276041.218750  276042.156250  276040.875000
5032  403.084015  276104.250000  276096.062500  276097.031250  276095.750000
5033  403.164124  276159.125000  276150.937500  276151.937500  276150.593750
5034  403.244202  276213.968750  276205.812500  276206.875000  276205.437500
5035  403.324310  276268.843750  276260.687500  276261.687500  276260.281250
5036  403.404419  276323.718750  276315.531250  276316.625000  276315.125000
5037  403.484528  276378.562500  276370.375000  276371.468750  276370.000000
5038  403.564636  276433.406250  276425.250000  276426.281250  276424.843750
5039  403.644745  276488.312500  276480.093750  276481.187500  276479.656250
5040  403.724854  276543.125000  276534.937500  276536.062500  276534.500000
5041  403.804932  276598.000000  276589.781250  276590.875000  276589.343750
5042  403.885040  276652.875000  276644.750000  276645.656250  276644.187500
5043  403.965149  276707.750000  276699.562500  276700.531250  276698.968750
5044  404.045258  276762.593750  276754.343750  276755.406250  276753.843750
5045  404.125366  276817.406250  276809.218750  276810.218750  276808.718750
5046  404.205475  276872.250000  276864.000000  276865.031250  276863.531250
5047  404.285583  276927.062500  276918.875000  276919.875000  276918.437500
5048  404.365662  276981.937500  276973.812500  276974.687500  276973.312500
5049  404.445770  277036.812500  277028.687500  277029.531250  277028.156250
5050  404.525879  277091.656250  277083.562500  277084.406250  277083.031250
5051  404.605988  277146.500000  277138.375000  277139.250000  277137.968750
5052  404.686096  277201.343750  277193.218750  277194.125000  277192.781250
5053  404.766205  277256.218750  277248.062500  277248.968750  277247.687500
5054  404.846283  277311.062500  277302.968750  277303.812500  277302.531250
5055  404.926392  277365.906250  277357.843750  277358.625000  277357.437500
5056  405.006500  277420.750000  277412.687500  277413.468750  277412.312500
5057  405.086609  277475.593750  277467.468750  277468.312500  277467.218750
5058  405.166718  277530.468750  277522.312500  277523.187500  277522.125000
5059  405.246826  277585.343750  277577.093750  277578.093750  277576.968750
5060  405.326935  277640.218750  277631.968750  277632.937500  277631.906250
5061  405.407013  277695.031250  277686.812500  277687.812500  277686.687500
5062  405.487122  277749.906250  277741.687500  277742.687500  277741.562500
5063  405.567230  277804.781250  277796.562500  277797.562500  277796.437500
5064  405.647339  277859.625000  277851.406250  277852.406250  277851.312500
5065  405.727448  277914.468750  277906.281250  277907.218750  277906.187500
5066  405.807556  277969.343750  277961.093750  277962.062500  277961.031250
5067  405.887665  278024.312500  278015.937500  278016.906250  278015.843750
5068  405.967743  278079.125000  278070.781250  278071.750000  278070.656250
5069  406.047852  278133.968750  278125.656250  278126.593750  278125.500000
5070  406.127960  278188.812500  278180.437500  278181.468750  278180.375000
5071  406.208069  278243.656250  278235.312500  278236.343750  278235.187500
5072  406.288177  278298.500000  278290.093750  278291.218750  278290.000000
5073  406.368286  278353.343750  278344.968750  278346.031250  278344.843750
5074  406.448395  278408.187500  278399.812500  278400.906250  278399.687500
5075  406.528473  278463.062500  278454.656250  278455.781250  278454.500000
5076  406.608582  278517.906250  278509.562500  278510.593750  278509.406250
5077  406.688690  278572.781250  278564.406250  278565.437500  278564.218750
5078  406.768799  278627.656250  278619.250000  278620.312500  278619.093750
5079  406.848907  278682.531250  278674.187500  278675.187500  278673.906250
5080  406.929016  278737.406250  278729.062500  278730.000000  278728.812500
5081  407.009125  278792.250000  278783.937500  278784.906250  278783.718750
5082  407.089203  278847.093750  278838.781250  278839.718750  278838.562500
5083  407.169312  278901.937500  278893.656250  278894.562500  278893.406250
5084  407.249420  278956.781250  278948.562500  278949.375000  278948.218750
5085  407.329529  279011.593750  279003.437500  279004.218750  279003.062500
5086  407.409637  279066.468750  279058.281250  279059.093750  279057.906250
5087  407.489746  279121.312500  279113.187500  279113.937500  279112.750000
5088  407.569824  279176.125000  279168.031250  279168.781250  279167.656250
5089  407.649933  279231.000000  279222.875000  279223.750000  279222.468750
5090  407.730042  279285.937500  279277.687500  279278.593750  279277.281250
5091  407.810150  279340.812500  279332.593750  279333.531250  279332.125000
5092  407.890259  279395.656250  279387.500000  279388.406250  279387.062500
5093  407.970367  279450.500000  279442.343750  279443.187500  279441.937500
5094  408.050476  279505.343750  279497.218750  279498.093750  279496.781250
5095  408.130554  279560.218750  279552.031250  279552.968750  279551.718750
5096  408.210663  279615.093750  279606.968750  279607.812500  279606.593750
5097  408.290771  279669.937500  279661.781250  279662.718750  279661.437500
5098  408.370880  279724.906250  279716.562500  279717.625000  279716.250000
5099  408.450989  279779.750000  279771.437500  279772.437500  279771.031250
5100  408.531097  279834.593750  279826.281250  279827.312500  279825.968750
5101  408.611206  279889.468750  279881.187500  279882.156250  279880.875000
5102  408.691284  279944.312500  279936.093750  279937.000000  279935.781250
5103  408.771393  279999.156250  279991.000000  279991.875000  279990.625000
5104  408.851501  280054.000000  280045.843750  280046.750000  280045.468750
5105  408.931610  280108.906250  280100.781250  280101.625000  280100.343750
5106  409.011719  280163.718750  280155.656250  280156.500000  280155.250000
5107  409.091827  280218.562500  280210.531250  280211.281250  280210.187500
5108  409.171936  280273.468750  280265.406250  280266.156250  280265.093750
5109  409.252014  280328.343750  280320.281250  280320.968750  280320.031250
5110  409.332123  280383.281250  280375.062500  280375.812500  280374.875000
5111  409.412231  280438.156250  280430.000000  280430.718750  280429.781250
5112  409.492340  280493.031250  280484.781250  280485.562500  280484.625000
5113  409.572449  280547.875000  280539.687500  280540.437500  280539.531250
5114  409.652557  280602.718750  280594.468750  280595.312500  280594.375000
5115  409.732635  280657.593750  280649.250000  280650.187500  280649.187500
5116  409.812744  280712.531250  280704.062500  280705.062500  280704.062500
5117  409.892853  280767.468750  280758.937500  280759.906250  280758.937500
5118  409.972961  280822.343750  280813.843750  280814.718750  280813.906250
5119  410.053070  280877.218750  280868.718750  280869.593750  280868.750000
5120  410.133179  280932.062500  280923.531250  280924.437500  280923.593750
5121  410.213287  280986.968750  280978.406250  280979.281250  280978.437500
5122  410.293365  281041.875000  281033.250000  281034.187500  281033.250000
5123  410.373474  281096.687500  281088.125000  281089.062500  281088.125000
5124  410.453583  281151.531250  281142.968750  281144.000000  281143.000000
5125  410.533691  281206.343750  281197.843750  281198.843750  281197.875000
5126  410.613800  281261.187500  281252.718750  281253.718750  281252.812500
5127  410.693909  281316.000000  281307.531250  281308.562500  281307.687500
5128  410.774017  281370.875000  281362.406250  281363.468750  281362.531250
5129  410.854095  281425.781250  281417.250000  281418.312500  281417.375000
5130  410.934204  281480.593750  281472.156250  281473.156250  281472.187500
5131  411.014313  281535.437500  281527.000000  281528.062500  281527.062500
5132  411.094421  281590.312500  281581.968750  281582.906250  281581.968750
5133  411.174530  281645.250000  281636.781250  281637.843750  281636.781250
5134  411.254639  281700.187500  281691.625000  281692.656250  281691.750000
5135  411.334747  281755.062500  281746.500000  281747.562500  281746.687500
5136  411.414825  281809.906250  281801.406250  281802.406250  281801.500000
5137  411.494934  281864.812500  281856.187500  281857.250000  281856.312500
5138  411.575043  281919.625000  281911.062500  281912.187500  281911.093750
5139  411.655151  281974.437500  281965.937500  281967.000000  281965.968750
5140  411.735260  282029.281250  282020.750000  282021.906250  282020.906250
5141  411.815369  282084.156250  282075.656250  282076.750000  282075.718750
5142  411.895477  282139.000000  282130.562500  282131.656250  282130.562500
5143  411.975555  282193.937500  282185.406250  282186.500000  282185.437500
5144  412.055664  282248.718750  282240.218750  282241.375000  282240.218750
5145  412.135773  282303.656250  282295.062500  282296.250000  282295.093750
5146  412.215881  282358.468750  282349.937500  282351.093750  282349.968750
5147  412.295990  282413.281250  282404.750000  282405.906250  282404.781250
5148  412.376099  282468.093750  282459.656250  282460.781250  282459.656250
5149  412.456177  282523.000000  282514.468750  282515.625000  282514.468750
5150  412.536285  282577.875000  282569.343750  282570.437500  282569.312500
5151  412.616394  282632.750000  282624.187500  282625.312500  282624.156250
5152  412.696503  282687.593750  282679.093750  282680.156250  282678.937500
5153  412.776611  282742.531250  282733.937500  282735.031250  282733.781250
5154  412.856720  282797.406250  282788.812500  282789.937500  282788.593750
5155  412.936829  282852.218750  282843.687500  282844.750000  282843.437500
5156  413.016907  282907.156250  282898.562500  282899.562500  282898.406250
5157  413.097015  282962.000000  282953.468750  282954.468750  282953.312500
5158  413.177124  283016.875000  283008.281250  283009.343750  283008.250000
5159  413.257233  283071.750000  283063.093750  283064.187500  283063.093750
5160  413.337341  283126.593750  283118.000000  283119.125000  283117.937500
5161  413.417450  283181.406250  283172.812500  283174.000000  283172.843750
5162  413.497559  283236.250000  283227.656250  283228.843750  283227.656250
5163  413.577637  283291.093750  283282.500000  283283.750000  283282.468750
5164  413.657745  283346.000000  283337.437500  283338.625000  283337.250000
5165  413.737854  283401.000000  283392.250000  283393.468750  283392.156250
5166  413.817963  283455.812500  283447.093750  283448.312500  283447.000000
5167  413.898071  283510.656250  283502.062500  283503.187500  283501.875000
5168  413.978180  283565.468750  283556.968750  283558.000000  283556.750000
5169  414.058289  283620.406250  283611.843750  283612.875000  283611.593750
5170  414.138367  283675.218750  283666.750000  283667.750000  283666.468750
5171  414.218475  283730.156250  283721.593750  283722.593750  283721.281250
5172  414.298584  283784.968750  283776.500000  283777.500000  283776.218750
5173  414.378693  283839.875000  283831.406250  283832.375000  283831.000000
5174  414.458801  283894.750000  283886.312500  283887.281250  283885.875000
5175  414.538910  283949.593750  283941.187500  283942.093750  283940.843750
5176  414.618988  284004.437500  283996.062500  283996.937500  283995.687500
5177  414.699097  284059.375000  284050.937500  284051.750000  284050.562500
5178  414.779205  284114.187500  284105.781250  284106.687500  284105.437500
5179  414.859314  284169.031250  284160.718750  284161.500000  284160.218750
5180  414.939423  284223.968750  284215.593750  284216.375000  284215.031250
5181  415.019531  284278.843750  284270.531250  284271.250000  284269.843750
5182  415.099640  284333.718750  284325.406250  284326.093750  284324.687500
5183  415.179718  284388.656250  284380.187500  284381.031250  284379.562500
5184  415.259827  284443.500000  284435.000000  284435.875000  284434.375000
5185  415.339935  284498.343750  284489.843750  284490.781250  284489.187500
5186  415.420044  284553.250000  284544.718750  284545.687500  284544.093750
5187  415.500153  284608.187500  284599.562500  284600.468750  284598.937500
5188  415.580261  284663.062500  284654.406250  284655.281250  284653.750000
5189  415.660370  284717.937500  284709.281250  284710.062500  284708.625000
5190  415.740448  284772.812500  284764.093750  284764.968750  284763.437500
5191  415.820557  284827.750000  284818.937500  284819.781250  284818.281250
5192  415.900665  284882.562500  284873.781250  284874.656250  284873.093750
5193  415.980774  284937.406250  284928.625000  284929.531250  284927.968750
5194  416.060883  284992.281250  284983.437500  284984.343750  284982.875000
5195  416.140991  285047.125000  285038.343750  285039.156250  285037.718750
5196  416.221100  285102.000000  285093.187500  285093.968750  285092.593750
5197  416.301178  285156.843750  285148.093750  285148.781250  285147.437500
5198  416.381287  285211.687500  285202.968750  285203.718750  285202.281250
5199  416.461395  285266.531250  285257.843750  285258.500000  285257.125000
5200  416.541504  285321.437500  285312.687500  285313.312500  285311.937500
5201  416.621613  285376.281250  285367.562500  285368.156250  285366.781250
5202  416.701721  285431.250000  285422.406250  285423.031250  285421.625000
5203  416.781799  285486.187500  285477.312500  285477.937500  285476.500000
5204  416.861908  285541.000000  285532.187500  285532.843750  285531.468750
5205  416.942017  285595.843750  285587.031250  285587.750000  285586.375000
5206  417.022125  285650.656250  285641.875000  285642.656250  285641.187500
5207  417.102234  285705.500000  285696.687500  285697.437500  285696.062500
5208  417.182343  285760.437500  285751.500000  285752.312500  285750.968750
5209  417.262451  285815.406250  285806.343750  285807.187500  285805.781250
5210  417.342529  285870.250000  285861.156250  285862.093750  285860.718750
5211  417.422638  285925.125000  285916.031250  285916.968750  285915.500000
5212  417.502747  285979.968750  285970.875000  285971.875000  285970.375000
5213  417.582855  286034.843750  286025.687500  286026.718750  286025.187500
5214  417.662964  286089.750000  286080.562500  286081.593750  286080.000000
5215  417.743073  286144.625000  286135.468750  286136.437500  286134.812500
5216  417.823181  286199.468750  286190.281250  286191.343750  286189.656250
5217  417.903259  286254.343750  286245.156250  286246.187500  286244.531250
5218  417.983368  286309.218750  286300.031250  286301.093750  286299.375000
5219  418.063477  286364.125000  286354.937500  286355.937500  286354.187500
5220  418.143585  286418.968750  286409.750000  286410.750000  286409.093750
5221  418.223694  286473.906250  286464.625000  286465.562500  286463.906250
5222  418.303802  286528.750000  286519.437500  286520.406250  286518.781250
5223  418.383911  286583.625000  286574.250000  286575.250000  286573.656250
5224  418.463989  286638.468750  286629.093750  286630.093750  286628.531250
5225  418.544098  286693.375000  286684.062500  286684.906250  286683.343750
5226  418.624207  286748.250000  286738.906250  286739.812500  286738.250000
5227  418.704315  286803.093750  286793.750000  286794.625000  286793.187500
5228  418.784424  286857.937500  286848.562500  286849.468750  286848.062500
5229  418.864532  286912.781250  286903.375000  286904.312500  286902.937500
5230  418.944641  286967.687500  286958.156250  286959.218750  286957.750000
5231  419.024719  287022.593750  287013.062500  287014.125000  287012.625000
5232  419.104828  287077.468750  287067.843750  287069.031250  287067.500000
5233  419.184937  287132.437500  287122.687500  287123.812500  287122.343750
5234  419.265045  287187.250000  287177.500000  287178.656250  287177.281250
5235  419.345154  287242.062500  287232.312500  287233.625000  287232.093750
5236  419.425262  287296.906250  287287.187500  287288.468750  287286.968750
5237  419.505341  287351.843750  287342.062500  287343.375000  287341.843750
5238  419.585449  287406.687500  287396.906250  287398.156250  287396.750000
5239  419.665558  287461.500000  287451.812500  287453.000000  287451.593750
5240  419.745667  287516.343750  287506.656250  287507.843750  287506.437500
5241  419.825775  287571.250000  287561.562500  287562.687500  287561.281250
5242  419.905884  287626.093750  287616.406250  287617.468750  287616.125000
5243  419.985992  287680.968750  287671.250000  287672.312500  287670.968750
5244  420.066071  287735.812500  287726.125000  287727.187500  287725.750000
5245  420.146179  287790.687500  287781.000000  287782.031250  287780.687500
5246  420.226288  287845.531250  287835.812500  287836.875000  287835.531250
5247  420.306396  287900.406250  287890.687500  287891.718750  287890.406250
5248  420.386505  287955.218750  287945.593750  287946.593750  287945.218750
5249  420.466614  288010.125000  288000.468750  288001.468750  288000.093750
5250  420.546722  288065.062500  288055.281250  288056.343750  288054.968750
5251  420.626801  288119.968750  288110.156250  288111.218750  288109.781250
5252  420.706909  288174.843750  288165.000000  288166.125000  288164.562500
5253  420.787018  288229.687500  288219.937500  288221.000000  288219.437500
5254  420.867126  288284.625000  288274.781250  288275.875000  288274.343750
5255  420.947235  288339.500000  288329.687500  288330.750000  288329.218750
5256  421.027344  288394.343750  288384.562500  288385.593750  288384.062500
5257  421.107452  288449.156250  288439.406250  288440.562500  288439.000000
5258  421.187531  288504.031250  288494.343750  288495.437500  288493.812500
5259  421.267639  288558.968750  288549.125000  288550.343750  288548.718750
5260  421.347748  288613.812500  288604.000000  288605.218750  288603.593750
5261  421.427856  288668.687500  288658.843750  288660.031250  288658.531250
5262  421.507965  288723.500000  288713.687500  288714.906250  288713.531250
5263  421.588074  288778.375000  288768.562500  288769.750000  288768.343750
5264  421.668152  288833.218750  288823.375000  288824.625000  288823.156250
5265  421.748260  288888.062500  288878.281250  288879.468750  288878.093750
5266  421.828369  288942.968750  288933.156250  288934.250000  288932.968750
5267  421.908478  288997.781250  288987.968750  288989.093750  288987.906250
5268  421.988586  289052.562500  289042.812500  289044.000000  289042.812500
5269  422.068695  289107.468750  289097.656250  289098.906250  289097.625000
5270  422.148804  289162.343750  289152.625000  289153.781250  289152.500000
5271  422.228882  289217.187500  289207.500000  289208.687500  289207.312500
5272  422.308990  289272.062500  289262.375000  289263.500000  289262.187500
5273  422.389099  289326.937500  289317.218750  289318.312500  289317.000000
5274  422.469208  289381.781250  289372.062500  289373.187500  289371.843750
5275  422.549316  289436.750000  289426.906250  289428.062500  289426.687500
5276  422.629425  289491.593750  289481.781250  289482.906250  289481.500000
5277  422.709534  289546.437500  289536.593750  289537.750000  289536.250000
5278  422.789612  289601.343750  289591.437500  289592.625000  289591.093750
5279  422.869720  289656.187500  289646.218750  289647.500000  289645.906250
5280  422.949829  289711.062500  289701.125000  289702.375000  289700.750000
5281  423.029938  289765.875000  289755.968750  289757.218750  289755.625000
5282  423.110046  289820.750000  289810.781250  289812.062500  289810.500000
5283  423.190155  289875.593750  289865.656250  289866.875000  289865.281250
5284  423.270264  289930.437500  289920.500000  289921.781250  289920.156250
5285  423.350342  289985.281250  289975.406250  289976.656250  289974.937500
5286  423.430450  290040.125000  290030.187500  290031.531250  290029.843750
5287  423.510559  290094.937500  290085.000000  290086.406250  290084.781250
5288  423.590668  290149.812500  290139.875000  290141.281250  290139.625000
5289  423.670776  290204.687500  290194.718750  290196.156250  290194.437500
5290  423.750885  290259.531250  290249.531250  290250.968750  290249.250000
5291  423.830963  290314.406250  290304.406250  290305.781250  290304.062500
5292  423.911072  290369.281250  290359.250000  290360.656250  290358.937500
5293  423.991180  290424.156250  290414.093750  290415.625000  290413.812500
5294  424.071289  290478.968750  290468.937500  290470.500000  290468.625000
5295  424.151398  290533.843750  290523.718750  290525.343750  290523.437500
5296  424.231506  290588.718750  290578.625000  290580.218750  290578.312500
5297  424.311615  290643.593750  290633.468750  290635.062500  290633.156250
5298  424.391693  290698.468750  290688.375000  290689.906250  290688.031250
5299  424.471802  290753.281250  290743.250000  290744.687500  290743.031250
5300  424.551910  290808.093750  290798.156250  290799.500000  290797.906250
5301  424.632019  290862.906250  290853.093750  290854.343750  290852.812500
5302  424.712128  290917.750000  290907.937500  290909.156250  290907.656250
5303  424.792236  290972.593750  290962.812500  290964.031250  290962.468750
5304  424.872345  291027.437500  291017.687500  291018.937500  291017.343750
5305  424.952423  291082.312500  291072.593750  291073.843750  291072.218750
5306  425.032532  291137.156250  291127.437500  291128.656250  291127.000000
5307  425.112640  291192.031250  291182.281250  291183.500000  291181.781250
5308  425.192749  291246.968750  291237.125000  291238.375000  291236.656250
5309  425.272858  291301.812500  291292.000000  291293.156250  291291.500000
5310  425.352966  291356.656250  291346.875000  291348.031250  291346.406250
5311  425.433075  291411.500000  291401.750000  291402.906250  291401.281250
5312  425.513153  291466.375000  291456.593750  291457.718750  291456.125000
5313  425.593262  291521.156250  291511.500000  291512.531250  291511.031250
5314  425.673370  291576.031250  291566.312500  291567.375000  291565.875000
5315  425.753479  291630.906250  291621.125000  291622.250000  291620.687500
5316  425.833588  291685.843750  291676.000000  291677.156250  291675.562500
5317  425.913696  291740.750000  291730.906250  291731.968750  291730.406250
5318  425.993805  291795.718750  291785.718750  291786.812500  291785.218750
5319  426.073883  291850.593750  291840.625000  291841.625000  291840.156250
5320  426.153992  291905.343750  291895.500000  291896.437500  291895.093750
5321  426.234100  291960.218750  291950.312500  291951.375000  291950.000000
5322  426.314209  292015.031250  292005.187500  292006.156250  292004.906250
5323  426.394318  292069.937500  292060.125000  292060.968750  292059.843750
5324  426.474426  292124.843750  292114.968750  292115.875000  292114.718750
5325  426.554504  292179.687500  292169.843750  292170.687500  292169.625000
5326  426.634613  292234.500000  292224.593750  292225.593750  292224.375000
5327  426.714722  292289.406250  292279.437500  292280.437500  292279.218750
5328  426.794830  292344.250000  292334.281250  292335.281250  292334.093750
5329  426.874939  292399.218750  292389.062500  292390.187500  292388.906250
5330  426.955048  292454.031250  292443.906250  292445.000000  292443.718750
5331  427.035156  292509.000000  292498.718750  292499.875000  292498.625000
5332  427.115234  292563.843750  292553.656250  292554.781250  292553.562500
5333  427.195343  292618.718750  292608.500000  292609.625000  292608.437500
5334  427.275452  292673.562500  292663.375000  292664.437500  292663.312500
5335  427.355560  292728.406250  292718.187500  292719.187500  292718.187500
5336  427.435669  292783.250000  292773.125000  292774.125000  292773.000000
5337  427.515778  292838.093750  292827.937500  292829.000000  292827.875000
5338  427.595886  292893.031250  292882.812500  292883.812500  292882.687500
5339  427.675964  292947.906250  292937.625000  292938.718750  292937.593750
5340  427.756073  293002.781250  292992.500000  292993.593750  292992.437500
5341  427.836182  293057.625000  293047.343750  293048.468750  293047.343750
5342  427.916290  293112.531250  293102.187500  293103.312500  293102.281250
5343  427.996399  293167.500000  293157.093750  293158.187500  293157.125000
5344  428.076508  293222.343750  293211.937500  293213.000000  293212.000000
5345  428.156616  293277.218750  293266.781250  293267.843750  293266.843750
5346  428.236694  293332.125000  293321.656250  293322.656250  293321.687500
5347  428.316803  293387.000000  293376.531250  293377.531250  293376.531250
5348  428.396912  293441.875000  293431.375000  293432.406250  293431.406250
5349  428.477020  293496.812500  293486.281250  293487.281250  293486.281250
5350  428.557129  293551.656250  293541.156250  293542.187500  293541.093750
5351  428.637238  293606.500000  293596.031250  293596.968750  293595.937500
5352  428.717316  293661.343750  293650.875000  293651.875000  293650.812500
5353  428.797424  293716.218750  293705.750000  293706.687500  293705.625000
5354  428.877533  293771.093750  293760.593750  293761.531250  293760.468750
5355  428.957642  293825.937500  293815.437500  293816.406250  293815.343750
5356  429.037750  293880.812500  293870.343750  293871.218750  293870.187500
5357  429.117859  293935.687500  293925.250000  293926.125000  293925.000000
5358  429.197968  293990.500000  293980.125000  293981.000000  293979.875000
5359  429.278046  294045.437500  294034.968750  294035.875000  294034.812500
5360  429.358154  294100.281250  294089.875000  294090.750000  294089.625000
5361  429.438263  294155.125000  294144.718750  294145.718750  294144.468750
5362  429.518372  294209.968750  294199.593750  294200.593750  294199.312500
5363  429.598480  294264.781250  294254.437500  294255.406250  294254.156250
5364  429.678589  294319.750000  294309.343750  294310.218750  294309.000000
5365  429.758698  294374.562500  294364.187500  294365.093750  294363.843750
5366  429.838776  294429.437500  294419.031250  294419.906250  294418.687500
5367  429.918884  294484.250000  294473.875000  294474.781250  294473.531250
5368  429.998993  294539.093750  294528.718750  294529.593750  294528.375000
5369  430.079102  294593.968750  294583.593750  294584.468750  294583.218750
5370  430.159210  294648.843750  294638.531250  294639.312500  294638.125000
5371  430.239319  294703.656250  294693.375000  294694.156250  294692.937500
5372  430.319427  294758.531250  294748.218750  294748.968750  294747.812500
5373  430.399506  294813.375000  294803.062500  294803.875000  294802.687500
5374  430.479614  294868.312500  294857.875000  294858.843750  294857.531250
5375  430.559723  294923.125000  294912.781250  294913.750000  294912.437500
5376  430.639832  294977.968750  294967.593750  294968.531250  294967.250000
5377  430.719940  295032.875000  295022.468750  295023.406250  295022.125000
5378  430.800049  295087.781250  295077.281250  295078.281250  295076.968750
5379  430.880127  295142.593750  295132.187500  295133.187500  295131.843750
5380  430.960236  295197.468750  295187.156250  295187.968750  295186.781250
5381  431.040344  295252.312500  295242.031250  295242.781250  295241.593750
5382  431.120453  295307.156250  295296.875000  295297.593750  295296.437500
5383  431.200562  295362.062500  295351.656250  295352.468750  295351.281250
5384  431.280670  295417.000000  295406.531250  295407.343750  295406.093750
5385  431.360779  295471.843750  295461.343750  295462.187500  295460.937500
5386  431.440857  295526.718750  295516.218750  295516.968750  295515.812500
5387  431.520966  295581.562500  295571.000000  295571.812500  295570.656250
5388  431.601074  295636.406250  295625.906250  295626.656250  295625.468750
5389  431.681183  295691.281250  295680.781250  295681.531250  295680.312500
5390  431.761292  295746.125000  295735.656250  295736.406250  295735.187500
5391  431.841400  295801.000000  295790.500000  295791.250000  295790.000000
5392  431.921509  295855.812500  295845.281250  295846.125000  295844.843750
5393  432.001587  295910.656250  295900.156250  295901.031250  295899.718750
5394  432.081696  295965.500000  295955.093750  295955.937500  295954.531250
5395  432.161804  296020.343750  296009.906250  296010.781250  296009.375000
5396  432.241913  296075.187500  296064.750000  296065.687500  296064.218750
5397  432.322021  296130.031250  296119.625000  296120.500000  296119.000000
5398  432.402130  296184.875000  296174.500000  296175.406250  296173.875000
5399  432.482239  296239.656250  296229.343750  296230.281250  296228.718750
5400  432.562317  296294.468750  296284.187500  296285.156250  296283.562500
5401  432.642426  296349.250000  296338.968750  296340.000000  296338.468750
5402  432.722534  296404.125000  296393.906250  296394.906250  296393.375000
5403  432.802643  296459.000000  296448.718750  296449.750000  296448.250000
5404  432.882751  296513.812500  296503.625000  296504.625000  296503.125000
5405  432.962860  296568.656250  296558.468750  296559.468750  296557.937500
5406  433.042969  296623.468750  296613.312500  296614.437500  296612.812500
5407  433.123047  296678.281250  296668.187500  296669.250000  296667.625000
5408  433.203156  296733.156250  296723.062500  296724.156250  296722.531250
5409  433.283264  296788.031250  296777.968750  296779.062500  296777.468750
5410  433.363373  296842.875000  296832.906250  296833.843750  296832.375000
5411  433.443481  296897.781250  296887.718750  296888.843750  296887.218750
5412  433.523590  296952.593750  296942.593750  296943.687500  296942.093750
5413  433.603668  297007.468750  296997.500000  296998.468750  296996.968750
5414  433.683777  297062.343750  297052.375000  297053.312500  297051.906250
5415  433.763885  297117.312500  297107.250000  297108.156250  297106.843750
5416  433.843994  297172.156250  297162.062500  297163.000000  297161.781250
5417  433.924103  297226.968750  297216.875000  297217.843750  297216.687500
5418  434.004211  297281.875000  297271.687500  297272.656250  297271.593750
5419  434.084320  297336.718750  297326.531250  297327.500000  297326.468750
5420  434.164398  297391.562500  297381.406250  297382.406250  297381.312500
5421  434.244507  297446.437500  297436.187500  297437.281250  297436.125000
5422  434.324615  297501.281250  297491.000000  297492.125000  297491.000000
5423  434.404724  297556.125000  297545.781250  297547.062500  297545.812500
5424  434.484833  297610.968750  297600.687500  297602.000000  297600.687500
5425  434.564941  297665.781250  297655.593750  297656.875000  297655.593750
5426  434.645050  297720.687500  297710.437500  297711.781250  297710.375000
5427  434.725128  297775.531250  297765.250000  297766.625000  297765.187500
5428  434.805237  297830.437500  297820.125000  297821.500000  297820.062500
5429  434.885345  297885.343750  297875.000000  297876.468750  297874.937500
5430  434.965454  297940.187500  297929.812500  297931.312500  297929.812500
5431  435.045563  297994.968750  297984.687500  297986.187500  297984.656250
5432  435.125671  298049.875000  298039.562500  298041.031250  298039.531250
5433  435.205780  298104.718750  298094.406250  298095.906250  298094.343750
5434  435.285858  298159.531250  298149.281250  298150.750000  298149.187500
5435  435.365967  298214.437500  298204.156250  298205.562500  298204.000000
5436  435.446075  298269.343750  298259.000000  298260.406250  298258.843750
5437  435.526184  298324.187500  298313.875000  298315.250000  298313.718750
5438  435.606293  298379.000000  298368.750000  298370.031250  298368.531250
5439  435.686401  298433.812500  298423.562500  298424.906250  298423.375000
5440  435.766479  298488.687500  298478.437500  298479.750000  298478.218750
5441  435.846588  298543.625000  298533.250000  298534.625000  298533.062500
5442  435.926697  298598.468750  298588.093750  298589.468750  298587.875000
5443  436.006805  298653.406250  298642.968750  298644.281250  298642.718750
5444  436.086914  298708.281250  298697.875000  298699.093750  298697.687500
5445  436.167023  298763.156250  298752.687500  298753.968750  298752.500000
5446  436.247131  298818.093750  298807.562500  298808.843750  298807.406250
5447  436.327209  298873.031250  298862.437500  298863.750000  298862.281250
5448  436.407318  298927.875000  298917.406250  298918.656250  298917.187500
5449  436.487427  298982.781250  298972.312500  298973.531250  298972.062500
5450  436.567535  299037.656250  299027.187500  299028.406250  299026.906250
5451  436.647644  299092.562500  299082.031250  299083.343750  299081.718750
5452  436.727753  299147.437500  299136.937500  299138.125000  299136.562500
5453  436.807861  299202.312500  299191.812500  299192.968750  299191.437500
5454  436.887939  299257.187500  299246.687500  299247.781250  299246.343750
5455  436.968048  299312.000000  299301.500000  299302.593750  299301.156250
5456  437.048157  299366.937500  299356.406250  299357.406250  299356.062500
5457  437.128265  299421.812500  299411.250000  299412.312500  299410.906250
5458  437.208374  299476.687500  299466.125000  299467.250000  299465.812500
5459  437.288483  299531.562500  299521.000000  299522.156250  299520.718750
5460  437.368591  299586.406250  299575.875000  299577.031250  299575.593750
5461  437.448669  299641.218750  299630.687500  299631.843750  299630.437500
5462  437.528778  299696.125000  299685.531250  299686.687500  299685.281250
5463  437.608887  299751.000000  299740.500000  299741.593750  299740.125000
5464  437.688995  299805.843750  299795.343750  299796.468750  299795.000000
5465  437.769104  299860.687500  299850.156250  299851.375000  299849.875000
5466  437.849213  299915.562500  299905.031250  299906.281250  299904.781250
5467  437.929291  299970.406250  299959.906250  299961.156250  299959.656250
5468  438.009399  300025.250000  300014.687500  300016.156250  300014.593750
5469  438.089508  300080.093750  300069.562500  300071.062500  300069.468750
5470  438.169617  300134.968750  300124.437500  300125.906250  300124.343750
5471  438.249725  300189.937500  300179.281250  300180.718750  300179.218750
5472  438.329834  300244.843750  300234.093750  300235.625000  300234.031250
5473  438.409943  300299.781250  300289.000000  300290.437500  300288.875000
5474  438.490021  300354.593750  300343.906250  300345.312500  300343.750000
5475  438.570129  300409.468750  300398.781250  300400.187500  300398.562500
5476  438.650238  300464.437500  300453.687500  300455.031250  300453.468750
5477  438.730347  300519.250000  300508.500000  300509.906250  300508.406250
5478  438.810455  300574.156250  300563.375000  300564.718750  300563.250000
5479  438.890564  300628.968750  300618.250000  300619.718750  300618.062500
5480  438.970673  300683.781250  300673.093750  300674.593750  300672.875000
5481  439.050751  300738.750000  300728.000000  300729.437500  300727.750000
5482  439.130859  300793.593750  300782.875000  300784.343750  300782.625000
5483  439.210968  300848.468750  300837.750000  300839.218750  300837.437500
5484  439.291077  300903.406250  300892.562500  300894.125000  300892.281250
5485  439.371185  300958.281250  300947.437500  300949.000000  300947.062500
5486  439.451294  301013.125000  301002.312500  301003.875000  301001.906250
5487  439.531403  301067.968750  301057.125000  301058.750000  301056.750000
5488  439.611481  301122.781250  301111.968750  301113.593750  301111.593750
5489  439.691589  301177.656250  301166.843750  301168.437500  301166.406250
5490  439.771698  301232.593750  301221.718750  301223.343750  301221.281250
5491  439.851807  301287.406250  301276.625000  301278.218750  301276.031250
5492  439.931915  301342.343750  301331.468750  301333.093750  301330.875000
5493  440.012024  301397.218750  301386.343750  301387.968750  301385.812500
5494  440.092133  301452.093750  301441.218750  301442.750000  301440.781250
5495  440.172211  301506.937500  301496.000000  301497.625000  301495.625000
5496  440.252319  301561.781250  301550.843750  301552.437500  301550.437500
5497  440.332428  301616.625000  301605.625000  301607.312500  301605.218750
5498  440.412537  301671.468750  301660.468750  301662.187500  301660.093750
5499  440.492645  301726.312500  301715.375000  301717.031250  301714.968750
5500  440.572754  301781.125000  301770.218750  301771.937500  301769.937500
5501  440.652832  301835.937500  301825.187500  301826.812500  301824.781250
5502  440.732941  301890.750000  301880.093750  301881.750000  301879.718750
5503  440.813049  301945.593750  301934.937500  301936.562500  301934.531250
5504  440.893158  302000.500000  301989.750000  301991.375000  301989.468750
5505  440.973267  302055.406250  302044.593750  302046.218750  302044.375000
5506  441.053375  302110.218750  302099.468750  302101.125000  302099.218750
5507  441.133484  302165.093750  302154.343750  302155.968750  302154.062500
5508  441.213562  302219.968750  302209.156250  302210.812500  302208.937500
5509  441.293671  302274.812500  302264.062500  302265.656250  302263.781250
5510  441.373779  302329.750000  302318.875000  302320.531250  302318.687500
5511  441.453888  302384.562500  302373.781250  302375.375000  302373.531250
5512  441.533997  302439.375000  302428.625000  302430.250000  302428.343750
5513  441.614105  302494.250000  302483.437500  302485.062500  302483.343750
5514  441.694214  302549.093750  302538.250000  302539.937500  302538.343750
5515  441.774292  302603.968750  302593.062500  302594.812500  302593.218750
5516  441.854401  302658.906250  302647.875000  302649.687500  302648.156250
5517  441.934509  302713.781250  302702.750000  302704.468750  302702.968750
5518  442.014618  302768.656250  302757.625000  302759.406250  302757.906250
5519  442.094727  302823.531250  302812.468750  302814.250000  302812.718750
5520  442.174835  302878.375000  302867.343750  302869.062500  302867.625000
5521  442.254944  302933.250000  302922.218750  302923.843750  302922.500000
5522  442.335022  302988.062500  302977.093750  302978.718750  302977.312500
5523  442.415131  303042.937500  303032.031250  303033.656250  303032.187500
5524  442.495239  303097.750000  303086.937500  303088.562500  303087.031250
5525  442.575348  303152.625000  303141.843750  303143.406250  303141.968750
5526  442.655457  303207.468750  303196.750000  303198.343750  303196.781250
5527  442.735565  303262.406250  303251.625000  303253.156250  303251.687500
5528  442.815643  303317.281250  303306.500000  303308.062500  303306.531250
5529  442.895752  303372.093750  303361.343750  303362.937500  303361.406250
5530  442.975861  303426.968750  303416.187500  303417.750000  303416.250000
5531  443.055969  303481.812500  303471.031250  303472.562500  303471.093750
5532  443.136078  303536.656250  303525.875000  303527.468750  303526.000000
5533  443.216187  303591.531250  303580.781250  303582.281250  303580.843750
5534  443.296295  303646.375000  303635.625000  303637.125000  303635.687500
5535  443.376373  303701.187500  303690.468750  303692.031250  303690.562500
5536  443.456482  303756.156250  303745.343750  303746.906250  303745.437500
5537  443.536591  303811.093750  303800.187500  303801.718750  303800.343750
5538  443.616699  303866.062500  303855.000000  303856.562500  303855.218750
5539  443.696808  303920.968750  303909.875000  303911.500000  303910.093750
5540  443.776917  303975.843750  303964.812500  303966.375000  303964.937500
5541  443.857025  304030.687500  304019.593750  304021.281250  304019.843750
5542  443.937103  304085.562500  304074.468750  304076.031250  304074.625000
5543  444.017212  304140.437500  304129.250000  304130.843750  304129.468750
5544  444.097321  304195.218750  304184.125000  304185.718750  304184.343750
5545  444.177429  304250.093750  304238.937500  304240.656250  304239.281250
5546  444.257538  304304.875000  304293.812500  304295.593750  304294.031250
5547  444.337646  304359.718750  304348.750000  304350.437500  304348.937500
5548  444.417755  304414.593750  304403.593750  304405.312500  304403.750000
5549  444.497833  304469.437500  304458.468750  304460.218750  304458.562500
5550  444.577942  304524.312500  304513.343750  304515.062500  304513.406250
5551  444.658051  304579.156250  304568.156250  304570.000000  304568.187500
5552  444.738159  304634.031250  304622.968750  304624.875000  304623.031250
5553  444.818268  304688.875000  304677.781250  304679.718750  304677.781250
5554  444.898376  304743.718750  304732.656250  304734.531250  304732.625000
5555  444.978455  304798.531250  304787.562500  304789.406250  304787.437500
5556  445.058563  304853.468750  304842.437500  304844.218750  304842.281250
5557  445.138672  304908.312500  304897.281250  304899.062500  304897.156250
5558  445.218781  304963.250000  304952.093750  304953.875000  304952.093750
5559  445.298889  305018.125000  305007.031250  305008.687500  305006.906250
5560  445.378998  305073.000000  305061.875000  305063.531250  305061.781250
5561  445.459106  305127.875000  305116.750000  305118.406250  305116.625000
5562  445.539185  305182.781250  305171.593750  305173.281250  305171.437500
5563  445.619293  305237.687500  305226.437500  305228.125000  305226.281250
5564  445.699402  305292.500000  305281.343750  305283.031250  305281.156250
5565  445.779510  305347.406250  305336.250000  305337.875000  305335.968750
5566  445.859619  305402.281250  305391.125000  305392.750000  305390.843750
5567  445.939728  305457.093750  305446.031250  305447.562500  305445.687500
5568  446.019836  305511.968750  305500.906250  305502.406250  305500.468750
5569  446.099915  305566.906250  305555.718750  305557.281250  305555.312500
5570  446.180023  305621.812500  305610.531250  305612.125000  305610.187500
5571  446.260132  305676.750000  305665.375000  305667.000000  305665.062500
5572  446.340240  305731.593750  305720.250000  305721.875000  305719.906250
5573  446.420349  305786.437500  305775.062500  305776.812500  305774.718750
5574  446.500458  305841.312500  305830.000000  305831.625000  305829.593750
5575  446.580566  305896.281250  305884.843750  305886.437500  305884.500000
5576  446.660645  305951.156250  305939.687500  305941.250000  305939.375000
5577  446.740753  306006.093750  305994.500000  305996.093750  305994.250000
5578  446.820862  306060.906250  306049.343750  306050.937500  306049.125000
5579  446.900970  306115.781250  306104.218750  306105.750000  306103.906250
5580  446.981079  306170.656250  306159.031250  306160.593750  306158.781250
5581  447.061188  306225.468750  306213.875000  306215.468750  306213.656250
5582  447.141296  306280.437500  306268.750000  306270.281250  306268.500000
5583  447.221375  306335.250000  306323.656250  306325.156250  306323.406250
5584  447.301483  306390.125000  306378.500000  306380.000000  306378.312500
5585  447.381592  306444.968750  306433.343750  306434.812500  306433.125000
5586  447.461700  306499.812500  306488.187500  306489.656250  306488.000000
5587  447.541809  306554.750000  306542.937500  306544.531250  306542.843750
5588  447.621918  306609.593750  306597.781250  306599.343750  306597.718750
5589  447.701996  306664.406250  306652.656250  306654.156250  306652.562500
5590  447.782104  306719.281250  306707.500000  306709.000000  306707.531250
5591  447.862213  306774.125000  306762.312500  306763.843750  306762.437500
5592  447.942322  306829.000000  306817.125000  306818.718750  306817.281250
5593  448.022430  306883.875000  306872.093750  306873.562500  306872.093750
5594  448.102539  306938.687500  306927.000000  306928.468750  306926.875000
5595  448.182648  306993.562500  306981.875000  306983.312500  306981.718750
5596  448.262726  307048.406250  307036.718750  307038.218750  307036.625000
5597  448.342834  307103.312500  307091.531250  307093.062500  307091.562500
5598  448.422943  307158.156250  307146.406250  307147.843750  307146.406250
5599  448.503052  307213.000000  307201.187500  307202.718750  307201.281250
5600  448.583160  307267.906250  307256.000000  307257.656250  307256.156250
5601  448.663269  307322.718750  307310.812500  307312.531250  307311.000000
5602  448.743378  307377.625000  307365.656250  307367.375000  307365.937500
5603  448.823456  307432.500000  307420.468750  307422.250000  307420.750000
5604  448.903564  307487.375000  307475.312500  307477.125000  307475.625000
5605  448.983673  307542.250000  307530.125000  307532.000000  307530.500000
5606  449.063782  307597.093750  307584.968750  307586.875000  307585.343750
5607  449.143890  307651.906250  307639.812500  307641.750000  307640.156250
5608  449.223999  307706.718750  307694.656250  307696.625000  307695.031250
5609  449.304108  307761.500000  307749.562500  307751.468750  307749.875000
5610  449.384186  307816.375000  307804.406250  307806.343750  307804.718750
5611  449.464294  307871.218750  307859.281250  307861.218750  307859.593750
5612  449.544403  307926.062500  307914.125000  307916.125000  307914.375000
5613  449.624512  307980.937500  307969.031250  307970.937500  307969.218750
5614  449.704620  308035.781250  308023.906250  308025.750000  308024.093750
5615  449.784729  308090.656250  308078.750000  308080.625000  308078.968750
5616  449.864807  308145.500000  308133.625000  308135.531250  308133.968750
5617  449.944916  308200.375000  308188.406250  308190.343750  308188.781250
5618  450.025024  308255.187500  308243.218750  308245.156250  308243.656250
5619  450.105133  308310.062500  308298.031250  308300.062500  308298.531250
5620  450.185242  308364.906250  308352.937500  308354.937500  308353.375000
5621  450.265350  308419.750000  308407.750000  308409.781250  308408.250000
5622  450.345459  308474.593750  308462.593750  308464.656250  308463.218750
5623  450.425537  308529.406250  308517.468750  308519.468750  308518.062500
5624  450.505646  308584.281250  308572.250000  308574.406250  308572.906250
5625  450.585754  308639.125000  308627.156250  308629.250000  308627.718750
5626  450.665863  308693.937500  308681.968750  308684.156250  308682.593750
5627  450.745972  308748.750000  308736.812500  308738.937500  308737.500000
5628  450.826080  308803.593750  308791.625000  308793.812500  308792.343750
5629  450.906189  308858.468750  308846.468750  308848.625000  308847.218750
5630  450.986267  308913.375000  308901.375000  308903.500000  308902.125000
5631  451.066376  308968.156250  308956.187500  308958.375000  308956.937500
5632  451.146484  309022.968750  309011.093750  309013.218750  309011.781250
5633  451.226593  309077.843750  309065.968750  309068.031250  309066.656250
5634  451.306702  309132.718750  309120.781250  309122.937500  309121.562500
5635  451.386810  309187.593750  309175.687500  309177.812500  309176.406250
5636  451.466919  309242.531250  309230.562500  309232.843750  309231.312500
5637  451.546997  309297.375000  309285.500000  309287.718750  309286.156250
5638  451.627106  309352.250000  309340.312500  309342.593750  309341.031250
5639  451.707214  309407.125000  309395.093750  309397.468750  309396.000000
5640  451.787323  309462.031250  309449.906250  309452.406250  309450.843750
5641  451.867432  309516.875000  309504.750000  309507.281250  309505.750000
5642  451.947540  309571.750000  309559.718750  309562.187500  309560.562500
5643  452.027649  309626.562500  309614.593750  309617.031250  309615.437500
5644  452.107727  309681.375000  309669.437500  309671.968750  309670.343750
5645  452.187836  309736.218750  309724.312500  309726.812500  309725.250000
5646  452.267944  309791.093750  309779.125000  309781.625000  309780.156250
5647  452.348053  309845.968750  309834.000000  309836.562500  309835.000000
5648  452.428162  309900.750000  309888.937500  309891.375000  309889.937500
5649  452.508270  309955.562500  309943.812500  309946.281250  309944.812500
5650  452.588348  310010.531250  309998.687500  310001.093750  309999.718750
5651  452.668457  310065.406250  310053.531250  310055.968750  310054.593750
5652  452.748566  310120.218750  310108.437500  310110.906250  310109.343750
5653  452.828674  310175.031250  310163.281250  310165.750000  310164.250000
5654  452.908783  310229.875000  310218.125000  310220.625000  310219.093750
5655  452.988892  310284.718750  310272.968750  310275.437500  310274.062500
5656  453.069000  310339.562500  310327.906250  310330.312500  310328.843750
5657  453.149078  310394.406250  310382.718750  310385.187500  310383.687500
5658  453.229187  310449.250000  310437.562500  310440.093750  310438.562500
5659  453.309296  310504.093750  310492.468750  310494.906250  310493.406250
5660  453.389404  310558.937500  310547.343750  310549.718750  310548.281250
5661  453.469513  310613.812500  310602.218750  310604.531250  310603.093750
5662  453.549622  310668.656250  310657.062500  310659.437500  310658.031250
5663  453.629730  310723.500000  310711.875000  310714.312500  310712.843750
5664  453.709808  310778.468750  310766.687500  310769.156250  310767.687500
5665  453.789917  310833.281250  310821.500000  310823.906250  310822.468750
5666  453.870026  310888.218750  310876.343750  310878.750000  310877.281250
5667  453.950134  310943.031250  310931.218750  310933.593750  310932.156250
5668  454.030243  310997.968750  310986.062500  310988.437500  310987.031250
5669  454.110352  311052.781250  311040.968750  311043.281250  311041.875000
5670  454.190460  311107.625000  311095.843750  311098.093750  311096.687500
5671  454.270538  311162.468750  311150.687500  311152.906250  311151.625000
5672  454.350647  311217.250000  311205.531250  311207.843750  311206.437500
5673  454.430756  311272.125000  311260.531250  311262.718750  311261.375000
5674  454.510864  311326.968750  311315.375000  311317.593750  311316.281250
5675  454.590973  311381.781250  311370.250000  311372.500000  311371.093750
5676  454.671082  311436.625000  311425.093750  311427.406250  311425.937500
5677  454.751160  311491.437500  311480.000000  311482.250000  311480.843750
5678  454.831268  311546.312500  311534.843750  311537.125000  311535.687500
5679  454.911377  311601.250000  311589.656250  311591.937500  311590.562500
5680  454.991486  311656.062500  311644.531250  311646.781250  311645.406250
5681  455.071594  311710.875000  311699.343750  311701.593750  311700.312500
5682  455.151703  311765.718750  311754.218750  311756.437500  311755.156250
5683  455.231812  311820.593750  311809.062500  311811.281250  311810.000000
5684  455.311890  311875.437500  311863.875000  311866.093750  311864.843750
5685  455.391998  311930.281250  311918.750000  311920.937500  311919.687500
5686  455.472107  311985.156250  311973.562500  311975.750000  311974.593750
5687  455.552216  312040.062500  312028.437500  312030.656250  312029.437500
5688  455.632324  312094.937500  312083.343750  312085.531250  312084.312500
5689  455.712433  312149.750000  312138.156250  312140.375000  312139.187500
5690  455.792542  312204.562500  312192.968750  312195.312500  312194.062500
5691  455.872620  312259.406250  312247.843750  312250.218750  312248.906250
5692  455.952728  312314.343750  312302.718750  312305.062500  312303.718750
5693  456.032837  312369.187500  312357.531250  312359.875000  312358.593750
5694  456.112946  312424.125000  312412.375000  312414.781250  312413.562500
5695  456.193054  312478.968750  312467.250000  312469.656250  312468.500000
5696  456.273163  312533.812500  312522.031250  312524.468750  312523.343750
5697  456.353271  312588.687500  312576.812500  312579.312500  312578.187500
5698  456.433350  312643.562500  312631.656250  312634.218750  312633.062500
5699  456.513458  312698.406250  312686.531250  312689.062500  312687.906250
5700  456.593567  312753.250000  312741.375000  312743.906250  312742.687500
5701  456.673676  312808.093750  312796.312500  312798.718750  312797.593750
5702  456.753784  312862.937500  312851.250000  312853.562500  312852.562500
5703  456.833893  312917.750000  312906.156250  312908.468750  312907.406250
5704  456.913971  312972.625000  312961.093750  312963.281250  312962.312500
5705  456.994080  313027.500000  313015.937500  313018.156250  313017.187500
5706  457.074188  313082.312500  313070.812500  313073.000000  313072.031250
5707  457.154297  313137.156250  313125.750000  313127.906250  313126.812500
5708  457.234406  313192.000000  313180.656250  313182.718750  313181.625000
5709  457.314514  313246.875000  313235.500000  313237.625000  313236.468750
5710  457.394623  313301.781250  313290.437500  313292.500000  313291.312500
5711  457.474701  313356.625000  313345.375000  313347.468750  313346.187500
5712  457.554810  313411.500000  313400.281250  313402.312500  313401.031250
5713  457.634918  313466.343750  313455.093750  313457.156250  313455.843750
5714  457.715027  313521.218750  313509.906250  313512.000000  313510.750000
5715  457.795135  313576.062500  313564.781250  313566.906250  313565.562500
5716  457.875244  313630.906250  313619.593750  313621.750000  313620.312500
5717  457.955353  313685.750000  313674.437500  313676.593750  313675.125000
5718  458.035431  313740.625000  313729.312500  313731.437500  313729.968750
5719  458.115540  313795.468750  313784.125000  313786.312500  313784.843750
5720  458.195648  313850.250000  313838.968750  313841.062500  313839.750000
5721  458.275757  313905.156250  313893.781250  313895.968750  313894.625000
5722  458.355865  313959.968750  313948.718750  313950.812500  313949.500000
5723  458.435974  314014.906250  314003.625000  314005.656250  314004.375000
5724  458.516083  314069.750000  314058.468750  314060.531250  314059.250000
5725  458.596161  314124.593750  314113.312500  314115.375000  314114.093750
5726  458.676270  314179.531250  314168.187500  314170.250000  314168.968750
5727  458.756378  314234.468750  314223.125000  314225.125000  314223.781250
5728  458.836487  314289.406250  314278.000000  314280.000000  314278.656250
5729  458.916595  314344.250000  314332.843750  314334.875000  314333.500000
5730  458.996704  314399.125000  314387.687500  314389.750000  314388.312500
5731  459.076813  314454.031250  314442.562500  314444.625000  314443.187500
5732  459.156891  314508.875000  314497.468750  314499.500000  314498.000000
5733  459.237000  314563.718750  314552.343750  314554.343750  314552.968750
5734  459.317108  314618.531250  314607.156250  314609.156250  314607.906250
5735  459.397217  314673.343750  314662.031250  314664.093750  314662.812500
5736  459.477325  314728.187500  314716.906250  314718.906250  314717.687500
5737  459.557434  314783.031250  314771.750000  314773.718750  314772.468750
5738  459.637512  314837.968750  314826.593750  314828.625000  314827.281250
5739  459.717621  314892.750000  314881.375000  314883.406250  314882.125000
5740  459.797729  314947.625000  314936.250000  314938.343750  314937.062500
5741  459.877838  315002.531250  314991.125000  314993.187500  314991.875000
5742  459.957947  315057.343750  315045.937500  315048.031250  315046.687500
5743  460.038055  315112.218750  315100.843750  315102.875000  315101.468750
5744  460.118164  315167.156250  315155.781250  315157.750000  315156.281250
5745  460.198242  315221.968750  315210.687500  315212.625000  315211.093750
5746  460.278351  315276.812500  315265.593750  315267.531250  315265.906250
5747  460.358459  315331.687500  315320.437500  315322.375000  315320.812500
5748  460.438568  315386.625000  315375.312500  315377.218750  315375.687500
5749  460.518677  315441.500000  315430.125000  315432.093750  315430.531250
5750  460.598785  315496.312500  315484.968750  315486.906250  315485.406250
5751  460.678894  315551.187500  315539.843750  315541.750000  315540.250000
5752  460.758972  315606.125000  315594.750000  315596.625000  315595.125000
5753  460.839081  315660.968750  315649.593750  315651.500000  315649.937500
5754  460.919189  315715.906250  315704.437500  315706.437500  315704.750000
5755  460.999298  315770.843750  315759.312500  315761.281250  315759.656250
5756  461.079407  315825.781250  315814.156250  315816.125000  315814.531250
5757  461.159515  315880.625000  315869.062500  315871.093750  315869.406250
5758  461.239624  315935.500000  315923.937500  315925.937500  315924.250000
5759  461.319702  315990.312500  315978.812500  315980.718750  315979.031250
5760  461.399811  316045.250000  316033.687500  316035.593750  316033.937500
5761  461.479919  316100.093750  316088.562500  316090.437500  316088.687500
5762  461.560028  316154.937500  316143.406250  316145.250000  316143.625000
5763  461.640137  316209.781250  316198.312500  316200.093750  316198.625000
5764  461.720245  316264.687500  316253.125000  316254.906250  316253.500000
5765  461.800323  316319.562500  316307.937500  316309.812500  316308.437500
5766  461.880432  316374.468750  316362.750000  316364.656250  316363.218750
5767  461.960541  316429.312500  316417.625000  316419.562500  316418.062500
5768  462.040649  316484.156250  316472.500000  316474.437500  316472.843750
5769  462.120758  316539.000000  316527.343750  316529.375000  316527.687500
5770  462.200867  316593.937500  316582.156250  316584.250000  316582.500000
5771  462.280975  316648.750000  316637.031250  316639.062500  316637.375000
5772  462.361053  316703.562500  316691.968750  316693.968750  316692.218750
5773  462.441162  316758.406250  316746.875000  316748.843750  316747.062500
5774  462.521271  316813.281250  316801.718750  316803.656250  316801.906250
5775  462.601379  316868.125000  316856.562500  316858.500000  316856.718750
5776  462.681488  316923.031250  316911.375000  316913.375000  316911.656250
5777  462.761597  316977.843750  316966.218750  316968.343750  316966.531250
5778  462.841705  317032.687500  317021.156250  317023.218750  317021.375000
5779  462.921783  317087.562500  317075.968750  317078.031250  317076.250000
5780  463.001892  317142.437500  317130.843750  317132.906250  317131.062500
5781  463.082001  317197.250000  317185.781250  317187.750000  317185.906250
5782  463.162109  317252.062500  317240.625000  317242.593750  317240.937500
5783  463.242218  317306.937500  317295.437500  317297.437500  317295.781250
5784  463.322327  317361.781250  317350.375000  317352.281250  317350.593750
5785  463.402435  317416.656250  317405.218750  317407.156250  317405.406250
5786  463.482513  317471.500000  317460.031250  317462.031250  317460.281250
5787  463.562622  317526.375000  317514.937500  317516.875000  317515.093750
5788  463.642731  317581.187500  317569.843750  317571.687500  317569.937500
5789  463.722839  317636.062500  317624.656250  317626.625000  317624.781250
5790  463.802948  317690.906250  317679.531250  317681.500000  317679.593750
5791  463.883057  317745.812500  317734.437500  317736.312500  317734.437500
5792  463.963135  317800.750000  317789.250000  317791.187500  317789.312500
5793  464.043243  317855.593750  317844.125000  317846.031250  317844.093750
5794  464.123352  317910.531250  317899.000000  317900.781250  317898.906250
5795  464.203461  317965.375000  317953.937500  317955.656250  317953.781250
5796  464.283569  318020.250000  318008.750000  318010.531250  318008.656250
5797  464.363678  318075.062500  318063.593750  318065.437500  318063.531250
5798  464.443787  318130.000000  318118.468750  318120.312500  318118.406250
5799  464.523865  318184.812500  318173.343750  318175.062500  318173.250000
5800  464.603973  318239.656250  318228.156250  318229.968750  318228.125000
5801  464.684082  318294.500000  318282.968750  318284.843750  318282.937500
5802  464.764191  318349.468750  318337.750000  318339.656250  318337.781250
5803  464.844299  318404.343750  318392.625000  318394.468750  318392.656250
5804  464.924408  318459.218750  318447.468750  318449.281250  318447.531250
5805  465.004517  318514.093750  318502.343750  318504.125000  318502.375000
5806  465.084595  318568.968750  318557.343750  318558.968750  318557.250000
5807  465.164703  318623.812500  318612.156250  318613.843750  318612.062500
5808  465.244812  318678.750000  318667.000000  318668.593750  318666.937500
5809  465.324921  318733.593750  318721.812500  318723.406250  318721.781250
5810  465.405029  318788.437500  318776.593750  318778.406250  318776.625000
5811  465.485138  318843.281250  318831.500000  318833.250000  318831.500000
5812  465.565247  318898.125000  318886.312500  318888.125000  318886.406250
5813  465.645325  318952.937500  318941.125000  318943.000000  318941.250000
5814  465.725433  319007.750000  318996.031250  318997.875000  318996.093750
5815  465.805542  319062.593750  319050.906250  319052.750000  319050.968750
5816  465.885651  319117.406250  319105.750000  319107.625000  319105.812500
5817  465.965759  319172.281250  319160.656250  319162.562500  319160.687500
5818  466.045868  319227.156250  319215.500000  319217.375000  319215.437500
5819  466.125977  319282.093750  319270.312500  319272.187500  319270.281250
5820  466.206055  319336.906250  319325.093750  319327.062500  319325.093750
5821  466.286163  319391.781250  319380.000000  319381.968750  319379.968750
5822  466.366272  319446.656250  319434.843750  319436.875000  319434.812500
5823  466.446381  319501.531250  319489.625000  319491.687500  319489.750000
5824  466.526489  319556.343750  319544.500000  319546.500000  319544.656250
5825  466.606598  319611.156250  319599.343750  319601.406250  319599.500000
5826  466.686676  319666.031250  319654.187500  319656.218750  319654.343750
5827  466.766785  319720.968750  319709.031250  319711.093750  319709.187500
5828  466.846893  319775.843750  319763.875000  319765.968750  319764.093750
5829  466.927002  319830.656250  319818.812500  319820.875000  319818.906250
5830  467.007111  319885.500000  319873.687500  319875.812500  319873.718750
5831  467.087219  319940.406250  319928.531250  319930.656250  319928.468750
5832  467.167328  319995.250000  319983.437500  319985.500000  319983.343750
5833  467.247406  320050.125000  320038.406250  320040.375000  320038.218750
5834  467.327515  320104.937500  320093.281250  320095.156250  320093.062500
5835  467.407623  320159.812500  320148.125000  320150.031250  320148.000000
5836  467.487732  320214.718750  320203.000000  320204.875000  320202.843750
5837  467.567841  320269.593750  320257.875000  320259.750000  320257.718750
5838  467.647949  320324.468750  320312.656250  320314.593750  320312.531250
5839  467.728058  320379.343750  320367.468750  320369.500000  320367.468750
5840  467.808136  320434.218750  320422.406250  320424.343750  320422.312500
5841  467.888245  320489.156250  320477.250000  320479.187500  320477.187500
5842  467.968353  320544.031250  320532.125000  320534.031250  320532.031250
5843  468.048462  320598.968750  320586.937500  320588.937500  320586.875000
5844  468.128571  320653.812500  320641.781250  320643.750000  320641.718750
5845  468.208679  320708.625000  320696.593750  320698.656250  320696.531250
5846  468.288788  320763.531250  320751.468750  320753.531250  320751.468750
5847  468.368866  320818.375000  320806.312500  320808.437500  320806.312500
5848  468.448975  320873.343750  320861.187500  320863.281250  320861.125000
5849  468.529083  320928.250000  320916.125000  320918.187500  320915.968750
5850  468.609192  320983.187500  320970.937500  320973.125000  320970.843750
5851  468.689301  321038.000000  321025.875000  321027.968750  321025.687500
5852  468.769409  321092.843750  321080.750000  321082.843750  321080.562500
5853  468.849487  321147.781250  321135.562500  321137.750000  321135.468750
5854  468.929596  321202.656250  321190.375000  321192.625000  321190.312500
5855  469.009705  321257.468750  321245.218750  321247.531250  321245.281250
5856  469.089813  321312.312500  321300.093750  321302.375000  321300.093750
5857  469.169922  321367.125000  321354.937500  321357.218750  321354.968750
5858  469.250031  321421.968750  321409.750000  321412.062500  321409.843750
5859  469.330139  321476.875000  321464.656250  321466.937500  321464.687500
5860  469.410217  321531.718750  321519.500000  321521.812500  321519.500000
5861  469.490326  321586.531250  321574.406250  321576.625000  321574.343750
5862  469.570435  321641.312500  321629.312500  321631.437500  321629.218750
5863  469.650543  321696.125000  321684.093750  321686.343750  321684.093750
5864  469.730652  321750.968750  321739.000000  321741.187500  321738.843750
5865  469.810760  321805.812500  321793.875000  321796.031250  321793.750000
5866  469.890869  321860.687500  321848.750000  321850.843750  321848.625000
5867  469.970947  321915.562500  321903.625000  321905.593750  321903.468750
5868  470.051056  321970.406250  321958.437500  321960.437500  321958.281250
5869  470.131165  322025.281250  322013.343750  322015.250000  322013.125000
5870  470.211273  322080.125000  322068.156250  322070.156250  322068.000000
5871  470.291382  322134.937500  322123.062500  322125.093750  322122.812500
5872  470.371490  322189.843750  322177.906250  322179.937500  322177.656250
5873  470.451599  322244.750000  322232.843750  322234.781250  322232.593750
5874  470.531677  322299.625000  322287.687500  322289.687500  322287.406250
5875  470.611786  322354.562500  322342.531250  322344.531250  322342.218750
5876  470.691895  322409.406250  322397.468750  322399.375000  322397.031250
5877  470.772003  322464.250000  322452.281250  322454.218750  322451.906250
5878  470.852112  322519.156250  322507.156250  322509.062500  322506.750000
5879  470.932220  322574.031250  322562.000000  322563.906250  322561.531250
5880  471.012299  322628.875000  322616.875000  322618.718750  322616.375000
5881  471.092407  322683.718750  322671.718750  322673.656250  322671.218750
5882  471.172516  322738.562500  322726.562500  322728.531250  322726.093750
5883  471.252625  322793.406250  322781.312500  322783.406250  322780.937500
5884  471.332733  322848.375000  322836.250000  322838.281250  322835.968750
5885  471.412842  322903.218750  322891.093750  322893.125000  322890.843750
5886  471.492950  322958.031250  322945.906250  322947.968750  322945.718750
5887  471.573029  323012.843750  323000.812500  323002.812500  323000.656250
5888  471.653137  323067.687500  323055.656250  323057.625000  323055.468750
5889  471.733246  323122.531250  323110.437500  323112.437500  323110.250000
5890  471.813354  323177.375000  323165.312500  323167.250000  323165.125000
5891  471.893463  323232.218750  323220.187500  323222.093750  323220.062500
5892  471.973572  323287.062500  323275.031250  323277.031250  323274.937500
5893  472.053680  323341.875000  323329.875000  323331.937500  323329.750000
5894  472.133759  323396.687500  323384.781250  323386.812500  323384.562500
5895  472.213867  323451.562500  323439.625000  323441.687500  323439.406250
5896  472.293976  323506.375000  323494.531250  323496.531250  323494.281250
5897  472.374084  323561.343750  323549.375000  323551.406250  323549.218750
5898  472.454193  323616.187500  323604.250000  323606.218750  323604.062500
5899  472.534302  323671.125000  323659.062500  323661.062500  323658.968750
5900  472.614410  323726.000000  323713.875000  323715.875000  323713.875000
5901  472.694489  323780.875000  323768.687500  323770.750000  323768.812500
5902  472.774597  323835.718750  323823.531250  323825.593750  323823.562500
5903  472.854706  323890.562500  323878.375000  323880.468750  323878.375000
5904  472.934814  323945.468750  323933.312500  323935.343750  323933.218750
5905  473.014923  324000.312500  323988.187500  323990.218750  323988.125000
5906  473.095032  324055.250000  324043.031250  324045.000000  324042.937500
5907  473.175140  324110.187500  324097.875000  324099.812500  324097.781250
5908  473.255219  324165.000000  324152.687500  324154.687500  324152.562500
5909  473.335327  324219.937500  324207.562500  324209.562500  324207.468750
5910  473.415436  324274.781250  324262.375000  324264.406250  324262.437500
5911  473.495544  324329.718750  324317.218750  324319.250000  324317.281250
5912  473.575653  324384.562500  324372.125000  324374.062500  324372.156250
5913  473.655762  324439.437500  324427.000000  324428.968750  324427.000000
5914  473.735840  324494.281250  324481.906250  324483.843750  324481.843750
5915  473.815948  324549.156250  324536.687500  324538.750000  324536.687500
5916  473.896057  324604.093750  324591.500000  324593.625000  324591.500000
5917  473.976166  324658.968750  324646.343750  324648.375000  324646.312500
5918  474.056274  324713.906250  324701.187500  324703.281250  324701.218750
5919  474.136383  324768.750000  324755.968750  324758.093750  324756.093750
5920  474.216492  324823.593750  324810.843750  324813.093750  324810.906250
5921  474.296570  324878.437500  324865.687500  324867.906250  324865.781250
5922  474.376678  324933.281250  324920.562500  324922.875000  324920.625000
5923  474.456787  324988.156250  324975.375000  324977.750000  324975.468750
5924  474.536896  325043.000000  325030.187500  325032.656250  325030.312500
5925  474.617004  325097.781250  325085.093750  325087.468750  325085.187500
5926  474.697113  325152.625000  325139.875000  325142.343750  325140.062500
5927  474.777222  325207.562500  325194.750000  325197.250000  325194.843750
5928  474.857300  325262.375000  325249.656250  325252.093750  325249.718750
5929  474.937408  325317.187500  325304.500000  325306.937500  325304.593750
5930  475.017517  325372.093750  325359.312500  325361.812500  325359.406250
5931  475.097626  325426.968750  325414.125000  325416.656250  325414.218750
5932  475.177734  325481.843750  325469.031250  325471.468750  325469.031250
5933  475.257843  325536.656250  325523.906250  325526.312500  325523.968750
5934  475.337952  325591.593750  325578.718750  325581.156250  325578.843750
5935  475.418030  325646.406250  325633.593750  325636.031250  325633.718750
5936  475.498138  325701.312500  325688.468750  325690.781250  325688.562500
5937  475.578247  325756.250000  325743.312500  325745.656250  325743.437500
5938  475.658356  325811.093750  325798.187500  325800.468750  325798.343750
5939  475.738464  325865.968750  325853.062500  325855.343750  325853.250000
5940  475.818573  325920.812500  325907.875000  325910.281250  325908.125000
5941  475.898651  325975.656250  325962.718750  325965.156250  325962.875000
5942  475.978760  326030.625000  326017.593750  326020.062500  326017.687500
5943  476.058868  326085.468750  326072.406250  326075.031250  326072.531250
5944  476.138977  326140.343750  326127.250000  326129.906250  326127.281250
5945  476.219086  326195.187500  326182.125000  326184.750000  326182.093750
5946  476.299194  326250.093750  326236.937500  326239.593750  326236.937500
5947  476.379303  326305.031250  326291.812500  326294.437500  326291.812500
5948  476.459381  326359.906250  326346.656250  326349.343750  326346.656250
5949  476.539490  326414.718750  326401.593750  326404.250000  326401.531250
5950  476.619598  326469.625000  326456.500000  326459.125000  326456.343750
5951  476.699707  326524.500000  326511.343750  326514.062500  326511.281250
5952  476.779816  326579.343750  326566.187500  326568.906250  326566.156250
5953  476.859924  326634.218750  326621.093750  326623.781250  326620.937500
5954  476.940033  326689.062500  326675.937500  326678.593750  326675.812500
5955  477.020111  326743.906250  326730.781250  326733.468750  326730.687500
5956  477.100220  326798.781250  326785.625000  326788.343750  326785.500000
5957  477.180328  326853.625000  326840.531250  326843.187500  326840.312500
5958  477.260437  326908.500000  326895.406250  326898.062500  326895.250000
5959  477.340546  326963.375000  326950.343750  326952.937500  326950.062500
5960  477.420654  327018.312500  327005.218750  327007.812500  327004.937500
5961  477.500763  327073.218750  327060.093750  327062.750000  327059.781250
5962  477.580841  327128.031250  327115.031250  327117.625000  327114.625000
5963  477.660950  327183.000000  327169.875000  327172.531250  327169.406250
5964  477.741058  327237.812500  327224.750000  327227.343750  327224.312500
5965  477.821167  327292.718750  327279.593750  327282.281250  327279.156250
5966  477.901276  327347.625000  327334.437500  327337.156250  327334.000000
5967  477.981384  327402.531250  327389.312500  327392.000000  327388.843750
5968  478.061462  327457.406250  327444.187500  327446.812500  327443.687500
5969  478.141571  327512.218750  327499.031250  327501.625000  327498.500000
5970  478.221680  327567.000000  327553.843750  327556.531250  327553.343750
5971  478.301788  327621.781250  327608.718750  327611.437500  327608.156250
5972  478.381897  327676.593750  327663.593750  327666.343750  327662.937500
5973  478.462006  327731.406250  327718.437500  327721.218750  327717.812500
5974  478.542114  327786.343750  327773.312500  327776.093750  327772.625000
5975  478.622192  327841.156250  327828.125000  327830.968750  327827.437500
5976  478.702301  327896.031250  327883.000000  327885.812500  327882.281250
5977  478.782410  327950.875000  327937.843750  327940.718750  327937.125000
5978  478.862518  328005.718750  327992.687500  327995.687500  327991.968750
5979  478.942627  328060.562500  328047.531250  328050.531250  328046.843750
5980  479.022736  328115.406250  328102.375000  328105.375000  328101.625000
5981  479.102844  328170.218750  328157.218750  328160.187500  328156.531250
5982  479.182922  328225.062500  328212.062500  328215.031250  328211.312500
5983  479.263031  328279.875000  328267.000000  328269.843750  328266.156250
5984  479.343140  328334.781250  328321.875000  328324.687500  328321.000000
5985  479.423248  328389.625000  328376.750000  328379.656250  328375.906250
5986  479.503357  328444.468750  328431.687500  328434.593750  328430.875000
5987  479.583466  328499.312500  328486.562500  328489.468750  328485.750000
5988  479.663574  328554.218750  328541.406250  328544.343750  328540.593750
5989  479.743652  328609.031250  328596.375000  328599.281250  328595.500000
5990  479.823761  328663.906250  328651.156250  328654.125000  328650.281250
5991  479.903870  328718.718750  328706.093750  328709.000000  328705.156250
5992  479.983978  328773.593750  328760.937500  328763.843750  328759.968750
5993  480.064087  328828.437500  328815.812500  328818.656250  328814.750000
5994  480.144196  328883.281250  328870.625000  328873.468750  328869.562500
5995  480.224304  328938.093750  328925.468750  328928.343750  328924.406250
5996  480.304382  328992.937500  328980.343750  328983.187500  328979.250000
5997  480.384491  329047.843750  329035.250000  329038.093750  329034.125000
5998  480.464600  329102.687500  329090.156250  329092.937500  329088.937500
5999  480.544708  329157.500000  329144.968750  329147.812500  329143.812500
6000  480.624817  329212.437500  329199.843750  329202.593750  329198.687500
6001  480.704926  329267.250000  329254.718750  329257.437500  329253.468750
6002  480.785004  329322.187500  329309.625000  329312.281250  329308.281250
6003  480.865112  329377.125000  329364.468750  329367.218750  329363.187500
6004  480.945221  329431.968750  329419.312500  329422.062500  329418.000000
6005  481.025330  329486.812500  329474.125000  329476.906250  329472.843750
6006  481.105438  329541.687500  329529.000000  329531.812500  329527.718750
6007  481.185547  329596.531250  329583.906250  329586.625000  329582.593750
6008  481.265656  329651.437500  329638.750000  329641.406250  329637.500000
6009  481.345734  329706.312500  329693.625000  329696.312500  329692.375000
6010  481.425842  329761.156250  329748.500000  329751.156250  329747.281250
6011  481.505951  329816.031250  329803.312500  329806.000000  329802.093750
6012  481.586060  329870.875000  329858.187500  329860.875000  329857.000000
6013  481.666168  329925.718750  329913.062500  329915.718750  329911.875000
6014  481.746277  329980.656250  329967.968750  329970.593750  329966.625000
6015  481.826385  330035.437500  330022.875000  330025.500000  330021.500000
6016  481.906464  330090.281250  330077.687500  330080.375000  330076.312500
6017  481.986572  330145.062500  330132.625000  330135.187500  330131.125000
6018  482.066681  330200.000000  330187.531250  330190.000000  330185.937500
6019  482.146790  330254.843750  330242.406250  330244.906250  330240.906250
6020  482.226898  330309.687500  330297.281250  330299.781250  330295.781250
6021  482.307007  330364.625000  330352.156250  330354.562500  330350.593750
6022  482.387115  330419.468750  330407.000000  330409.437500  330405.468750
6023  482.467194  330474.312500  330461.875000  330464.312500  330460.312500
6024  482.547302  330529.250000  330516.687500  330519.156250  330515.187500
6025  482.627411  330584.062500  330571.625000  330574.000000  330570.062500
6026  482.707520  330638.937500  330626.500000  330628.875000  330625.000000
6027  482.787628  330693.843750  330681.312500  330683.718750  330679.843750
6028  482.867737  330748.687500  330736.218750  330738.531250  330734.687500
6029  482.947815  330803.562500  330791.062500  330793.375000  330789.500000
6030  483.027924  330858.375000  330845.937500  330848.187500  330844.406250
6031  483.108032  330913.250000  330900.781250  330903.062500  330899.218750
6032  483.188141  330968.156250  330955.718750  330957.937500  330954.125000
6033  483.268250  331023.125000  331010.531250  331012.875000  331009.000000
6034  483.348358  331077.937500  331065.375000  331067.687500  331063.843750
6035  483.428467  331132.781250  331120.187500  331122.531250  331118.656250
6036  483.508545  331187.593750  331175.031250  331177.375000  331173.531250
6037  483.588654  331242.468750  331230.000000  331232.250000  331228.437500
6038  483.668762  331297.281250  331284.812500  331287.062500  331283.375000
6039  483.748871  331352.187500  331339.625000  331341.937500  331338.156250
6040  483.828979  331407.031250  331394.500000  331396.781250  331392.968750
6041  483.909088  331461.875000  331449.406250  331451.750000  331447.906250
6042  483.989197  331516.718750  331504.281250  331506.593750  331502.750000
6043  484.069275  331571.656250  331559.125000  331561.468750  331557.625000
6044  484.149384  331626.531250  331613.937500  331616.312500  331612.437500
6045  484.229492  331681.375000  331668.781250  331671.218750  331667.375000
6046  484.309601  331736.312500  331723.656250  331726.062500  331722.218750
6047  484.389709  331791.218750  331778.468750  331780.906250  331777.031250
6048  484.469818  331846.156250  331833.281250  331835.812500  331831.906250
6049  484.549927  331901.093750  331888.187500  331890.625000  331886.718750
6050  484.630005  331956.031250  331943.062500  331945.562500  331941.625000
6051  484.710114  332010.906250  331997.968750  332000.437500  331996.406250
6052  484.790222  332065.750000  332052.812500  332055.281250  332051.343750
6053  484.870331  332120.562500  332107.718750  332110.093750  332106.312500
6054  484.950439  332175.500000  332162.593750  332165.000000  332161.187500
6055  485.030548  332230.437500  332217.437500  332219.812500  332216.031250
6056  485.110626  332285.312500  332272.343750  332274.656250  332270.968750
6057  485.190735  332340.125000  332327.156250  332329.531250  332325.906250
6058  485.270844  332395.031250  332382.000000  332384.406250  332380.750000
6059  485.350952  332449.906250  332436.875000  332439.312500  332435.562500
6060  485.431061  332504.750000  332491.687500  332494.125000  332490.437500
6061  485.511169  332559.562500  332546.500000  332548.937500  332545.406250
6062  485.591278  332614.500000  332601.281250  332603.750000  332600.343750
6063  485.671356  332669.343750  332656.062500  332658.656250  332655.093750
6064  485.751465  332724.281250  332710.937500  332713.531250  332709.937500
6065  485.831573  332779.125000  332765.843750  332768.375000  332764.750000
6066  485.911682  332834.000000  332820.718750  332823.187500  332819.687500
6067  485.991791  332888.937500  332875.562500  332878.000000  332874.562500
6068  486.071899  332943.781250  332930.406250  332932.875000  332929.375000
6069  486.152008  332998.656250  332985.218750  332987.718750  332984.156250
6070  486.232086  333053.593750  333040.031250  333042.625000  333039.093750
6071  486.312195  333108.406250  333094.875000  333097.593750  333093.906250
6072  486.392303  333163.281250  333149.718750  333152.437500  333148.718750
6073  486.472412  333218.218750  333204.531250  333207.250000  333203.562500
6074  486.552521  333273.093750  333259.406250  333262.156250  333258.406250
6075  486.632629  333327.937500  333314.250000  333317.031250  333313.281250
6076  486.712738  333382.812500  333369.093750  333371.875000  333368.093750
6077  486.792816  333437.562500  333423.968750  333426.750000  333422.968750
6078  486.872925  333492.406250  333478.875000  333481.625000  333477.843750
6079  486.953033  333547.218750  333533.718750  333536.437500  333532.656250
6080  487.033142  333602.218750  333588.531250  333591.281250  333587.468750
6081  487.113251  333657.062500  333643.375000  333646.187500  333642.343750
6082  487.193359  333711.906250  333698.250000  333701.031250  333697.156250
6083  487.273468  333766.875000  333753.156250  333755.875000  333751.968750
6084  487.353546  333821.687500  333808.000000  333810.718750  333806.812500
6085  487.433655  333876.593750  333862.843750  333865.562500  333861.687500
6086  487.513763  333931.437500  333917.687500  333920.343750  333916.562500
6087  487.593872  333986.281250  333972.531250  333975.218750  333971.468750
6088  487.673981  334041.125000  334027.343750  334030.093750  334026.312500
6089  487.754089  334095.968750  334082.125000  334084.906250  334081.156250
6090  487.834167  334150.781250  334137.125000  334139.750000  334136.125000
6091  487.914276  334205.625000  334192.031250  334194.593750  334190.968750
6092  487.994385  334260.531250  334246.812500  334249.343750  334245.812500
6093  488.074493  334315.406250  334301.656250  334304.187500  334300.656250
6094  488.154602  334370.187500  334356.531250  334359.000000  334355.500000
6095  488.234711  334425.000000  334411.375000  334413.937500  334410.281250
6096  488.314819  334479.843750  334466.218750  334468.750000  334465.093750
6097  488.394897  334534.718750  334521.062500  334523.656250  334519.875000
6098  488.475006  334589.562500  334575.968750  334578.531250  334574.718750
6099  488.555115  334644.437500  334630.843750  334633.437500  334629.593750
6100  488.635223  334699.312500  334685.718750  334688.343750  334684.531250
6101  488.715332  334754.156250  334740.562500  334743.093750  334739.343750
6102  488.795441  334809.031250  334795.406250  334797.937500  334794.218750
6103  488.875549  334863.906250  334850.218750  334852.750000  334849.031250
6104  488.955627  334918.843750  334905.062500  334907.562500  334903.937500
6105  489.035736  334973.718750  334959.937500  334962.562500  334958.812500
6106  489.115845  335028.656250  335014.750000  335017.500000  335013.593750
6107  489.195953  335083.500000  335069.656250  335072.312500  335068.406250
6108  489.276062  335138.343750  335124.500000  335127.218750  335123.312500
6109  489.356171  335193.218750  335179.406250  335182.031250  335178.187500
6110  489.436279  335248.156250  335234.281250  335236.781250  335233.125000
6111  489.516357  335302.937500  335289.125000  335291.625000  335287.937500
6112  489.596466  335357.781250  335344.000000  335346.500000  335342.781250
6113  489.676575  335412.625000  335398.843750  335401.312500  335397.593750
6114  489.756683  335467.562500  335453.656250  335456.156250  335452.500000
6115  489.836792  335522.406250  335508.500000  335510.968750  335507.343750
6116  489.916901  335577.343750  335563.343750  335565.781250  335562.187500
6117  489.996979  335632.187500  335618.187500  335620.750000  335616.937500
6118  490.077087  335687.062500  335673.062500  335675.562500  335671.750000
6119  490.157196  335741.875000  335728.000000  335730.406250  335726.625000
6120  490.237305  335796.750000  335782.843750  335785.250000  335781.531250
6121  490.317413  335851.562500  335837.750000  335840.062500  335836.343750
6122  490.397522  335906.437500  335892.593750  335894.906250  335891.187500
6123  490.477631  335961.375000  335947.500000  335949.812500  335946.093750
6124  490.557709  336016.250000  336002.343750  336004.656250  336000.906250
6125  490.637817  336071.218750  336057.250000  336059.562500  336055.750000
6126  490.717926  336126.062500  336112.093750  336114.468750  336110.687500
6127  490.798035  336180.937500  336166.906250  336169.375000  336165.562500
6128  490.878143  336235.718750  336221.781250  336224.125000  336220.406250
6129  490.958252  336290.562500  336276.500000  336279.000000  336275.312500
6130  491.038361  336345.500000  336331.343750  336333.843750  336330.156250
6131  491.118439  336400.375000  336386.156250  336388.656250  336385.031250
6132  491.198547  336455.218750  336441.031250  336443.562500  336439.812500
6133  491.278656  336510.125000  336495.906250  336498.406250  336494.656250
6134  491.358765  336564.968750  336550.781250  336553.312500  336549.437500
6135  491.438873  336619.781250  336605.656250  336608.250000  336604.343750
6136  491.518982  336674.687500  336660.468750  336663.062500  336659.187500
6137  491.599091  336729.593750  336715.312500  336717.937500  336714.093750
6138  491.679169  336784.406250  336770.156250  336772.906250  336768.968750
6139  491.759277  336839.218750  336824.968750  336827.750000  336823.812500
6140  491.839386  336894.187500  336879.812500  336882.625000  336878.656250
6141  491.919495  336949.125000  336934.625000  336937.468750  336933.468750
6142  491.999603  337004.031250  336989.500000  336992.281250  336988.375000
6143  492.079712  337058.968750  337044.343750  337047.156250  337043.218750
6144  492.159790  337113.781250  337099.187500  337102.031250  337098.031250
6145  492.239899  337168.562500  337154.031250  337156.906250  337152.937500
6146  492.320007  337223.375000  337208.906250  337211.750000  337207.781250
6147  492.400116  337278.281250  337263.843750  337266.625000  337262.625000
6148  492.480225  337333.125000  337318.656250  337321.500000  337317.375000
6149  492.560333  337387.937500  337373.593750  337376.343750  337372.250000
6150  492.640442  337442.875000  337428.531250  337431.187500  337427.062500
6151  492.720520  337497.718750  337483.375000  337486.000000  337481.906250
6152  492.800629  337552.593750  337538.281250  337540.937500  337536.843750
6153  492.880737  337607.406250  337593.156250  337595.750000  337591.656250
6154  492.960846  337662.343750  337648.093750  337650.687500  337646.500000
6155  493.040955  337717.312500  337702.937500  337705.500000  337701.375000
6156  493.121063  337772.093750  337757.875000  337760.437500  337756.281250
6157  493.201172  337826.906250  337812.750000  337815.218750  337811.062500
6158  493.281250  337881.718750  337867.625000  337870.156250  337865.968750
6159  493.361359  337936.625000  337922.531250  337925.093750  337920.843750
6160  493.441467  337991.593750  337977.343750  337979.937500  337975.718750
6161  493.521576  338046.406250  338032.218750  338034.843750  338030.593750
6162  493.601685  338101.187500  338087.062500  338089.656250  338085.468750
6163  493.681793  338156.062500  338141.906250  338144.468750  338140.343750
6164  493.761902  338210.906250  338196.812500  338199.312500  338195.218750
6165  493.841980  338265.781250  338251.687500  338254.125000  338250.062500
6166  493.922089  338320.625000  338306.531250  338308.968750  338305.000000
6167  494.002197  338375.468750  338361.437500  338363.843750  338359.812500
6168  494.082306  338430.343750  338416.250000  338418.687500  338414.656250
6169  494.162415  338485.187500  338471.187500  338473.500000  338469.593750
6170  494.242523  338540.062500  338526.000000  338528.406250  338524.406250
6171  494.322632  338594.875000  338580.812500  338583.250000  338579.343750
6172  494.402710  338649.718750  338635.750000  338638.125000  338634.187500
6173  494.482819  338704.593750  338690.562500  338693.000000  338689.125000
6174  494.562927  338759.406250  338745.437500  338747.906250  338744.031250
6175  494.643036  338814.343750  338800.281250  338802.750000  338798.875000
6176  494.723145  338869.281250  338855.187500  338857.593750  338853.750000
6177  494.803253  338924.093750  338910.062500  338912.437500  338908.562500
6178  494.883331  338978.906250  338964.937500  338967.250000  338963.437500
6179  494.963440  339033.750000  339019.781250  339022.031250  339018.281250
6180  495.043549  339088.656250  339074.656250  339076.875000  339073.156250
6181  495.123657  339143.531250  339129.500000  339131.812500  339128.093750
6182  495.203766  339198.437500  339184.312500  339186.625000  339183.000000
6183  495.283875  339253.281250  339239.187500  339241.468750  339237.906250
6184  495.363983  339308.218750  339294.000000  339296.343750  339292.718750
6185  495.444061  339363.062500  339348.937500  339351.250000  339347.562500
6186  495.524170  339417.906250  339403.718750  339406.093750  339402.312500
6187  495.604279  339472.656250  339458.593750  339461.000000  339457.156250
6188  495.684387  339527.500000  339513.468750  339515.781250  339512.093750
6189  495.764496  339582.375000  339568.312500  339570.625000  339566.968750
6190  495.844604  339637.218750  339623.156250  339625.468750  339621.718750
6191  495.924713  339692.156250  339678.062500  339680.312500  339676.500000
6192  496.004791  339747.093750  339732.937500  339735.125000  339731.437500
6193  496.084900  339802.000000  339787.781250  339790.031250  339786.250000
6194  496.165009  339856.843750  339842.593750  339844.875000  339841.031250
6195  496.245117  339911.718750  339897.531250  339899.687500  339896.062500
6196  496.325226  339966.593750  339952.343750  339954.562500  339950.875000
6197  496.405334  340021.593750  340007.156250  340009.343750  340005.812500
6198  496.485443  340076.437500  340062.031250  340064.281250  340060.625000
6199  496.565521  340131.375000  340116.875000  340119.156250  340115.437500
6200  496.645630  340186.187500  340171.750000  340173.968750  340170.343750
6201  496.725739  340241.062500  340226.593750  340228.968750  340225.125000
6202  496.805847  340295.812500  340281.562500  340283.812500  340279.937500
6203  496.885956  340350.687500  340336.437500  340338.656250  340334.781250
6204  496.966064  340405.531250  340391.250000  340393.593750  340389.687500
6205  497.046143  340460.343750  340446.156250  340448.531250  340444.593750
6206  497.126251  340515.250000  340500.968750  340503.437500  340499.406250
6207  497.206360  340570.000000  340555.937500  340558.218750  340554.250000
6208  497.286469  340624.843750  340610.750000  340613.250000  340609.062500
6209  497.366577  340679.718750  340665.625000  340668.093750  340664.062500
6210  497.446686  340734.562500  340720.437500  340722.937500  340718.937500
6211  497.526794  340789.531250  340775.312500  340777.843750  340773.812500
6212  497.606873  340844.406250  340830.218750  340832.687500  340828.781250
6213  497.686981  340899.281250  340885.031250  340887.531250  340883.687500
6214  497.767090  340954.093750  340939.906250  340942.375000  340938.437500
6215  497.847198  341008.937500  340994.750000  340997.218750  340993.312500
6216  497.927307  341063.781250  341049.593750  341052.093750  341048.156250
6217  498.007416  341118.625000  341104.343750  341107.000000  341103.031250
6218  498.087524  341173.468750  341159.281250  341161.843750  341157.968750
6219  498.167603  341228.281250  341214.218750  341216.687500  341212.812500
6220  498.247711  341283.125000  341269.062500  341271.562500  341267.687500
6221  498.327820  341338.062500  341323.937500  341326.500000  341322.500000
6222  498.407928  341392.843750  341378.812500  341381.312500  341377.250000
6223  498.488037  341447.687500  341433.656250  341436.156250  341432.093750
6224  498.568146  341502.500000  341488.531250  341490.968750  341486.968750
6225  498.648254  341557.406250  341543.406250  341545.906250  341542.062500
6226  498.728333  341612.281250  341598.218750  341600.781250  341596.843750
6227  498.808441  341667.125000  341653.062500  341655.625000  341651.656250
6228  498.888550  341721.968750  341708.000000  341710.437500  341706.531250
6229  498.968658  341776.812500  341762.781250  341765.218750  341761.375000
6230  499.048767  341831.656250  341817.687500  341820.093750  341816.343750
6231  499.128876  341886.500000  341872.625000  341874.937500  341871.250000
6232  499.208984  341941.500000  341927.562500  341929.875000  341926.031250
6233  499.289062  341996.343750  341982.375000  341984.656250  341980.843750
6234  499.369171  342051.187500  342037.187500  342039.500000  342035.750000
6235  499.449280  342106.062500  342092.031250  342094.312500  342090.593750
6236  499.529388  342160.906250  342146.937500  342149.156250  342145.468750
6237  499.609497  342215.718750  342201.812500  342204.031250  342200.312500
6238  499.689606  342270.593750  342256.687500  342258.906250  342255.125000
6239  499.769684  342325.437500  342311.562500  342313.781250  342309.906250
6240  499.849792  342380.312500  342366.375000  342368.656250  342364.812500
6241  499.929901  342435.125000  342421.218750  342423.500000  342419.687500
6242  500.010010  342489.968750  342476.093750  342478.312500  342474.531250
6243  500.090118  342544.781250  342530.968750  342533.125000  342529.343750
6244  500.170227  342599.656250  342585.843750  342588.031250  342584.125000
6245  500.250336  342654.500000  342640.718750  342642.968750  342638.937500
6246  500.330414  342709.312500  342695.593750  342697.781250  342693.781250
6247  500.410522  342764.125000  342750.406250  342752.656250  342748.687500
6248  500.490631  342819.000000  342805.312500  342807.500000  342803.500000
6249  500.570740  342873.906250  342860.125000  342862.375000  342858.281250
6250  500.650848  342928.718750  342914.968750  342917.187500  342913.125000
6251  500.730957  342983.531250  342969.843750  342972.062500  342968.031250
6252  500.811066  343038.343750  343024.687500  343026.937500  343022.843750
6253  500.891144  343093.156250  343079.593750  343081.781250  343077.718750
6254  500.971252  343148.031250  343134.468750  343136.656250  343132.468750
6255  501.051361  343202.843750  343189.375000  343191.593750  343187.343750
6256  501.131470  343257.656250  343244.312500  343246.468750  343242.187500
6257  501.211578  343312.500000  343299.125000  343301.343750  343297.000000
6258  501.291687  343367.375000  343353.906250  343356.187500  343351.812500
6259  501.371796  343422.250000  343408.812500  343411.062500  343406.656250
6260  501.451874  343477.250000  343463.750000  343465.906250  343461.593750
6261  501.531982  343532.062500  343518.593750  343520.750000  343516.468750
6262  501.612091  343586.843750  343573.500000  343575.625000  343571.343750
6263  501.692200  343641.656250  343628.343750  343630.468750  343626.187500
6264  501.772308  343696.500000  343683.218750  343685.375000  343681.062500
6265  501.852417  343751.375000  343738.031250  343740.281250  343736.031250
6266  501.932495  343806.218750  343792.937500  343795.156250  343790.875000
6267  502.012604  343861.125000  343847.687500  343850.062500  343845.781250
6268  502.092712  343915.968750  343902.593750  343905.000000  343900.625000
6269  502.172821  343970.812500  343957.437500  343959.781250  343955.437500
6270  502.252930  344025.687500  344012.281250  344014.593750  344010.375000
6271  502.333038  344080.500000  344067.156250  344069.500000  344065.250000
6272  502.413147  344135.406250  344122.062500  344124.437500  344120.031250
6273  502.493225  344190.250000  344176.875000  344179.281250  344174.875000
6274  502.573334  344245.062500  344231.750000  344234.187500  344229.687500
6275  502.653442  344299.875000  344286.593750  344289.000000  344284.468750
6276  502.733551  344354.750000  344341.437500  344343.906250  344339.312500
6277  502.813660  344409.593750  344396.312500  344398.750000  344394.187500
6278  502.893768  344464.468750  344451.093750  344453.593750  344449.031250
6279  502.973877  344519.312500  344505.968750  344508.531250  344503.937500
6280  503.053955  344574.218750  344560.781250  344563.406250  344558.781250
6281  503.134064  344629.093750  344615.656250  344618.281250  344613.625000
6282  503.214172  344684.000000  344670.437500  344673.187500  344668.562500
6283  503.294281  344738.906250  344725.218750  344727.968750  344723.375000
6284  503.374390  344793.750000  344780.062500  344782.875000  344778.187500
6285  503.454498  344848.750000  344834.968750  344837.687500  344833.093750
6286  503.534607  344903.593750  344889.812500  344892.593750  344887.937500
6287  503.614685  344958.500000  344944.687500  344947.468750  344942.781250
6288  503.694794  345013.250000  344999.531250  345002.343750  344997.593750
6289  503.774902  345068.125000  345054.343750  345057.187500  345052.468750
6290  503.855011  345122.937500  345109.218750  345112.031250  345107.281250
6291  503.935120  345177.906250  345164.031250  345166.906250  345162.187500
6292  504.015228  345232.718750  345218.875000  345221.812500  345217.031250
6293  504.095306  345287.718750  345273.906250  345276.687500  345271.968750
6294  504.175415  345342.593750  345328.750000  345331.562500  345326.781250
6295  504.255524  345397.500000  345383.656250  345386.406250  345381.656250
6296  504.335632  345452.437500  345438.500000  345441.218750  345436.531250
6297  504.415741  345507.281250  345493.375000  345496.093750  345491.468750
6298  504.495850  345562.125000  345548.187500  345550.968750  345546.343750
6299  504.575958  345617.093750  345603.031250  345605.968750  345601.187500
6300  504.656036  345671.906250  345657.843750  345660.812500  345656.062500
6301  504.736145  345726.812500  345712.656250  345715.718750  345710.906250
6302  504.816254  345781.593750  345767.562500  345770.593750  345765.718750
6303  504.896362  345836.437500  345822.500000  345825.468750  345820.656250
6304  504.976471  345891.375000  345877.343750  345880.406250  345875.468750
6305  505.056580  345946.187500  345932.187500  345935.218750  345930.343750
6306  505.136688  346001.031250  345987.000000  345990.156250  345985.218750
6307  505.216766  346055.937500  346041.875000  346045.000000  346040.031250
6308  505.296875  346110.750000  346096.718750  346099.875000  346094.875000
6309  505.376984  346165.625000  346151.593750  346154.687500  346149.687500
6310  505.457092  346220.406250  346206.406250  346209.593750  346204.468750
6311  505.537201  346275.250000  346261.281250  346264.437500  346259.312500
6312  505.617310  346330.218750  346316.125000  346319.281250  346314.156250
6313  505.697418  346385.031250  346370.937500  346374.156250  346369.062500
6314  505.777496  346439.906250  346425.875000  346429.000000  346424.000000
6315  505.857605  346494.781250  346480.750000  346483.906250  346478.875000
6316  505.937714  346549.656250  346535.593750  346538.750000  346533.718750
6317  506.017822  346604.468750  346590.468750  346593.593750  346588.531250
6318  506.097931  346659.281250  346645.406250  346648.437500  346643.343750
6319  506.178040  346714.156250  346700.343750  346703.281250  346698.281250
6320  506.258148  346769.000000  346755.250000  346758.218750  346753.187500
6321  506.338226  346823.812500  346810.031250  346813.125000  346807.968750
6322  506.418335  346878.750000  346864.812500  346867.906250  346862.906250
6323  506.498444  346933.625000  346919.687500  346922.718750  346917.750000
6324  506.578552  346988.468750  346974.500000  346977.562500  346972.625000
6325  506.658661  347043.281250  347029.375000  347032.406250  347027.468750
6326  506.738770  347098.125000  347084.250000  347087.343750  347082.281250
6327  506.818848  347152.968750  347139.093750  347142.156250  347137.187500
6328  506.898956  347207.812500  347193.906250  347197.031250  347192.062500
6329  506.979065  347262.656250  347248.750000  347251.812500  347246.937500
6330  507.059174  347317.531250  347303.593750  347306.687500  347301.781250
6331  507.139282  347372.375000  347358.406250  347361.625000  347356.593750
6332  507.219391  347427.281250  347413.343750  347416.468750  347411.375000
6333  507.299500  347482.093750  347468.187500  347471.312500  347466.187500
6334  507.379578  347536.906250  347523.093750  347526.250000  347521.031250
6335  507.459686  347591.812500  347577.906250  347581.125000  347575.906250
6336  507.539795  347646.656250  347632.656250  347635.968750  347630.718750
6337  507.619904  347701.468750  347687.562500  347690.781250  347685.593750
6338  507.700012  347756.343750  347742.500000  347745.687500  347740.531250
6339  507.780121  347811.187500  347797.375000  347800.468750  347795.468750
6340  507.860229  347866.062500  347852.250000  347855.406250  347850.312500
6341  507.940308  347920.906250  347907.093750  347910.250000  347905.218750
6342  508.020416  347975.781250  347961.906250  347965.125000  347960.062500
6343  508.100525  348030.656250  348016.718750  348020.062500  348014.843750
6344  508.180634  348085.531250  348071.625000  348074.875000  348069.718750
6345  508.260742  348140.406250  348126.468750  348129.812500  348124.656250
6346  508.340851  348195.281250  348181.406250  348184.718750  348179.531250
6347  508.420959  348250.125000  348236.281250  348239.593750  348234.406250
6348  508.501038  348305.000000  348291.000000  348294.406250  348289.281250
6349  508.581146  348359.937500  348345.875000  348349.187500  348344.093750
6350  508.661255  348414.781250  348400.687500  348404.000000  348398.937500
6351  508.741364  348469.593750  348455.625000  348458.906250  348453.875000
6352  508.821472  348524.468750  348510.468750  348513.812500  348508.687500
6353  508.901581  348579.406250  348565.343750  348568.656250  348563.531250
6354  508.981659  348634.218750  348620.187500  348623.531250  348618.281250
6355  509.061768  348689.031250  348675.000000  348678.406250  348673.093750
6356  509.141876  348743.875000  348729.906250  348733.281250  348727.906250
6357  509.221985  348798.812500  348784.687500  348788.125000  348782.718750
6358  509.302094  348853.750000  348839.593750  348843.093750  348837.531250
6359  509.382202  348908.625000  348894.468750  348897.906250  348892.343750
6360  509.462311  348963.437500  348949.375000  348952.812500  348947.281250
6361  509.542389  349018.250000  349004.187500  349007.687500  349002.187500
6362  509.622498  349073.093750  349059.093750  349062.625000  349056.968750
6363  509.702606  349127.968750  349113.937500  349117.437500  349111.875000
6364  509.782715  349182.781250  349168.875000  349172.250000  349166.687500
6365  509.862823  349237.687500  349223.750000  349227.093750  349221.500000
6366  509.942932  349292.593750  349278.593750  349282.000000  349276.406250
6367  510.023041  349347.437500  349333.531250  349336.843750  349331.281250
6368  510.103119  349402.406250  349388.437500  349391.750000  349386.156250
6369  510.183228  349457.312500  349443.281250  349446.593750  349441.000000
6370  510.263336  349512.281250  349498.218750  349501.437500  349495.781250
6371  510.343445  349567.093750  349553.031250  349556.312500  349550.718750
6372  510.423553  349622.031250  349607.906250  349611.187500  349605.718750
6373  510.503662  349676.875000  349662.781250  349666.062500  349660.656250
6374  510.583771  349731.656250  349717.656250  349720.937500  349715.593750
6375  510.663849  349786.625000  349772.531250  349775.843750  349770.437500
6376  510.743958  349841.562500  349827.437500  349830.718750  349825.281250
6377  510.824066  349896.500000  349882.312500  349885.593750  349880.218750
6378  510.904175  349951.437500  349937.062500  349940.531250  349935.125000
6379  510.984283  350006.281250  349991.937500  349995.343750  349989.937500
6380  511.064392  350061.125000  350046.843750  350050.187500  350044.812500
6381  511.144470  350116.062500  350101.656250  350105.000000  350099.750000
6382  511.224579  350170.906250  350156.531250  350159.906250  350154.531250
6383  511.304688  350225.781250  350211.343750  350214.812500  350209.406250
6384  511.384796  350280.718750  350266.281250  350269.750000  350264.218750
6385  511.464905  350335.531250  350321.156250  350324.593750  350319.062500
6386  511.545013  350390.375000  350376.062500  350379.406250  350374.062500
6387  511.625122  350445.250000  350430.937500  350434.312500  350428.906250
6388  511.705200  350500.093750  350485.812500  350489.156250  350483.718750
6389  511.785309  350554.875000  350540.625000  350544.062500  350538.562500
6390  511.865417  350609.718750  350595.468750  350599.093750  350593.437500
6391  511.945526  350664.593750  350650.375000  350653.937500  350648.343750
6392  512.025635  350719.437500  350705.187500  350708.718750  350703.156250
6393  512.105713  350774.250000  350760.093750  350763.562500  350757.968750
6394  512.185852  350829.125000  350814.968750  350818.468750  350812.781250
6395  512.265930  350883.968750  350869.843750  350873.312500  350867.687500
6396  512.346069  350938.781250  350924.625000  350928.187500  350922.500000
6397  512.426147  350993.656250  350979.500000  350983.062500  350977.343750
6398  512.506226  351048.500000  351034.343750  351037.906250  351032.156250
6399  512.586365  351103.281250  351089.187500  351092.718750  351086.968750
6400  512.666443  351158.187500  351143.968750  351147.562500  351141.875000
6401  512.746582  351213.031250  351198.812500  351202.437500  351196.687500
6402  512.826660  351267.906250  351253.625000  351257.312500  351251.500000
6403  512.906799  351322.718750  351308.406250  351312.093750  351306.375000
6404  512.986877  351377.562500  351363.312500  351367.031250  351361.343750
6405  513.066956  351432.406250  351418.218750  351421.937500  351416.312500
6406  513.147095  351487.343750  351473.093750  351476.781250  351471.218750
6407  513.227173  351542.218750  351528.000000  351531.656250  351526.125000
6408  513.307312  351597.062500  351582.781250  351586.468750  351580.968750
6409  513.387390  351651.875000  351637.625000  351641.406250  351635.906250
6410  513.467529  351706.781250  351692.500000  351696.250000  351690.875000
6411  513.547607  351761.562500  351747.437500  351751.031250  351745.750000
6412  513.627686  351816.406250  351802.312500  351805.843750  351800.656250
6413  513.707825  351871.250000  351857.125000  351860.656250  351855.531250
6414  513.787903  351926.125000  351911.968750  351915.468750  351910.406250
6415  513.868042  351981.031250  351966.906250  351970.250000  351965.218750
6416  513.948120  352035.843750  352021.781250  352025.156250  352020.000000
6417  514.028259  352090.781250  352076.593750  352079.968750  352074.843750
6418  514.108337  352145.687500  352131.468750  352134.781250  352129.656250
6419  514.188416  352200.500000  352186.312500  352189.687500  352184.437500
6420  514.268555  352255.437500  352241.187500  352244.500000  352239.343750
6421  514.348633  352310.250000  352295.968750  352299.406250  352294.156250
6422  514.428772  352365.093750  352350.812500  352354.250000  352349.125000
6423  514.508850  352419.968750  352405.625000  352409.187500  352403.937500
6424  514.588989  352474.906250  352460.562500  352464.062500  352458.812500
6425  514.669067  352529.750000  352515.593750  352518.906250  352513.687500
6426  514.749146  352584.562500  352570.437500  352573.750000  352568.562500
6427  514.829285  352639.375000  352625.500000  352628.687500  352623.500000
6428  514.909363  352694.218750  352680.312500  352683.625000  352678.312500
6429  514.989502  352749.031250  352735.218750  352738.531250  352733.218750
6430  515.069580  352803.843750  352789.937500  352793.500000  352788.156250
6431  515.149719  352858.656250  352844.843750  352848.312500  352842.968750
6432  515.229797  352913.468750  352899.625000  352903.156250  352897.781250
6433  515.309875  352968.375000  352954.500000  352958.031250  352952.593750
6434  515.390015  353023.281250  353009.406250  353012.968750  353007.437500
6435  515.470093  353078.156250  353064.218750  353067.750000  353062.281250
6436  515.550232  353132.968750  353119.125000  353122.656250  353117.125000
6437  515.630310  353187.875000  353174.031250  353177.500000  353171.968750
6438  515.710449  353242.687500  353228.875000  353232.406250  353226.843750
6439  515.790527  353297.500000  353283.656250  353287.218750  353281.781250
6440  515.870605  353352.375000  353338.562500  353342.187500  353336.656250
6441  515.950745  353407.156250  353393.437500  353396.968750  353391.531250
6442  516.030823  353462.000000  353448.375000  353451.750000  353446.375000
6443  516.110962  353516.968750  353503.187500  353506.656250  353501.125000
6444  516.191040  353571.781250  353558.031250  353561.500000  353556.093750
6445  516.271179  353626.625000  353612.906250  353616.312500  353610.968750
6446  516.351257  353681.437500  353667.781250  353671.250000  353665.843750
6447  516.431335  353736.281250  353722.625000  353726.125000  353720.718750
6448  516.511475  353791.093750  353777.531250  353780.968750  353775.593750
6449  516.591553  353845.968750  353832.312500  353835.875000  353830.531250
6450  516.671692  353900.906250  353887.187500  353890.718750  353885.343750
6451  516.751770  353955.781250  353941.968750  353945.593750  353940.250000
6452  516.831909  354010.656250  353996.781250  354000.406250  353995.187500
6453  516.911987  354065.500000  354051.593750  354055.375000  354050.062500
6454  516.992065  354120.375000  354106.468750  354110.281250  354104.937500
6455  517.072205  354175.312500  354161.312500  354165.156250  354159.875000
6456  517.152283  354230.312500  354216.187500  354220.156250  354214.812500
6457  517.232422  354285.125000  354271.031250  354274.968750  354269.593750
6458  517.312500  354340.062500  354325.843750  354329.781250  354324.437500
6459  517.392578  354395.000000  354380.750000  354384.718750  354379.218750
6460  517.472717  354449.937500  354435.593750  354439.562500  354434.093750
6461  517.552795  354504.812500  354490.468750  354494.437500  354488.937500
6462  517.632935  354559.625000  354545.375000  354549.281250  354543.812500
6463  517.713013  354614.593750  354600.281250  354604.125000  354598.625000
6464  517.793152  354669.406250  354655.125000  354658.968750  354653.437500
6465  517.873230  354724.250000  354709.968750  354713.843750  354708.281250
6466  517.953308  354779.187500  354764.812500  354768.781250  354763.062500
6467  518.033447  354834.125000  354819.687500  354823.531250  354817.906250
6468  518.113525  354889.000000  354874.593750  354878.375000  354872.812500
6469  518.193665  354943.812500  354929.343750  354933.156250  354927.687500
6470  518.273743  354998.718750  354984.218750  354988.062500  354982.625000
6471  518.353882  355053.593750  355039.125000  355042.875000  355037.468750
6472  518.433960  355108.531250  355094.000000  355097.625000  355092.375000
6473  518.514038  355163.531250  355148.875000  355152.468750  355147.093750
6474  518.594177  355218.375000  355203.718750  355207.375000  355201.968750
6475  518.674255  355273.281250  355258.531250  355262.156250  355256.906250
6476  518.754395  355328.093750  355313.406250  355317.031250  355311.781250
6477  518.834473  355382.906250  355368.218750  355371.843750  355366.656250
6478  518.914612  355437.875000  355423.031250  355426.781250  355421.531250
6479  518.994690  355492.750000  355477.937500  355481.562500  355476.375000
6480  519.074768  355547.593750  355532.750000  355536.500000  355531.250000
6481  519.154907  355602.500000  355587.625000  355591.375000  355586.156250
6482  519.234985  355657.437500  355642.468750  355646.187500  355641.093750
6483  519.315125  355712.250000  355697.281250  355701.062500  355695.937500
6484  519.395203  355767.156250  355752.156250  355755.937500  355750.937500
6485  519.475342  355822.000000  355807.062500  355810.781250  355805.812500
6486  519.555420  355876.812500  355862.000000  355865.562500  355860.625000
6487  519.635498  355931.718750  355916.843750  355920.375000  355915.531250
6488  519.715637  355986.531250  355971.718750  355975.250000  355970.437500
6489  519.795715  356041.343750  356026.562500  356030.187500  356025.281250
6490  519.875854  356096.156250  356081.375000  356085.125000  356080.343750
6491  519.955933  356151.031250  356136.218750  356139.968750  356135.250000
6492  520.036072  356205.843750  356191.062500  356194.812500  356190.125000
6493  520.116150  356260.718750  356245.906250  356249.656250  356245.062500
6494  520.196228  356315.656250  356300.781250  356304.531250  356299.843750
6495  520.276367  356370.531250  356355.562500  356359.343750  356354.656250
6496  520.356445  356425.375000  356410.406250  356414.281250  356409.500000
6497  520.436584  356480.156250  356465.250000  356469.062500  356464.312500
6498  520.516663  356534.968750  356520.281250  356523.968750  356519.093750
6499  520.596802  356589.843750  356575.187500  356578.937500  356573.843750
6500  520.676880  356644.656250  356630.031250  356633.718750  356628.718750
6501  520.756958  356699.500000  356684.812500  356688.562500  356683.562500
6502  520.837097  356754.312500  356739.625000  356743.437500  356738.468750
6503  520.917175  356809.250000  356794.531250  356798.281250  356793.375000
6504  520.997314  356864.125000  356849.343750  356853.187500  356848.218750
6505  521.077393  356919.000000  356904.187500  356907.968750  356903.000000
6506  521.157532  356973.875000  356959.093750  356962.906250  356957.843750
6507  521.237610  357028.718750  357013.937500  357017.750000  357012.718750
6508  521.317688  357083.656250  357068.781250  357072.531250  357067.531250
6509  521.397827  357138.593750  357123.531250  357127.437500  357122.343750
6510  521.477905  357193.468750  357178.437500  357182.250000  357177.156250
6511  521.558044  357248.312500  357233.375000  357237.093750  357232.031250
6512  521.638123  357303.156250  357288.281250  357291.968750  357286.843750
6513  521.718201  357358.031250  357343.187500  357346.906250  357341.687500
6514  521.798340  357412.875000  357398.093750  357401.750000  357396.593750
6515  521.878418  357467.750000  357452.968750  357456.531250  357451.406250
6516  521.958557  357522.687500  357507.875000  357511.343750  357506.250000
6517  522.038635  357577.500000  357562.750000  357566.250000  357561.062500
6518  522.118774  357632.312500  357617.625000  357621.187500  357615.937500
6519  522.198853  357687.250000  357672.500000  357675.968750  357670.781250
6520  522.278931  357742.093750  357727.375000  357730.812500  357725.687500
6521  522.359070  357796.875000  357782.218750  357785.593750  357780.500000
6522  522.439148  357851.750000  357837.156250  357840.531250  357835.406250
6523  522.519287  357906.593750  357892.031250  357895.343750  357890.218750
6524  522.599365  357961.437500  357946.906250  357950.125000  357945.031250
6525  522.679504  358016.375000  358001.718750  358004.906250  357999.968750
6526  522.759583  358071.250000  358056.625000  358059.750000  358054.781250
6527  522.839661  358126.156250  358111.437500  358114.718750  358109.656250
6528  522.919800  358181.000000  358166.312500  358169.500000  358164.468750
6529  522.999878  358235.812500  358221.125000  358224.375000  358219.343750
6530  523.080017  358290.656250  358275.968750  358279.218750  358274.250000
6531  523.160095  358345.531250  358330.875000  358334.031250  358329.062500
6532  523.240234  358400.468750  358385.687500  358388.906250  358384.000000
6533  523.320312  358455.281250  358440.500000  358443.781250  358438.875000
6534  523.400391  358510.125000  358495.312500  358498.593750  358493.750000
6535  523.480530  358564.968750  358550.218750  358553.531250  358548.656250
6536  523.560608  358619.937500  358605.062500  358608.437500  358603.468750
6537  523.640747  358674.781250  358659.968750  358663.343750  358658.343750
6538  523.720825  358729.656250  358714.875000  358718.187500  358713.156250
6539  523.800964  358784.437500  358769.656250  358772.968750  358768.031250
6540  523.881042  358839.250000  358824.468750  358827.875000  358822.875000
6541  523.961121  358894.125000  358879.250000  358882.687500  358877.718750
6542  524.041260  358949.031250  358934.031250  358937.531250  358932.625000
6543  524.121338  359003.875000  358988.968750  358992.468750  358987.500000
6544  524.201477  359058.750000  359043.843750  359047.343750  359042.281250
6545  524.281555  359113.656250  359098.718750  359102.187500  359097.156250
6546  524.361694  359168.531250  359153.531250  359157.125000  359151.968750
6547  524.441772  359223.468750  359208.343750  359211.937500  359206.843750
6548  524.521851  359278.375000  359263.156250  359266.812500  359261.750000
6549  524.601990  359333.187500  359318.000000  359321.625000  359316.625000
6550  524.682068  359388.000000  359372.875000  359376.500000  359371.375000
6551  524.762207  359442.875000  359427.718750  359431.343750  359426.218750
6552  524.842285  359497.812500  359482.500000  359486.187500  359481.031250
6553  524.922424  359552.750000  359537.406250  359541.156250  359535.843750
6554  525.002502  359607.593750  359592.218750  359595.937500  359590.750000
6555  525.082581  359662.406250  359647.062500  359650.812500  359645.562500
6556  525.162720  359717.281250  359701.968750  359705.625000  359700.375000
6557  525.242798  359772.218750  359756.781250  359760.468750  359755.218750
6558  525.322937  359827.125000  359811.687500  359815.281250  359810.187500
6559  525.403015  359882.031250  359866.531250  359870.218750  359865.062500
6560  525.483154  359936.843750  359921.437500  359925.093750  359919.875000
6561  525.563232  359991.718750  359976.343750  359979.937500  359974.656250
6562  525.643311  360046.656250  360031.218750  360034.750000  360029.593750
6563  525.723450  360101.531250  360086.000000  360089.625000  360084.500000
6564  525.803528  360156.406250  360140.875000  360144.562500  360139.312500
6565  525.883667  360211.250000  360195.718750  360199.375000  360194.156250
6566  525.963745  360266.156250  360250.625000  360254.218750  360249.031250
6567  526.043884  360321.125000  360305.500000  360309.125000  360303.843750
6568  526.123962  360376.031250  360360.375000  360363.906250  360358.687500
6569  526.204041  360430.937500  360415.218750  360418.843750  360413.593750
6570  526.284180  360485.750000  360470.156250  360473.656250  360468.406250
6571  526.364258  360540.593750  360525.062500  360528.531250  360523.250000
6572  526.444397  360595.468750  360579.968750  360583.375000  360578.187500
6573  526.524475  360650.281250  360634.906250  360638.218750  360633.093750
6574  526.604553  360705.156250  360689.687500  360693.000000  360687.906250
6575  526.684692  360760.000000  360744.562500  360747.812500  360742.812500
6576  526.764771  360814.906250  360799.437500  360802.781250  360797.718750
6577  526.844910  360869.906250  360854.281250  360857.656250  360852.562500
6578  526.924988  360924.750000  360909.187500  360912.468750  360907.343750
6579  527.005127  360979.562500  360964.062500  360967.281250  360962.187500
6580  527.085205  361034.375000  361018.843750  361022.125000  361017.000000
6581  527.165283  361089.375000  361073.718750  361077.031250  361071.875000
6582  527.245422  361144.187500  361128.593750  361131.875000  361126.718750
6583  527.325500  361199.031250  361183.500000  361186.781250  361181.593750
6584  527.405640  361253.906250  361238.375000  361241.656250  361236.406250
6585  527.485718  361308.750000  361293.218750  361296.468750  361291.250000
6586  527.565857  361363.687500  361348.031250  361351.312500  361346.031250
6587  527.645935  361418.593750  361402.875000  361406.218750  361400.843750
6588  527.726013  361473.406250  361457.781250  361461.125000  361455.750000
6589  527.806152  361528.218750  361512.718750  361515.968750  361510.750000
6590  527.886230  361583.062500  361567.468750  361570.812500  361565.562500
6591  527.966370  361637.937500  361622.312500  361625.718750  361620.437500
6592  528.046448  361692.750000  361677.125000  361680.531250  361675.250000
6593  528.126587  361747.562500  361732.000000  361735.437500  361730.156250
6594  528.206665  361802.375000  361786.812500  361790.250000  361784.937500
6595  528.286743  361857.187500  361841.812500  361845.187500  361839.812500
6596  528.366882  361912.062500  361896.625000  361900.031250  361894.687500
6597  528.446960  361966.937500  361951.531250  361954.875000  361949.562500
6598  528.527100  362021.781250  362006.406250  362009.750000  362004.500000
6599  528.607178  362076.625000  362061.218750  362064.625000  362059.375000
6600  528.687317  362131.437500  362116.031250  362119.375000  362114.187500
6601  528.767395  362186.312500  362170.812500  362174.312500  362169.031250
6602  528.847473  362241.156250  362225.687500  362229.156250  362223.906250
6603  528.927612  362296.062500  362280.562500  362284.000000  362278.781250
6604  529.007690  362350.875000  362335.406250  362338.781250  362333.625000
6605  529.087830  362405.687500  362390.312500  362393.562500  362388.562500
6606  529.167908  362460.593750  362445.156250  362448.406250  362443.375000
6607  529.248047  362515.531250  362499.968750  362503.281250  362498.250000
6608  529.328125  362570.468750  362554.843750  362558.093750  362553.156250
6609  529.408203  362625.343750  362609.750000  362612.937500  362608.093750
6610  529.488342  362680.156250  362664.687500  362667.843750  362662.906250
6611  529.568420  362735.000000  362719.500000  362722.656250  362717.781250
6612  529.648560  362789.843750  362774.343750  362777.562500  362772.656250
6613  529.728638  362844.750000  362829.250000  362832.312500  362827.531250
6614  529.808777  362899.687500  362884.093750  362887.187500  362882.343750
6615  529.888855  362954.531250  362938.968750  362942.125000  362937.125000
6616  529.968933  363009.375000  362993.812500  362996.937500  362991.968750
6617  530.049072  363064.250000  363048.750000  363051.843750  363046.656250
6618  530.129150  363119.156250  363103.656250  363106.656250  363101.593750
6619  530.209290  363174.000000  363158.500000  363161.500000  363156.531250
6620  530.289368  363228.906250  363213.312500  363216.375000  363211.406250
6621  530.369507  363283.750000  363268.218750  363271.218750  363266.218750
6622  530.449585  363338.656250  363323.125000  363326.062500  363321.187500
6623  530.529663  363393.468750  363378.062500  363380.843750  363376.062500
6624  530.609802  363448.375000  363432.906250  363435.656250  363430.906250
6625  530.689880  363503.218750  363487.812500  363490.500000  363485.718750
6626  530.770020  363558.125000  363542.625000  363545.343750  363540.656250
6627  530.850098  363612.937500  363597.625000  363600.187500  363595.437500
6628  530.930237  363667.843750  363652.468750  363655.062500  363650.281250
6629  531.010315  363722.781250  363707.343750  363709.843750  363705.062500
6630  531.090393  363777.593750  363762.156250  363764.687500  363760.000000
6631  531.170532  363832.437500  363817.031250  363819.562500  363814.781250
6632  531.250610  363887.343750  363871.875000  363874.500000  363869.593750
6633  531.330750  363942.187500  363926.687500  363929.218750  363924.531250
6634  531.410828  363997.062500  363981.562500  363984.125000  363979.406250
6635  531.490906  364051.875000  364036.406250  364038.968750  364034.250000
6636  531.571045  364106.843750  364091.281250  364093.906250  364089.062500
6637  531.651123  364161.656250  364146.125000  364148.781250  364143.937500
6638  531.731262  364216.531250  364200.968750  364203.718750  364198.750000
6639  531.811340  364271.468750  364255.812500  364258.531250  364253.562500
6640  531.891479  364326.312500  364310.781250  364313.343750  364308.406250
6641  531.971558  364381.156250  364365.750000  364368.250000  364363.312500
6642  532.051636  364436.093750  364420.562500  364423.093750  364418.218750
6643  532.131775  364491.000000  364475.437500  364478.031250  364473.093750
6644  532.211853  364545.937500  364530.312500  364532.875000  364528.000000
6645  532.291992  364600.781250  364585.125000  364587.812500  364582.781250
6646  532.372070  364655.625000  364640.062500  364642.625000  364637.593750
6647  532.452209  364710.437500  364694.937500  364697.562500  364692.500000
6648  532.532288  364765.312500  364749.750000  364752.500000  364747.437500
6649  532.612366  364820.218750  364804.656250  364807.406250  364802.250000
6650  532.692505  364875.125000  364859.437500  364862.281250  364857.093750
6651  532.772583  364929.906250  364914.281250  364917.125000  364911.906250
6652  532.852722  364984.750000  364969.093750  364971.968750  364966.906250
6653  532.932800  365039.718750  365024.000000  365026.875000  365021.656250
6654  533.012939  365094.593750  365078.843750  365081.718750  365076.531250
6655  533.093018  365149.437500  365133.718750  365136.593750  365131.343750
6656  533.173096  365204.375000  365188.531250  365191.406250  365186.250000
6657  533.253235  365259.187500  365243.375000  365246.312500  365241.062500
6658  533.333313  365314.125000  365298.187500  365301.187500  365295.875000
6659  533.413452  365369.031250  365353.062500  365356.062500  365350.687500
6660  533.493530  365423.875000  365407.906250  365410.875000  365405.500000
6661  533.573669  365478.718750  365462.781250  365465.781250  365460.312500
6662  533.653748  365533.531250  365517.656250  365520.593750  365515.187500
6663  533.733826  365588.406250  365572.562500  365575.468750  365570.000000
6664  533.813965  365643.343750  365627.468750  365630.406250  365624.812500
6665  533.894043  365698.281250  365682.437500  365685.250000  365679.718750
6666  533.974182  365753.093750  365737.250000  365740.187500  365734.593750
6667  534.054260  365807.937500  365792.031250  365795.031250  365789.531250
6668  534.134399  365862.781250  365846.968750  365849.875000  365844.468750
6669  534.214478  365917.593750  365901.875000  365904.750000  365899.375000
6670  534.294556  365972.406250  365956.718750  365959.656250  365954.312500
6671  534.374695  366027.218750  366011.562500  366014.468750  366009.187500
6672  534.454773  366082.062500  366066.406250  366069.312500  366063.937500
6673  534.534912  366137.031250  366121.218750  366124.125000  366118.812500
6674  534.614990  366191.875000  366176.093750  366179.000000  366173.750000
6675  534.695129  366246.843750  366230.968750  366233.875000  366228.593750
6676  534.775208  366301.750000  366285.812500  366288.781250  366283.500000
6677  534.855286  366356.625000  366340.625000  366343.593750  366338.468750
6678  534.935425  366411.562500  366395.437500  366398.468750  366393.250000
6679  535.015503  366466.375000  366450.312500  366453.343750  366448.187500
6680  535.095642  366521.218750  366505.312500  366508.218750  366503.000000
6681  535.175720  366576.062500  366560.187500  366563.031250  366557.781250
6682  535.255859  366630.937500  366615.093750  366617.968750  366612.593750
6683  535.335938  366685.843750  366669.937500  366672.812500  366667.437500
6684  535.416016  366740.781250  366724.843750  366727.718750  366722.187500
6685  535.496155  366795.718750  366779.718750  366782.531250  366777.093750
6686  535.576233  366850.531250  366834.593750  366837.375000  366831.906250
6687  535.656372  366905.468750  366889.437500  366892.281250  366886.718750
6688  535.736450  366960.343750  366944.250000  366947.156250  366941.531250
6689  535.816589  367015.187500  366999.031250  367002.031250  366996.281250
6690  535.896667  367070.156250  367053.843750  367056.937500  367051.156250
6691  535.976746  367125.093750  367108.750000  367111.750000  367106.062500
6692  536.056885  367179.968750  367163.687500  367166.656250  367160.937500
6693  536.136963  367234.968750  367218.593750  367221.500000  367215.812500
6694  536.217102  367289.843750  367273.406250  367276.281250  367270.687500
6695  536.297180  367344.687500  367328.218750  367331.187500  367325.437500
6696  536.377258  367399.531250  367383.187500  367386.062500  367380.312500
6697  536.457397  367454.343750  367438.093750  367440.937500  367435.218750
6698  536.537476  367509.187500  367492.906250  367495.781250  367490.031250
6699  536.617615  367564.125000  367547.687500  367550.593750  367544.906250
6700  536.697693  367619.000000  367602.625000  367605.593750  367599.750000
6701  536.777832  367673.781250  367657.437500  367660.468750  367654.593750
6702  536.857910  367728.625000  367712.375000  367715.343750  367709.406250
6703  536.937988  367783.562500  367767.281250  367770.187500  367764.281250
6704  537.018127  367838.437500  367822.093750  367825.062500  367819.093750
6705  537.098206  367893.187500  367876.968750  367880.031250  367873.906250
6706  537.178345  367948.187500  367931.812500  367934.875000  367928.781250
6707  537.258423  368003.000000  367986.625000  367989.687500  367983.687500
6708  537.338562  368057.968750  368041.468750  368044.562500  368038.593750
6709  537.418640  368112.812500  368096.343750  368099.437500  368093.375000
6710  537.498718  368167.562500  368151.187500  368154.312500  368148.187500
6711  537.578857  368222.406250  368206.031250  368209.156250  368203.031250
6712  537.658936  368277.281250  368260.875000  368264.031250  368257.843750
6713  537.739075  368332.093750  368315.781250  368318.812500  368312.718750
6714  537.819153  368386.937500  368370.656250  368373.625000  368367.625000
6715  537.899292  368441.781250  368425.500000  368428.468750  368422.468750
6716  537.979370  368496.593750  368480.406250  368483.343750  368477.281250
6717  538.059448  368551.468750  368535.218750  368538.218750  368532.093750
6718  538.139587  368606.406250  368590.156250  368593.125000  368587.000000
6719  538.219666  368661.187500  368645.062500  368647.968750  368641.906250
6720  538.299805  368716.093750  368699.875000  368702.906250  368696.750000
6721  538.379883  368770.937500  368754.687500  368757.812500  368751.562500
6722  538.460022  368825.875000  368809.593750  368812.625000  368806.375000
6723  538.540100  368880.781250  368864.468750  368867.437500  368861.250000
6724  538.620178  368935.718750  368919.406250  368922.375000  368916.093750
6725  538.700317  368990.656250  368974.250000  368977.250000  368970.906250
6726  538.780396  369045.437500  369029.062500  369032.125000  369025.718750
6727  538.860535  369100.312500  369083.906250  369087.000000  369080.593750
6728  538.940613  369155.218750  369138.781250  369141.781250  369135.406250
6729  539.020752  369210.156250  369193.593750  369196.625000  369190.218750
6730  539.100830  369265.093750  369248.531250  369251.562500  369245.062500
6731  539.180908  369319.906250  369303.375000  369306.375000  369299.937500
6732  539.261047  369374.687500  369358.281250  369361.312500  369354.843750
6733  539.341125  369429.625000  369413.125000  369416.218750  369409.687500
6734  539.421265  369484.437500  369468.031250  369471.062500  369464.531250
6735  539.501343  369539.375000  369522.937500  369525.843750  369519.593750
6736  539.581482  369594.250000  369577.750000  369580.718750  369574.406250
6737  539.661560  369649.093750  369632.593750  369635.562500  369629.281250
6738  539.741638  369703.937500  369687.500000  369690.468750  369684.125000
6739  539.821777  369758.812500  369742.312500  369745.406250  369739.000000
6740  539.901855  369813.625000  369797.156250  369800.281250  369793.875000
6741  539.981995  369868.468750  369852.031250  369855.218750  369848.625000
6742  540.062073  369923.250000  369906.875000  369909.968750  369903.437500
6743  540.142212  369978.250000  369961.656250  369964.906250  369958.250000
6744  540.222290  370033.093750  370016.500000  370019.812500  370013.125000
6745  540.302368  370088.000000  370071.375000  370074.656250  370067.937500
6746  540.382507  370142.843750  370126.218750  370129.468750  370122.875000
6747  540.462585  370197.656250  370181.093750  370184.375000  370177.687500
6748  540.542725  370252.531250  370235.906250  370239.218750  370232.531250
6749  540.622803  370307.375000  370290.718750  370294.031250  370287.437500
6750  540.702881  370362.343750  370345.531250  370348.843750  370342.281250
6751  540.783020  370417.218750  370400.343750  370403.750000  370397.156250
6752  540.863098  370472.062500  370455.343750  370458.656250  370452.031250
6753  540.943237  370526.937500  370510.156250  370513.468750  370506.812500
6754  541.023315  370581.781250  370564.937500  370568.375000  370561.750000
6755  541.103455  370636.718750  370619.812500  370623.218750  370616.625000
6756  541.183533  370691.531250  370674.687500  370678.031250  370671.437500
6757  541.263611  370746.343750  370729.406250  370732.843750  370726.343750
6758  541.343750  370801.312500  370784.312500  370787.687500  370781.187500
6759  541.423828  370856.156250  370839.093750  370842.500000  370836.000000
6760  541.503967  370911.000000  370894.062500  370897.312500  370890.937500
6761  541.584045  370965.843750  370948.906250  370952.156250  370945.781250
6762  541.664185  371020.718750  371003.750000  371006.968750  371000.625000
6763  541.744263  371075.687500  371058.687500  371061.843750  371055.500000
6764  541.824341  371130.625000  371113.562500  371116.781250  371110.375000
6765  541.904480  371185.437500  371168.437500  371171.656250  371165.218750
6766  541.984558  371240.343750  371223.281250  371226.593750  371220.125000
6767  542.064697  371295.156250  371278.093750  371281.468750  371274.906250
6768  542.144775  371350.000000  371332.875000  371336.375000  371329.687500
6769  542.224915  371404.875000  371387.781250  371391.218750  371384.437500
6770  542.304993  371459.718750  371442.593750  371446.125000  371439.218750
6771  542.385071  371514.625000  371497.437500  371500.968750  371494.125000
6772  542.465210  371569.437500  371552.312500  371555.812500  371548.937500
6773  542.545288  371624.250000  371607.125000  371610.687500  371603.781250
6774  542.625427  371679.125000  371661.968750  371665.593750  371658.656250
6775  542.705505  371733.968750  371716.875000  371720.468750  371713.437500
6776  542.785645  371788.875000  371771.687500  371775.343750  371768.281250
6777  542.865723  371843.812500  371826.625000  371830.312500  371823.187500
6778  542.945801  371898.625000  371881.437500  371885.125000  371877.968750
6779  543.025940  371953.437500  371936.312500  371940.031250  371932.812500
6780  543.106018  372008.343750  371991.187500  371994.843750  371987.625000
6781  543.186157  372063.187500  372046.062500  372049.687500  372042.531250
6782  543.266235  372118.000000  372100.875000  372104.562500  372097.343750
6783  543.346375  372172.875000  372155.718750  372159.375000  372152.250000
6784  543.426453  372227.718750  372210.531250  372214.218750  372207.093750
6785  543.506531  372282.656250  372265.375000  372269.093750  372261.906250
6786  543.586670  372337.468750  372320.250000  372323.937500  372316.625000
6787  543.666748  372392.343750  372375.125000  372378.843750  372371.468750
6788  543.746887  372447.156250  372430.000000  372433.781250  372426.312500
6789  543.826965  372501.968750  372484.875000  372488.625000  372481.218750
6790  543.907104  372556.781250  372539.656250  372543.531250  372536.156250
6791  543.987183  372611.562500  372594.500000  372598.375000  372590.968750
6792  544.067261  372666.500000  372649.406250  372653.281250  372645.843750
6793  544.147400  372721.312500  372704.250000  372708.125000  372700.812500
6794  544.227478  372776.156250  372759.156250  372762.968750  372755.625000
6795  544.307617  372831.031250  372813.937500  372817.718750  372810.531250
6796  544.387695  372885.906250  372868.812500  372872.562500  372865.406250
6797  544.467834  372940.750000  372923.656250  372927.406250  372920.281250
6798  544.547913  372995.593750  372978.625000  372982.218750  372975.062500
6799  544.627991  373050.375000  373033.468750  373037.125000  373029.843750
6800  544.708130  373105.156250  373088.500000  373091.937500  373084.687500
6801  544.788208  373160.000000  373143.437500  373146.781250  373139.500000
6802  544.868347  373214.937500  373198.250000  373201.531250  373194.375000
6803  544.948425  373269.718750  373253.031250  373256.375000  373249.187500
6804  545.028564  373324.656250  373307.843750  373311.281250  373304.062500
6805  545.108643  373379.593750  373362.656250  373366.125000  373358.937500
6806  545.188721  373434.406250  373417.562500  373421.000000  373413.718750
6807  545.268860  373489.312500  373472.312500  373475.812500  373468.562500
6808  545.348938  373544.187500  373527.218750  373530.625000  373523.500000
6809  545.429077  373599.062500  373582.031250  373585.531250  373578.343750
6810  545.509155  373653.906250  373636.812500  373640.406250  373633.250000
6811  545.589233  373708.843750  373691.718750  373695.250000  373688.062500
6812  545.669373  373763.656250  373746.625000  373750.000000  373742.968750
6813  545.749451  373818.562500  373801.468750  373804.937500  373797.875000
6814  545.829590  373873.468750  373856.375000  373859.687500  373852.718750
6815  545.909668  373928.406250  373911.187500  373914.531250  373907.562500
6816  545.989807  373983.218750  373966.031250  373969.375000  373962.343750
6817  546.069885  374038.031250  374020.843750  374024.218750  374017.218750
6818  546.149963  374093.000000  374075.625000  374079.156250  374072.062500
6819  546.230103  374147.906250  374130.500000  374133.937500  374126.937500
6820  546.310181  374202.812500  374185.250000  374188.750000  374181.812500
6821  546.390320  374257.625000  374240.156250  374243.656250  374236.718750
6822  546.470398  374312.406250  374294.968750  374298.500000  374291.562500
6823  546.550537  374367.218750  374349.843750  374353.406250  374346.406250
6824  546.630615  374422.187500  374404.687500  374408.218750  374401.218750
6825  546.710693  374477.156250  374459.500000  374463.125000  374456.187500
6826  546.790833  374531.937500  374514.312500  374517.968750  374511.000000
6827  546.870911  374586.906250  374569.218750  374572.812500  374565.781250
6828  546.951050  374641.781250  374624.000000  374627.656250  374620.593750
6829  547.031128  374696.687500  374678.843750  374682.468750  374675.437500
6830  547.111267  374751.531250  374733.718750  374737.343750  374730.343750
6831  547.191345  374806.375000  374788.562500  374792.281250  374785.250000
6832  547.271423  374861.250000  374843.343750  374847.093750  374840.187500
6833  547.351562  374916.156250  374898.125000  374902.000000  374894.968750
6834  547.431641  374971.031250  374953.031250  374956.875000  374949.906250
6835  547.511780  375025.843750  375007.906250  375011.718750  375004.781250
6836  547.591858  375080.843750  375062.781250  375066.687500  375059.781250
6837  547.671997  375135.687500  375117.625000  375121.562500  375114.593750
6838  547.752075  375190.656250  375172.437500  375176.406250  375169.468750
6839  547.832153  375245.531250  375227.312500  375231.281250  375224.406250
6840  547.912292  375300.500000  375282.156250  375286.093750  375279.187500
6841  547.992371  375355.437500  375336.968750  375341.062500  375334.000000
6842  548.072510  375410.343750  375391.875000  375395.875000  375388.906250
6843  548.152588  375465.281250  375446.718750  375450.656250  375443.781250
6844  548.232727  375520.125000  375501.593750  375505.562500  375498.625000
6845  548.312805  375574.937500  375556.437500  375560.406250  375553.406250
6846  548.392883  375629.812500  375611.250000  375615.218750  375608.343750
6847  548.473022  375684.656250  375666.125000  375669.968750  375663.281250
6848  548.553101  375739.500000  375720.937500  375724.843750  375718.125000
6849  548.633240  375794.281250  375775.781250  375779.781250  375773.000000
6850  548.713318  375849.218750  375830.656250  375834.687500  375827.843750
6851  548.793457  375904.093750  375885.468750  375889.593750  375882.656250
6852  548.873535  375958.937500  375940.312500  375944.406250  375937.562500
6853  548.953613  376013.750000  375995.187500  375999.218750  375992.375000
6854  549.033752  376068.687500  376050.031250  376054.031250  376047.218750
6855  549.113831  376123.593750  376104.875000  376108.843750  376102.031250
6856  549.193970  376178.531250  376159.781250  376163.718750  376156.906250
6857  549.274048  376233.500000  376214.656250  376218.531250  376211.843750
6858  549.354187  376288.437500  376269.531250  376273.468750  376266.750000
6859  549.434265  376343.343750  376324.343750  376328.312500  376321.562500
6860  549.514343  376398.156250  376379.218750  376383.187500  376376.406250
6861  549.594482  376452.968750  376434.187500  376437.968750  376431.218750
6862  549.674561  376507.812500  376489.062500  376492.781250  376486.093750
6863  549.754700  376562.875000  376543.968750  376547.656250  376540.875000
6864  549.834778  376617.750000  376598.843750  376602.406250  376595.718750
6865  549.914917  376672.562500  376653.687500  376657.375000  376650.656250
6866  549.994995  376727.500000  376708.500000  376712.250000  376705.500000
6867  550.075073  376782.437500  376763.500000  376767.062500  376760.312500
6868  550.155212  376837.281250  376818.343750  376821.843750  376815.156250
6869  550.235291  376892.156250  376873.218750  376876.718750  376869.906250
6870  550.315430  376947.093750  376928.062500  376931.531250  376924.781250
6871  550.395508  377001.906250  376982.875000  376986.312500  376979.687500
6872  550.475586  377056.843750  377037.718750  377041.093750  377034.562500
6873  550.555725  377111.781250  377092.593750  377095.906250  377089.437500
6874  550.635803  377166.625000  377147.437500  377150.812500  377144.312500
6875  550.715942  377221.406250  377202.375000  377205.718750  377199.093750
6876  550.796021  377276.218750  377257.250000  377260.562500  377253.968750
6877  550.876160  377331.062500  377312.125000  377315.375000  377308.812500
6878  550.956238  377385.906250  377367.062500  377370.187500  377363.625000
6879  551.036316  377440.781250  377421.968750  377425.187500  377418.500000
6880  551.116455  377495.562500  377476.781250  377480.000000  377473.343750
6881  551.196533  377550.468750  377531.593750  377534.843750  377528.250000
6882  551.276672  377605.312500  377586.500000  377589.718750  377583.031250
6883  551.356750  377660.125000  377641.312500  377644.468750  377637.906250
6884  551.436890  377715.062500  377696.125000  377699.343750  377692.781250
6885  551.516968  377769.937500  377751.031250  377754.187500  377747.781250
6886  551.597046  377824.750000  377805.937500  377809.093750  377802.562500
6887  551.677185  377879.812500  377860.781250  377864.000000  377857.406250
6888  551.757263  377934.625000  377915.687500  377918.843750  377912.281250
6889  551.837402  377989.468750  377970.500000  377973.656250  377967.125000
6890  551.917480  378044.281250  378025.312500  378028.531250  378021.875000
6891  551.997620  378099.062500  378080.187500  378083.468750  378076.781250
6892  552.077698  378153.968750  378135.062500  378138.343750  378131.656250
6893  552.157776  378208.781250  378189.968750  378193.250000  378186.531250
6894  552.237915  378263.593750  378244.875000  378248.156250  378241.406250
6895  552.317993  378318.468750  378299.718750  378303.000000  378296.312500
6896  552.398132  378373.312500  378354.562500  378357.812500  378351.093750
6897  552.478210  378428.125000  378409.437500  378412.687500  378405.937500
6898  552.558350  378483.093750  378464.281250  378467.531250  378460.812500
6899  552.638428  378538.000000  378519.062500  378522.343750  378515.625000
6900  552.718506  378592.906250  378573.937500  378577.218750  378570.406250
6901  552.798645  378647.750000  378628.687500  378632.031250  378625.218750
6902  552.878723  378702.625000  378683.593750  378686.843750  378680.125000
6903  552.958862  378757.468750  378738.500000  378741.656250  378735.000000
6904  553.038940  378812.281250  378793.343750  378796.500000  378789.812500
6905  553.119080  378867.093750  378848.156250  378851.375000  378844.812500
6906  553.199158  378922.000000  378903.093750  378906.218750  378899.656250
6907  553.279236  378976.812500  378957.968750  378961.031250  378954.468750
6908  553.359375  379031.687500  379012.843750  379015.937500  379009.406250
6909  553.439453  379086.656250  379067.750000  379070.781250  379064.187500
6910  553.519592  379141.500000  379122.687500  379125.562500  379119.000000
6911  553.599670  379196.406250  379177.531250  379180.343750  379173.875000
6912  553.679810  379251.250000  379232.406250  379235.218750  379228.718750
6913  553.759888  379306.156250  379287.250000  379289.968750  379283.562500
6914  553.839966  379361.031250  379342.125000  379344.875000  379338.468750
6915  553.920105  379415.875000  379397.000000  379399.750000  379393.281250
6916  554.000183  379470.718750  379451.875000  379454.625000  379448.062500
6917  554.080322  379525.593750  379506.687500  379509.437500  379503.093750
6918  554.160400  379580.437500  379561.625000  379564.312500  379557.875000
6919  554.240540  379635.250000  379616.375000  379619.125000  379612.687500
6920  554.320618  379690.062500  379671.187500  379673.937500  379667.562500
6921  554.400696  379745.000000  379726.000000  379728.875000  379722.375000
6922  554.480835  379799.781250  379780.843750  379783.718750  379777.218750
6923  554.560913  379854.562500  379835.750000  379838.625000  379832.031250
6924  554.641052  379909.500000  379890.593750  379893.531250  379886.906250
6925  554.721130  379964.406250  379945.500000  379948.375000  379941.812500
6926  554.801208  380019.218750  380000.343750  380003.156250  379996.625000
6927  554.881348  380074.031250  380055.343750  380058.031250  380051.406250
6928  554.961426  380128.875000  380110.218750  380112.906250  380106.218750
6929  555.041565  380183.812500  380165.093750  380167.812500  380161.000000
6930  555.121643  380238.656250  380219.875000  380222.656250  380215.875000
6931  555.201782  380293.500000  380274.687500  380277.531250  380270.843750
6932  555.281860  380348.343750  380329.531250  380332.343750  380325.687500
6933  555.361938  380403.281250  380384.437500  380387.250000  380380.562500
6934  555.442078  380458.156250  380439.343750  380442.187500  380435.500000
6935  555.522156  380512.968750  380494.312500  380497.000000  380490.343750
6936  555.602295  380567.906250  380549.156250  380551.875000  380545.156250
6937  555.682373  380622.750000  380603.968750  380606.781250  380600.093750
6938  555.762512  380677.625000  380658.875000  380661.656250  380655.000000
6939  555.842590  380732.437500  380713.750000  380716.468750  380709.812500
6940  555.922668  380787.375000  380768.500000  380771.312500  380764.718750
6941  556.002808  380842.312500  380823.312500  380826.093750  380819.593750
6942  556.082886  380897.156250  380878.187500  380881.000000  380874.406250
6943  556.163025  380952.031250  380933.125000  380935.812500  380929.437500
6944  556.243103  381007.000000  380988.031250  380990.687500  380984.218750
6945  556.323242  381061.937500  381042.875000  381045.562500  381039.031250
6946  556.403320  381116.781250  381097.718750  381100.375000  381093.843750
6947  556.483398  381171.656250  381152.562500  381155.156250  381148.781250
6948  556.563538  381226.500000  381207.500000  381209.968750  381203.687500
6949  556.643616  381281.375000  381262.343750  381264.812500  381258.531250
6950  556.723755  381336.250000  381317.187500  381319.750000  381313.562500
6951  556.803833  381391.250000  381372.000000  381374.562500  381368.343750
6952  556.883972  381446.000000  381426.875000  381429.468750  381423.281250
6953  556.964050  381500.906250  381481.843750  381484.250000  381478.156250
6954  557.044128  381555.843750  381536.718750  381539.062500  381532.906250
6955  557.124268  381610.687500  381591.562500  381593.875000  381587.875000
6956  557.204346  381665.562500  381646.468750  381648.656250  381642.687500
6957  557.284485  381720.343750  381701.250000  381703.531250  381697.562500
6958  557.364563  381775.187500  381756.125000  381758.500000  381752.531250
6959  557.444702  381830.062500  381811.031250  381813.281250  381807.437500
6960  557.524780  381884.937500  381865.843750  381868.156250  381862.250000
6961  557.604858  381939.812500  381920.656250  381923.093750  381917.093750
6962  557.684998  381994.687500  381975.531250  381977.906250  381971.968750
6963  557.765076  382049.531250  382030.406250  382032.781250  382026.781250
6964  557.845215  382104.406250  382085.281250  382087.625000  382081.656250
6965  557.925293  382159.343750  382140.156250  382142.531250  382136.500000
6966  558.005432  382214.218750  382195.218750  382197.343750  382191.468750
6967  558.085510  382269.187500  382250.000000  382252.250000  382246.281250
6968  558.165588  382324.031250  382304.812500  382307.062500  382301.125000
6969  558.245728  382378.906250  382359.687500  382361.968750  382356.062500
6970  558.325806  382433.875000  382414.500000  382416.812500  382410.968750
6971  558.405945  382488.781250  382469.437500  382471.781250  382465.812500
6972  558.486023  382543.625000  382524.312500  382526.562500  382520.718750
6973  558.566162  382598.437500  382579.187500  382581.437500  382575.593750
6974  558.646240  382653.343750  382633.906250  382636.250000  382630.562500
6975  558.726318  382708.156250  382688.812500  382691.187500  382685.343750
6976  558.806458  382763.062500  382743.718750  382746.031250  382740.187500
6977  558.886536  382817.875000  382798.531250  382800.906250  382795.125000
6978  558.966675  382872.812500  382853.375000  382855.718750  382850.031250
6979  559.046753  382927.718750  382908.218750  382910.562500  382904.906250
6980  559.126892  382982.562500  382963.031250  382965.375000  382959.781250
6981  559.206970  383037.468750  383017.875000  383020.312500  383014.593750
6982  559.287048  383092.343750  383072.812500  383075.187500  383069.406250
6983  559.367188  383147.250000  383127.593750  383130.000000  383124.437500
6984  559.447266  383202.093750  383182.437500  383184.812500  383179.281250
6985  559.527405  383256.937500  383237.250000  383239.656250  383234.093750
6986  559.607483  383311.875000  383292.125000  383294.468750  383288.875000
6987  559.687561  383366.687500  383346.968750  383349.406250  383343.812500
6988  559.767700  383421.531250  383401.781250  383404.406250  383398.656250
6989  559.847778  383476.437500  383456.718750  383459.218750  383453.593750
6990  559.927917  383531.281250  383511.593750  383514.031250  383508.312500
6991  560.007996  383586.156250  383566.406250  383568.937500  383563.187500
6992  560.088135  383641.031250  383621.312500  383623.781250  383618.031250
6993  560.168213  383695.906250  383676.156250  383678.718750  383672.906250
6994  560.248291  383750.750000  383731.062500  383733.531250  383727.718750
6995  560.328430  383805.562500  383785.937500  383788.406250  383782.562500
6996  560.408508  383860.593750  383840.937500  383843.281250  383837.406250
6997  560.488647  383915.500000  383895.718750  383898.156250  383892.250000
6998  560.568726  383970.312500  383950.562500  383953.125000  383947.062500
6999  560.648865  384025.125000  384005.406250  384007.937500  384001.937500
7000  560.728943  384079.937500  384060.281250  384062.750000  384056.750000
7001  560.809021  384134.750000  384115.093750  384117.562500  384111.687500
7002  560.889160  384189.593750  384169.937500  384172.437500  384166.531250
7003  560.969238  384244.500000  384224.843750  384227.281250  384221.406250
7004  561.049377  384299.406250  384279.656250  384282.218750  384276.312500
7005  561.129456  384354.187500  384334.468750  384337.093750  384331.031250
7006  561.209595  384409.000000  384389.281250  384391.968750  384385.968750
7007  561.289673  384463.968750  384444.156250  384446.875000  384440.875000
7008  561.369751  384518.843750  384499.093750  384501.718750  384495.718750
7009  561.449890  384573.687500  384554.000000  384556.656250  384550.531250
7010  561.529968  384628.656250  384608.843750  384611.500000  384605.468750
7011  561.610107  384683.625000  384663.687500  384666.250000  384660.281250
7012  561.690186  384738.500000  384718.625000  384721.187500  384715.125000
7013  561.770325  384793.437500  384773.500000  384776.062500  384769.968750
7014  561.850403  384848.250000  384828.312500  384830.843750  384824.781250
7015  561.930481  384903.062500  384883.125000  384885.656250  384879.656250
7016  562.010620  384957.937500  384937.968750  384940.531250  384934.500000
7017  562.090698  385012.781250  384992.843750  384995.531250  384989.437500
7018  562.170837  385067.718750  385047.656250  385050.375000  385044.281250
7019  562.250916  385122.562500  385102.468750  385105.250000  385099.187500
7020  562.331055  385177.437500  385157.406250  385160.000000  385154.156250
7021  562.411133  385232.250000  385212.281250  385214.843750  385209.062500
7022  562.491211  385287.187500  385267.093750  385269.593750  385264.000000
7023  562.571350  385342.125000  385322.031250  385324.500000  385318.812500
7024  562.651428  385396.906250  385376.875000  385379.343750  385373.750000
7025  562.731567  385451.750000  385431.687500  385434.125000  385428.656250
7026  562.811646  385506.625000  385486.562500  385489.000000  385483.531250
7027  562.891785  385561.437500  385541.500000  385543.875000  385538.406250
7028  562.971863  385616.281250  385596.343750  385598.750000  385593.250000
7029  563.051941  385671.093750  385651.187500  385653.593750  385648.343750
7030  563.132080  385725.968750  385706.093750  385708.468750  385703.250000
7031  563.212158  385780.812500  385760.843750  385763.281250  385758.125000
7032  563.292297  385835.718750  385815.656250  385818.125000  385812.968750
7033  563.372375  385890.593750  385870.468750  385873.031250  385867.781250
7034  563.452515  385945.593750  385925.312500  385927.968750  385922.687500
7035  563.532593  386000.468750  385980.187500  385982.812500  385977.562500
7036  563.612671  386055.406250  386035.000000  386037.750000  386032.468750
7037  563.692810  386110.281250  386089.843750  386092.625000  386087.375000
7038  563.772888  386165.218750  386144.718750  386147.500000  386142.281250
7039  563.853027  386220.093750  386199.531250  386202.437500  386197.093750
7040  563.933105  386274.968750  386254.375000  386257.281250  386251.937500
7041  564.013245  386329.750000  386309.375000  386312.125000  386306.875000
7042  564.093323  386384.625000  386364.281250  386367.031250  386361.718750
7043  564.173401  386439.625000  386419.218750  386421.843750  386416.500000
7044  564.253540  386494.562500  386474.093750  386476.656250  386471.375000
7045  564.333618  386549.406250  386528.906250  386531.562500  386526.250000
7046  564.413757  386604.312500  386583.750000  386586.406250  386581.093750
7047  564.493835  386659.187500  386638.593750  386641.218750  386635.843750
7048  564.573914  386714.031250  386693.437500  386696.156250  386690.625000
7049  564.654053  386768.843750  386748.250000  386750.906250  386745.562500
7050  564.734131  386823.687500  386803.125000  386805.843750  386800.468750
7051  564.814270  386878.593750  386857.937500  386860.687500  386855.531250
7052  564.894348  386933.500000  386912.781250  386915.468750  386910.375000
7053  564.974487  386988.250000  386967.593750  386970.375000  386965.281250
7054  565.054565  387043.156250  387022.406250  387025.187500  387020.125000
7055  565.134644  387098.093750  387077.218750  387080.000000  387075.062500
7056  565.214783  387152.906250  387132.000000  387134.937500  387129.875000
7057  565.294861  387207.812500  387186.875000  387189.906250  387184.750000
7058  565.375000  387262.718750  387241.750000  387244.781250  387239.656250
7059  565.455078  387317.531250  387296.656250  387299.656250  387294.625000
7060  565.535217  387372.406250  387351.562500  387354.593750  387349.437500
7061  565.615295  387427.250000  387406.406250  387409.500000  387404.250000
7062  565.695374  387482.000000  387461.343750  387464.343750  387459.093750
7063  565.775513  387536.906250  387516.125000  387519.156250  387514.000000
7064  565.855591  387591.843750  387570.968750  387574.031250  387568.781250
7065  565.935730  387646.687500  387625.906250  387628.875000  387623.687500
7066  566.015808  387701.531250  387680.812500  387683.781250  387678.625000
7067  566.095947  387756.406250  387735.625000  387738.625000  387733.406250
7068  566.176025  387811.281250  387790.531250  387793.468750  387788.281250
7069  566.256104  387866.093750  387845.343750  387848.343750  387843.218750
7070  566.336243  387921.062500  387900.218750  387903.312500  387898.000000
7071  566.416321  387975.968750  387955.031250  387958.250000  387952.906250
7072  566.496460  388030.875000  388009.843750  388013.031250  388007.843750
7073  566.576538  388085.781250  388064.750000  388067.937500  388062.781250
7074  566.656677  388140.656250  388119.593750  388122.718750  388117.625000
7075  566.736755  388195.468750  388174.500000  388177.500000  388172.531250
7076  566.816833  388250.312500  388229.250000  388232.281250  388227.375000
7077  566.896973  388305.187500  388284.125000  388287.125000  388282.281250
7078  566.977051  388360.000000  388338.968750  388341.937500  388337.125000
7079  567.057190  388414.968750  388393.843750  388396.750000  388391.968750
7080  567.137268  388469.781250  388448.656250  388451.531250  388446.781250
7081  567.217407  388524.718750  388503.500000  388506.406250  388501.593750
7082  567.297485  388579.625000  388558.406250  388561.250000  388556.531250
7083  567.377563  388634.468750  388613.250000  388616.093750  388611.375000
7084  567.457703  388689.312500  388668.125000  388671.000000  388666.250000
7085  567.537781  388744.156250  388723.000000  388725.906250  388721.218750
7086  567.617920  388798.968750  388777.906250  388780.718750  388776.062500
7087  567.697998  388853.843750  388832.718750  388835.531250  388830.875000
7088  567.778137  388908.593750  388887.593750  388890.375000  388885.750000
7089  567.858215  388963.468750  388942.437500  388945.250000  388940.593750
7090  567.938293  389018.312500  388997.343750  389000.187500  388995.468750
7091  568.018433  389073.187500  389052.187500  389055.031250  389050.437500
7092  568.098511  389128.156250  389106.968750  389109.843750  389105.218750
7093  568.178650  389183.125000  389161.843750  389164.687500  389160.156250
7094  568.258728  389238.093750  389216.656250  389219.562500  389214.937500
7095  568.338867  389293.000000  389271.468750  389274.375000  389269.875000
7096  568.418945  389347.875000  389326.281250  389329.375000  389324.718750
7097  568.499023  389402.718750  389381.125000  389384.343750  389379.625000
7098  568.579163  389457.562500  389435.937500  389439.187500  389434.593750
7099  568.659241  389512.406250  389490.812500  389494.093750  389489.500000
7100  568.739380  389567.250000  389545.656250  389548.937500  389544.250000
7101  568.819458  389622.218750  389600.562500  389603.843750  389599.156250
7102  568.899536  389677.031250  389655.406250  389658.687500  389654.062500
7103  568.979675  389731.968750  389710.250000  389713.531250  389708.968750
7104  569.059753  389786.843750  389765.093750  389768.343750  389763.687500
7105  569.139893  389841.656250  389820.000000  389823.156250  389818.500000
7106  569.219971  389896.500000  389874.812500  389878.000000  389873.500000
7107  569.300110  389951.500000  389929.625000  389932.906250  389928.375000
7108  569.380188  390006.468750  389984.531250  389987.687500  389983.281250
7109  569.460266  390061.437500  390039.375000  390042.656250  390038.093750
7110  569.540405  390116.281250  390094.187500  390097.437500  390093.000000
7111  569.620483  390171.125000  390149.062500  390152.375000  390147.843750
7112  569.700623  390225.968750  390203.937500  390207.218750  390202.625000
7113  569.780701  390280.781250  390258.812500  390262.031250  390257.437500
7114  569.860840  390335.656250  390313.625000  390316.937500  390312.343750
7115  569.940918  390390.406250  390368.531250  390371.843750  390367.125000
7116  570.020996  390445.406250  390423.468750  390426.687500  390422.000000
7117  570.101135  390500.250000  390478.312500  390481.468750  390476.843750
7118  570.181213  390555.125000  390533.218750  390536.343750  390531.718750
7119  570.261353  390610.093750  390588.093750  390591.187500  390586.531250
7120  570.341431  390664.937500  390643.031250  390646.000000  390641.437500
7121  570.421570  390719.750000  390697.906250  390700.875000  390696.281250
7122  570.501648  390774.562500  390752.781250  390755.750000  390751.218750
7123  570.581726  390829.406250  390807.656250  390810.656250  390806.093750
7124  570.661865  390884.250000  390862.437500  390865.500000  390860.906250
7125  570.741943  390939.093750  390917.312500  390920.312500  390915.875000
7126  570.822083  390993.937500  390972.187500  390975.156250  390970.687500
7127  570.902161  391048.781250  391027.031250  391030.031250  391025.562500
7128  570.982300  391103.687500  391081.906250  391084.812500  391080.406250
7129  571.062378  391158.531250  391136.718750  391139.593750  391135.343750
7130  571.142456  391213.562500  391191.593750  391194.437500  391190.218750
7131  571.222595  391268.531250  391246.468750  391249.218750  391245.031250
7132  571.302673  391323.343750  391301.250000  391304.250000  391299.843750
7133  571.382812  391378.250000  391356.093750  391359.062500  391354.687500
7134  571.462891  391433.062500  391410.875000  391413.875000  391409.718750
7135  571.543030  391487.906250  391465.718750  391468.718750  391464.531250
7136  571.623108  391542.718750  391520.593750  391523.625000  391519.343750
7137  571.703186  391597.625000  391575.406250  391578.406250  391574.250000
7138  571.783325  391652.562500  391630.250000  391633.250000  391629.062500
7139  571.863403  391707.375000  391685.125000  391688.156250  391683.906250
7140  571.943542  391762.281250  391740.062500  391743.031250  391738.812500
7141  572.023621  391817.093750  391794.906250  391797.906250  391793.718750
7142  572.103760  391871.937500  391849.875000  391852.781250  391848.593750
7143  572.183838  391926.937500  391904.781250  391907.625000  391903.500000
7144  572.263916  391981.781250  391959.656250  391962.437500  391958.468750
7145  572.344055  392036.656250  392014.531250  392017.343750  392013.312500
7146  572.424133  392091.468750  392069.343750  392072.156250  392068.156250
7147  572.504272  392146.281250  392124.250000  392127.000000  392123.000000
7148  572.584351  392201.125000  392179.062500  392181.843750  392178.000000
7149  572.664490  392255.937500  392233.875000  392236.687500  392232.750000
7150  572.744568  392310.812500  392288.812500  392291.593750  392287.593750
7151  572.824646  392365.625000  392343.625000  392346.375000  392342.468750
7152  572.904785  392420.406250  392398.406250  392401.125000  392397.375000
7153  572.984863  392475.218750  392453.312500  392455.968750  392452.312500
7154  573.065002  392530.062500  392508.125000  392510.906250  392507.218750
7155  573.145081  392584.968750  392562.937500  392565.718750  392562.093750
7156  573.225220  392639.781250  392617.875000  392620.500000  392616.968750
7157  573.305298  392694.656250  392672.781250  392675.375000  392671.843750
7158  573.385376  392749.500000  392727.562500  392730.250000  392726.750000
7159  573.465515  392804.343750  392782.500000  392785.125000  392781.687500
7160  573.545593  392859.281250  392837.281250  392839.906250  392836.500000
7161  573.625732  392914.218750  392892.250000  392894.781250  392891.312500
7162  573.705811  392969.218750  392947.093750  392949.593750  392946.156250
7163  573.785889  393024.156250  393002.000000  393004.468750  393001.093750
7164  573.866028  393078.968750  393056.906250  393059.343750  393055.937500
7165  573.946106  393133.812500  393111.687500  393114.187500  393110.718750
7166  574.026245  393188.687500  393166.500000  393169.062500  393165.562500
7167  574.106323  393243.531250  393221.343750  393223.937500  393220.500000
7168  574.186462  393298.468750  393276.156250  393278.750000  393275.281250
7169  574.266541  393353.281250  393331.062500  393333.656250  393330.062500
7170  574.346619  393408.125000  393385.875000  393388.406250  393384.906250
7171  574.426758  393463.062500  393440.718750  393443.281250  393439.843750
7172  574.506836  393517.843750  393495.625000  393498.187500  393494.656250
7173  574.586975  393572.843750  393550.437500  393553.218750  393549.593750
7174  574.667053  393627.656250  393605.312500  393608.156250  393604.375000
7175  574.747192  393682.468750  393660.125000  393662.968750  393659.250000
7176  574.827271  393737.281250  393714.968750  393717.906250  393714.218750
7177  574.907349  393792.093750  393769.781250  393772.718750  393769.125000
7178  574.987488  393846.906250  393824.656250  393827.562500  393823.968750
7179  575.067566  393901.781250  393879.531250  393882.375000  393878.781250
7180  575.147705  393956.593750  393934.437500  393937.218750  393933.687500
7181  575.227783  394011.406250  393989.312500  393992.031250  393988.500000
7182  575.307922  394066.218750  394044.156250  394046.875000  394043.406250
7183  575.388000  394121.031250  394099.062500  394101.656250  394098.250000
7184  575.468079  394175.843750  394153.875000  394156.625000  394153.125000
7185  575.548218  394230.656250  394208.656250  394211.437500  394207.968750
7186  575.628296  394285.562500  394263.500000  394266.218750  394262.750000
7187  575.708435  394340.468750  394318.437500  394321.156250  394317.687500
7188  575.788513  394395.312500  394373.375000  394375.968750  394372.531250
7189  575.868652  394450.218750  394428.156250  394430.750000  394427.406250
7190  575.948730  394505.031250  394482.968750  394485.687500  394482.281250
7191  576.028809  394559.937500  394537.781250  394540.500000  394537.218750
7192  576.108948  394614.750000  394592.656250  394595.375000  394592.093750
7193  576.189026  394669.718750  394647.468750  394650.218750  394646.875000
7194  576.269165  394724.500000  394702.312500  394705.031250  394701.718750
7195  576.349243  394779.406250  394757.125000  394759.937500  394756.531250
7196  576.429382  394834.281250  394812.000000  394814.750000  394811.343750
7197  576.509460  394889.187500  394866.843750  394869.625000  394866.156250
7198  576.589539  394944.000000  394921.750000  394924.468750  394920.937500
7199  576.669678  394998.875000  394976.593750  394979.312500  394975.750000
7200  576.749756  395053.750000  395031.468750  395034.187500  395030.656250
7201  576.829895  395108.562500  395086.218750  395088.968750  395085.562500
7202  576.909973  395163.437500  395141.125000  395143.843750  395140.406250
7203  576.990112  395218.281250  395195.937500  395198.625000  395195.281250
7204  577.070190  395273.187500  395250.875000  395253.531250  395250.156250
7205  577.150269  395328.093750  395305.625000  395308.375000  395304.968750
7206  577.230408  395382.906250  395360.593750  395363.375000  395359.812500
7207  577.310486  395437.875000  395415.375000  395418.125000  395414.687500
7208  577.390625  395492.781250  395470.281250  395473.000000  395469.562500
7209  577.470703  395547.750000  395525.125000  395527.843750  395524.437500
7210  577.550842  395602.562500  395580.031250  395582.718750  395579.187500
7211  577.630920  395657.437500  395634.906250  395637.531250  395634.000000
7212  577.710999  395712.281250  395689.750000  395692.375000  395688.843750
7213  577.791138  395767.125000  395744.468750  395747.312500  395743.687500
7214  577.871216  395822.031250  395799.375000  395802.093750  395798.500000
7215  577.951355  395876.906250  395854.218750  395857.062500  395853.375000
7216  578.031433  395931.750000  395909.093750  395911.875000  395908.218750
7217  578.111572  395986.656250  395964.031250  395966.656250  395963.093750
7218  578.191650  396041.468750  396018.843750  396021.531250  396017.968750
7219  578.271729  396096.281250  396073.687500  396076.375000  396072.906250
7220  578.351868  396151.187500  396128.562500  396131.281250  396127.718750
7221  578.431946  396206.000000  396183.437500  396186.125000  396182.562500
7222  578.512085  396260.875000  396238.218750  396241.000000  396237.437500
7223  578.592163  396315.812500  396293.125000  396295.937500  396292.250000
7224  578.672241  396370.687500  396347.968750  396350.781250  396347.187500
7225  578.752380  396425.500000  396402.843750  396405.718750  396402.031250
7226  578.832458  396480.312500  396457.687500  396460.531250  396457.000000
7227  578.912598  396535.187500  396512.656250  396515.437500  396511.781250
7228  578.992676  396590.031250  396567.531250  396570.343750  396566.812500
7229  579.072815  396644.843750  396622.375000  396625.093750  396621.531250
7230  579.152893  396699.781250  396677.281250  396679.968750  396676.437500
7231  579.232971  396754.562500  396732.218750  396734.750000  396731.281250
7232  579.313110  396809.406250  396787.031250  396789.625000  396786.062500
7233  579.393188  396864.406250  396841.968750  396844.406250  396841.062500
7234  579.473328  396919.218750  396896.812500  396899.312500  396895.937500
7235  579.553406  396974.093750  396951.593750  396954.250000  396950.843750
7236  579.633545  397028.968750  397006.468750  397009.031250  397005.656250
7237  579.713623  397083.812500  397061.437500  397063.875000  397060.500000
7238  579.793701  397138.625000  397116.218750  397118.906250  397115.406250
7239  579.873840  397193.531250  397171.062500  397173.687500  397170.281250
7240  579.953918  397248.375000  397226.000000  397228.562500  397225.125000
7241  580.034058  397303.250000  397280.781250  397283.468750  397279.937500
7242  580.114136  397358.062500  397335.625000  397338.437500  397334.718750
7243  580.194275  397412.906250  397390.531250  397393.250000  397389.625000
7244  580.274353  397467.906250  397445.281250  397448.156250  397444.343750
7245  580.354431  397522.718750  397500.125000  397502.968750  397499.281250
7246  580.434570  397577.625000  397554.937500  397557.781250  397554.093750
7247  580.514648  397632.468750  397609.812500  397612.687500  397608.937500
7248  580.594788  397687.312500  397664.656250  397667.593750  397663.781250
7249  580.674866  397742.125000  397719.531250  397722.437500  397718.687500
7250  580.755005  397797.062500  397774.406250  397777.281250  397773.500000
7251  580.835083  397851.937500  397829.343750  397832.125000  397828.312500
7252  580.915161  397906.750000  397884.125000  397886.937500  397883.250000
7253  580.995300  397961.593750  397938.937500  397941.750000  397938.031250
7254  581.075378  398016.437500  397993.906250  397996.531250  397992.875000
7255  581.155518  398071.281250  398048.750000  398051.468750  398047.687500
7256  581.235596  398126.218750  398103.687500  398106.343750  398102.562500
7257  581.315735  398181.062500  398158.531250  398161.187500  398157.406250
7258  581.395813  398235.906250  398213.375000  398216.062500  398212.312500
7259  581.475891  398290.812500  398268.250000  398270.937500  398267.187500
7260  581.556030  398345.718750  398323.062500  398325.812500  398322.093750
7261  581.636108  398400.593750  398378.031250  398380.718750  398377.031250
7262  581.716248  398455.406250  398432.906250  398435.625000  398431.843750
7263  581.796326  398510.250000  398487.750000  398490.562500  398486.750000
7264  581.876465  398565.125000  398542.656250  398545.375000  398541.656250
7265  581.956543  398619.968750  398597.500000  398600.218750  398596.500000
7266  582.036621  398674.812500  398652.375000  398655.031250  398651.406250
7267  582.116760  398729.687500  398707.218750  398710.031250  398706.218750
7268  582.196838  398784.562500  398762.156250  398764.843750  398761.125000
7269  582.276978  398839.343750  398817.062500  398819.718750  398816.062500
7270  582.357056  398894.281250  398871.906250  398874.593750  398870.937500
7271  582.437195  398949.156250  398926.718750  398929.562500  398925.812500
7272  582.517273  399004.031250  398981.531250  398984.343750  398980.625000
7273  582.597351  399059.031250  399036.531250  399039.187500  399035.531250
7274  582.677490  399113.906250  399091.281250  399094.125000  399090.375000
7275  582.757568  399168.750000  399146.187500  399148.906250  399145.281250
7276  582.837708  399223.593750  399201.156250  399203.656250  399200.125000
7277  582.917786  399278.437500  399256.031250  399258.500000  399254.906250
7278  582.997925  399333.250000  399310.843750  399313.375000  399309.750000
7279  583.078003  399388.093750  399365.687500  399368.156250  399364.656250
7280  583.158081  399443.062500  399420.562500  399422.968750  399419.343750
7281  583.238220  399497.875000  399475.375000  399477.812500  399474.281250
7282  583.318298  399552.718750  399530.218750  399532.656250  399529.156250
7283  583.398438  399607.593750  399585.093750  399587.406250  399584.125000
7284  583.478516  399662.406250  399639.968750  399642.250000  399639.156250
7285  583.558594  399717.218750  399694.843750  399697.156250  399694.000000
7286  583.638733  399772.187500  399749.687500  399752.031250  399748.906250
7287  583.718811  399827.062500  399804.500000  399806.875000  399803.750000
7288  583.798950  399882.000000  399859.500000  399861.718750  399858.593750
7289  583.879028  399936.843750  399914.343750  399916.656250  399913.437500
7290  583.959167  399991.718750  399969.187500  399971.593750  399968.312500
7291  584.039246  400046.593750  400024.250000  400026.500000  400023.218750
7292  584.119324  400101.593750  400079.062500  400081.312500  400078.031250
7293  584.199463  400156.437500  400133.968750  400136.093750  400132.968750
7294  584.279541  400211.281250  400188.781250  400190.906250  400187.843750
7295  584.359680  400266.156250  400243.562500  400245.812500  400242.687500
7296  584.439758  400320.968750  400298.468750  400300.656250  400297.593750
7297  584.519897  400375.812500  400353.312500  400355.531250  400352.468750
7298  584.599976  400430.625000  400408.187500  400410.343750  400407.281250
7299  584.680054  400485.500000  400463.031250  400465.250000  400462.312500
7300  584.760193  400540.343750  400517.812500  400520.125000  400517.125000
7301  584.840271  400595.218750  400572.656250  400575.000000  400571.937500
7302  584.920410  400650.031250  400627.531250  400629.781250  400626.843750
7303  585.000488  400704.843750  400682.375000  400684.656250  400681.750000
7304  585.080627  400759.656250  400737.281250  400739.468750  400736.625000
7305  585.160706  400814.625000  400792.093750  400794.343750  400791.500000
7306  585.240784  400869.500000  400846.937500  400849.156250  400846.312500
7307  585.320923  400924.312500  400901.781250  400904.093750  400901.250000
7308  585.401001  400979.218750  400956.593750  400958.875000  400956.062500
7309  585.481140  401034.031250  401011.468750  401013.718750  401010.875000
7310  585.561218  401088.843750  401066.343750  401068.531250  401065.687500
7311  585.641357  401143.812500  401121.156250  401123.437500  401120.500000
7312  585.721436  401198.687500  401175.937500  401178.281250  401175.375000
7313  585.801514  401253.437500  401230.781250  401233.187500  401230.281250
7314  585.881653  401308.281250  401285.656250  401288.000000  401285.125000
7315  585.961731  401363.156250  401340.531250  401342.875000  401339.968750
7316  586.041870  401418.031250  401395.468750  401397.750000  401394.843750
7317  586.121948  401472.968750  401450.281250  401452.562500  401449.656250
7318  586.202087  401527.781250  401505.156250  401507.437500  401504.500000
7319  586.282166  401582.625000  401560.000000  401562.343750  401559.281250
7320  586.362244  401637.500000  401614.875000  401617.156250  401614.187500
7321  586.442383  401692.343750  401669.687500  401672.000000  401669.000000
7322  586.522461  401747.156250  401724.531250  401726.937500  401723.843750
7323  586.602600  401802.031250  401779.406250  401781.781250  401778.718750
7324  586.682678  401857.000000  401834.281250  401836.625000  401833.687500
7325  586.762817  401911.937500  401889.093750  401891.437500  401888.562500
7326  586.842896  401966.812500  401943.968750  401946.312500  401943.437500
7327  586.922974  402021.656250  401998.781250  402001.093750  401998.406250
7328  587.003113  402076.625000  402053.625000  402055.968750  402053.250000
7329  587.083191  402131.437500  402108.468750  402110.750000  402108.062500
7330  587.163330  402186.406250  402163.312500  402165.625000  402162.906250
7331  587.243408  402241.343750  402218.156250  402220.406250  402217.687500
7332  587.323547  402296.218750  402273.031250  402275.343750  402272.531250
7333  587.403625  402351.062500  402327.875000  402330.218750  402327.406250
7334  587.483704  402405.937500  402382.687500  402385.062500  402382.250000
7335  587.563843  402460.812500  402437.562500  402440.000000  402437.187500
7336  587.643921  402515.687500  402492.375000  402494.812500  402492.000000
7337  587.724060  402570.656250  402547.281250  402549.625000  402546.875000
7338  587.804138  402625.500000  402602.125000  402604.437500  402601.718750
7339  587.884216  402680.375000  402656.937500  402659.312500  402656.531250
7340  587.964355  402735.218750  402711.968750  402714.187500  402711.312500
7341  588.044434  402790.093750  402766.843750  402769.031250  402766.250000
7342  588.124573  402844.906250  402821.781250  402823.875000  402821.125000
7343  588.204651  402899.750000  402876.593750  402878.718750  402876.000000
7344  588.284790  402954.656250  402931.437500  402933.562500  402930.875000
7345  588.364868  403009.593750  402986.250000  402988.437500  402985.812500
7346  588.444946  403064.531250  403041.125000  403043.375000  403040.593750
7347  588.525085  403119.468750  403096.000000  403098.250000  403095.437500
7348  588.605164  403174.281250  403150.906250  403153.093750  403150.281250
7349  588.685303  403229.125000  403205.781250  403208.000000  403205.156250
7350  588.765381  403284.062500  403260.593750  403262.968750  403260.031250
7351  588.845520  403338.968750  403315.468750  403317.781250  403314.937500
7352  588.925598  403393.968750  403370.312500  403372.687500  403369.750000
7353  589.005676  403448.875000  403425.125000  403427.625000  403424.562500
7354  589.085815  403503.812500  403480.156250  403482.406250  403479.406250
7355  589.165894  403558.625000  403535.000000  403537.281250  403534.375000
7356  589.246033  403613.437500  403589.781250  403592.187500  403589.218750
7357  589.326111  403668.218750  403644.656250  403647.000000  403644.093750
7358  589.406250  403723.125000  403699.468750  403701.781250  403698.968750
7359  589.486328  403778.062500  403754.312500  403756.687500  403753.781250
7360  589.566406  403833.000000  403809.281250  403811.656250  403808.687500
7361  589.646545  403887.843750  403864.218750  403866.593750  403863.593750
7362  589.726624  403942.718750  403919.156250  403921.406250  403918.375000
7363  589.806763  403997.656250  403973.906250  403976.250000  403973.218750
7364  589.886841  404052.468750  404028.750000  404031.000000  404028.031250
7365  589.966980  404107.312500  404083.625000  404085.937500  404082.906250
7366  590.047058  404162.218750  404138.468750  404140.750000  404137.843750
7367  590.127136  404217.156250  404193.343750  404195.562500  404192.687500
7368  590.207275  404272.125000  404248.187500  404250.500000  404247.468750
7369  590.287354  404327.000000  404303.125000  404305.312500  404302.375000
7370  590.367493  404381.812500  404358.031250  404360.156250  404357.187500
7371  590.447571  404436.750000  404412.906250  404415.000000  404412.031250
7372  590.527710  404491.625000  404467.718750  404469.937500  404466.968750
7373  590.607788  404546.406250  404522.562500  404524.781250  404521.843750
7374  590.687866  404601.218750  404577.437500  404579.656250  404576.656250
7375  590.768005  404656.156250  404632.375000  404634.437500  404631.500000
7376  590.848083  404711.000000  404687.187500  404689.281250  404686.375000
7377  590.928223  404765.812500  404742.031250  404744.187500  404741.218750
7378  591.008301  404820.656250  404796.843750  404799.031250  404796.031250
7379  591.088440  404875.500000  404851.687500  404853.906250  404850.968750
7380  591.168518  404930.500000  404906.500000  404908.843750  404905.937500
7381  591.248596  404985.343750  404961.406250  404963.687500  404960.812500
7382  591.328735  405040.156250  405016.250000  405018.500000  405015.750000
7383  591.408813  405095.031250  405071.250000  405073.375000  405070.625000
7384  591.488953  405149.906250  405126.125000  405128.281250  405125.468750
7385  591.569031  405204.750000  405181.000000  405183.281250  405180.281250
7386  591.649170  405259.625000  405235.781250  405238.093750  405235.062500
7387  591.729248  405314.437500  405290.625000  405292.906250  405289.937500
7388  591.809326  405369.312500  405345.468750  405347.687500  405344.750000
7389  591.889465  405424.187500  405400.343750  405402.531250  405399.687500
7390  591.969543  405479.062500  405455.187500  405457.531250  405454.500000
7391  592.049683  405533.968750  405510.156250  405512.375000  405509.343750
7392  592.129761  405588.812500  405565.062500  405567.218750  405564.218750
7393  592.209900  405643.625000  405619.875000  405622.093750  405619.093750
7394  592.289978  405698.531250  405674.687500  405676.906250  405673.937500
7395  592.370056  405753.375000  405729.562500  405731.843750  405728.750000
7396  592.450195  405808.250000  405784.375000  405786.781250  405783.562500
7397  592.530273  405863.218750  405839.218750  405841.500000  405838.468750
7398  592.610413  405918.125000  405894.062500  405896.375000  405893.406250
7399  592.690491  405972.937500  405948.906250  405951.218750  405948.218750
7400  592.770569  406027.781250  406003.718750  406006.156250  406003.000000
7401  592.850708  406082.656250  406058.593750  406060.968750  406057.812500
7402  592.930786  406137.468750  406113.437500  406115.843750  406112.593750
7403  593.010925  406192.312500  406168.218750  406170.687500  406167.375000
7404  593.091003  406247.187500  406223.000000  406225.562500  406222.218750
7405  593.171143  406302.156250  406277.937500  406280.406250  406277.093750
7406  593.251221  406356.968750  406332.781250  406335.250000  406331.937500
7407  593.331299  406411.906250  406387.625000  406390.125000  406386.750000
7408  593.411438  406466.718750  406442.500000  406444.906250  406441.625000
7409  593.491516  406521.656250  406497.312500  406499.750000  406496.500000
7410  593.571655  406576.625000  406552.250000  406554.625000  406551.375000
7411  593.651733  406631.531250  406607.031250  406609.343750  406606.187500
7412  593.731873  406686.468750  406661.875000  406664.312500  406660.968750
7413  593.811951  406741.250000  406716.687500  406719.156250  406715.812500
7414  593.892029  406796.093750  406771.500000  406774.000000  406770.593750
7415  593.972168  406850.968750  406826.406250  406828.781250  406825.437500
7416  594.052246  406905.781250  406881.281250  406883.593750  406880.343750
7417  594.132385  406960.656250  406936.125000  406938.531250  406935.250000
7418  594.212463  407015.562500  406990.937500  406993.312500  406990.031250
7419  594.292603  407070.500000  407045.812500  407048.187500  407044.875000
7420  594.372681  407125.312500  407100.687500  407103.031250  407099.750000
7421  594.452759  407180.125000  407155.562500  407157.781250  407154.593750
7422  594.532898  407235.031250  407210.343750  407212.656250  407209.562500
7423  594.612976  407289.906250  407265.312500  407267.468750  407264.468750
7424  594.693115  407344.718750  407320.125000  407322.250000  407319.312500
7425  594.773193  407399.562500  407374.968750  407377.093750  407374.187500
7426  594.853333  407454.406250  407429.781250  407432.000000  407429.062500
7427  594.933411  407509.406250  407484.625000  407486.906250  407484.000000
7428  595.013489  407564.187500  407539.468750  407541.843750  407538.906250
7429  595.093628  407619.031250  407594.375000  407596.687500  407593.812500
7430  595.173706  407673.937500  407649.250000  407651.531250  407648.625000
7431  595.253845  407728.875000  407704.125000  407706.437500  407703.562500
7432  595.333923  407783.718750  407758.937500  407761.250000  407758.531250
7433  595.414062  407838.593750  407813.875000  407816.062500  407813.437500
7434  595.494141  407893.406250  407868.718750  407870.906250  407868.343750
7435  595.574219  407948.343750  407923.625000  407925.718750  407923.281250
7436  595.654358  408003.218750  407978.531250  407980.562500  407978.031250
7437  595.734436  408058.156250  408033.406250  408035.468750  408032.875000
7438  595.814575  408112.968750  408088.281250  408090.312500  408087.687500
7439  595.894653  408167.843750  408143.250000  408145.281250  408142.625000
7440  595.974792  408222.656250  408198.125000  408200.156250  408197.437500
7441  596.054871  408277.625000  408252.968750  408254.968750  408252.312500
7442  596.134949  408332.406250  408307.781250  408309.812500  408307.218750
7443  596.215088  408387.218750  408362.625000  408364.718750  408362.125000
7444  596.295166  408442.156250  408417.468750  408419.531250  408416.937500
7445  596.375305  408497.062500  408472.312500  408474.437500  408471.843750
7446  596.455383  408551.968750  408527.156250  408529.375000  408526.656250
7447  596.535522  408606.781250  408582.031250  408584.187500  408581.437500
7448  596.615601  408661.718750  408636.843750  408639.000000  408636.375000
7449  596.695679  408716.718750  408691.656250  408693.906250  408691.218750
7450  596.775818  408771.656250  408746.625000  408748.750000  408746.031250
7451  596.855896  408826.531250  408801.500000  408803.812500  408800.843750
7452  596.936035  408881.375000  408856.406250  408858.687500  408855.656250
7453  597.016113  408936.218750  408911.218750  408913.562500  408910.500000
7454  597.096252  408991.000000  408966.093750  408968.437500  408965.250000
7455  597.176331  409045.781250  409020.968750  409023.281250  409020.125000
7456  597.256409  409100.593750  409075.812500  409078.093750  409074.968750
7457  597.336548  409155.468750  409130.718750  409132.968750  409129.750000
7458  597.416626  409210.281250  409185.625000  409187.781250  409184.500000
7459  597.496765  409265.125000  409240.468750  409242.718750  409239.437500
7460  597.576843  409320.125000  409295.312500  409297.562500  409294.281250
7461  597.656921  409374.968750  409350.218750  409352.375000  409349.187500
7462  597.737061  409429.812500  409405.031250  409407.281250  409404.031250
7463  597.817139  409484.687500  409459.906250  409462.125000  409458.937500
7464  597.897278  409539.500000  409514.750000  409517.000000  409513.843750
7465  597.977356  409594.343750  409569.687500  409571.906250  409568.656250
7466  598.057495  409649.343750  409624.500000  409626.750000  409623.531250
7467  598.137573  409704.187500  409679.312500  409681.656250  409678.312500
7468  598.217651  409759.156250  409734.187500  409736.468750  409733.187500
7469  598.297791  409813.937500  409789.125000  409791.312500  409788.000000
7470  598.377869  409868.968750  409843.906250  409846.250000  409842.812500
7471  598.458008  409923.812500  409898.781250  409901.156250  409897.656250
7472  598.538086  409978.750000  409953.656250  409956.062500  409952.593750
7473  598.618225  410033.562500  410008.468750  410010.875000  410007.406250
7474  598.698303  410088.468750  410063.312500  410065.718750  410062.250000
7475  598.778381  410143.281250  410118.218750  410120.625000  410117.062500
7476  598.858521  410198.218750  410173.062500  410175.437500  410171.906250
7477  598.938599  410253.187500  410227.937500  410230.406250  410226.781250
7478  599.018738  410308.093750  410282.750000  410285.281250  410281.593750
7479  599.098816  410362.937500  410337.593750  410340.093750  410336.468750
7480  599.178955  410417.750000  410392.406250  410394.968750  410391.343750
7481  599.259033  410472.625000  410447.250000  410449.875000  410446.187500
7482  599.339111  410527.562500  410502.093750  410504.750000  410501.093750
7483  599.419250  410582.375000  410556.906250  410559.562500  410556.000000
7484  599.499329  410637.312500  410611.781250  410614.343750  410610.875000
7485  599.579468  410692.218750  410666.625000  410669.250000  410665.687500
7486  599.659546  410747.187500  410721.687500  410724.093750  410720.593750
7487  599.739685  410802.093750  410776.625000  410778.937500  410775.468750
7488  599.819763  410857.031250  410831.500000  410833.875000  410830.281250
7489  599.899841  410911.875000  410886.343750  410888.718750  410885.000000
7490  599.979980  410966.687500  410941.218750  410943.593750  410939.781250
7491  600.060059  411021.562500  410996.125000  410998.437500  410994.593750
7492  600.140198  411076.375000  411050.968750  411053.375000  411049.406250
7493  600.220276  411131.250000  411105.843750  411108.343750  411104.250000
7494  600.300415  411186.187500  411160.656250  411163.187500  411159.000000
7495  600.380493  411241.062500  411215.593750  411218.062500  411213.875000
7496  600.460571  411296.000000  411270.500000  411272.875000  411268.750000
7497  600.540710  411350.875000  411325.375000  411327.750000  411323.656250
7498  600.620789  411405.750000  411380.187500  411382.531250  411378.562500
7499  600.700928  411460.718750  411435.093750  411437.406250  411433.500000
7500  600.781006  411515.531250  411489.968750  411492.312500  411488.343750
7501  600.861145  411570.343750  411544.843750  411547.218750  411543.156250
7502  600.941223  411625.250000  411599.718750  411602.156250  411598.093750
7503  601.021301  411680.218750  411654.656250  411657.031250  411653.000000
7504  601.101440  411735.062500  411709.500000  411711.875000  411707.812500
7505  601.181519  411789.906250  411764.406250  411766.750000  411762.593750
7506  601.261658  411844.812500  411819.281250  411821.656250  411817.500000
7507  601.341736  411899.625000  411874.218750  411876.625000  411872.343750
7508  601.421875  411954.562500  411929.093750  411931.562500  411927.218750
7509  601.501953  412009.437500  411983.906250  411986.437500  411981.937500
7510  601.582031  412064.218750  412038.812500  412041.312500  412036.718750
7511  601.662170  412119.125000  412093.750000  412096.250000  412091.750000
7512  601.742249  412174.062500  412148.500000  412151.156250  412146.625000
7513  601.822388  412228.906250  412203.406250  412205.968750  412201.625000
7514  601.902466  412283.843750  412258.281250  412260.906250  412256.593750
7515  601.982544  412338.750000  412313.093750  412315.781250  412311.375000
7516  602.062683  412393.562500  412367.937500  412370.750000  412366.312500
7517  602.142761  412448.437500  412422.843750  412425.656250  412421.187500
7518  602.222900  412503.281250  412477.687500  412480.531250  412475.937500
7519  602.302979  412558.250000  412532.625000  412535.437500  412530.750000
7520  602.383118  412613.125000  412587.500000  412590.281250  412585.687500
7521  602.463196  412667.937500  412642.343750  412645.093750  412640.593750
7522  602.543274  412722.781250  412697.156250  412700.000000  412695.375000
7523  602.623413  412777.593750  412752.031250  412754.750000  412750.187500
7524  602.703491  412832.406250  412806.875000  412809.593750  412805.031250
7525  602.783630  412887.312500  412861.781250  412864.468750  412859.937500
7526  602.863708  412942.250000  412916.593750  412919.343750  412914.906250
7527  602.943848  412997.062500  412971.406250  412974.156250  412969.812500
7528  603.023926  413052.093750  413026.343750  413029.000000  413024.750000
7529  603.104004  413106.937500  413081.187500  413083.812500  413079.593750
7530  603.184143  413161.750000  413136.062500  413138.656250  413134.500000
7531  603.264221  413216.625000  413190.843750  413193.468750  413189.437500
7532  603.344360  413271.562500  413245.718750  413248.250000  413244.281250
7533  603.424438  413326.375000  413300.593750  413303.156250  413299.218750
7534  603.504578  413381.281250  413355.437500  413358.093750  413354.093750
7535  603.584656  413436.093750  413410.250000  413412.937500  413409.031250
7536  603.664734  413490.968750  413465.156250  413467.843750  413464.000000
7537  603.744873  413546.031250  413520.062500  413522.687500  413518.812500
7538  603.824951  413600.968750  413574.875000  413577.625000  413573.656250
7539  603.905090  413656.000000  413629.687500  413632.437500  413628.562500
7540  603.985168  413710.843750  413684.500000  413687.375000  413683.343750
7541  604.065308  413765.656250  413739.375000  413742.250000  413738.156250
7542  604.145386  413820.593750  413794.187500  413797.125000  413793.000000
7543  604.225464  413875.531250  413849.062500  413852.062500  413847.843750
7544  604.305603  413930.406250  413903.968750  413906.906250  413902.718750
7545  604.385681  413985.281250  413958.812500  413961.750000  413957.625000
7546  604.465820  414040.187500  414013.656250  414016.656250  414012.468750
7547  604.545898  414095.062500  414068.468750  414071.531250  414067.406250
7548  604.626038  414149.968750  414123.343750  414126.468750  414122.187500
7549  604.706116  414204.875000  414178.250000  414181.375000  414177.093750
7550  604.786194  414259.843750  414233.031250  414236.156250  414231.937500
7551  604.866333  414314.687500  414287.843750  414291.093750  414286.812500
7552  604.946411  414369.500000  414342.750000  414346.031250  414341.656250
7553  605.026550  414424.312500  414397.562500  414400.875000  414396.531250
7554  605.106628  414479.125000  414452.375000  414455.812500  414451.375000
7555  605.186768  414533.968750  414507.187500  414510.687500  414506.218750
7556  605.266846  414588.906250  414562.062500  414565.656250  414561.218750
7557  605.346924  414643.812500  414616.812500  414620.468750  414616.062500
7558  605.427063  414698.656250  414671.687500  414675.312500  414671.000000
7559  605.507141  414753.562500  414726.593750  414730.187500  414725.875000
7560  605.587280  414808.375000  414781.437500  414785.093750  414780.750000
7561  605.667358  414863.281250  414836.375000  414839.937500  414835.718750
7562  605.747498  414918.250000  414891.187500  414894.750000  414890.500000
7563  605.827576  414973.156250  414946.062500  414949.687500  414945.406250
7564  605.907654  415028.093750  415000.937500  415004.500000  415000.250000
7565  605.987793  415082.906250  415055.812500  415059.468750  415055.000000
7566  606.067871  415137.875000  415110.687500  415114.406250  415109.843750
7567  606.148010  415192.812500  415165.500000  415169.312500  415164.687500
7568  606.228088  415247.687500  415220.437500  415224.187500  415219.531250
7569  606.308228  415302.656250  415275.281250  415279.062500  415274.343750
7570  606.388306  415357.468750  415330.125000  415334.062500  415329.156250
7571  606.468384  415412.406250  415385.031250  415388.906250  415384.093750
7572  606.548523  415467.218750  415439.875000  415443.750000  415439.031250
7573  606.628601  415521.968750  415494.718750  415498.625000  415493.906250
7574  606.708740  415576.812500  415549.593750  415553.468750  415548.781250
7575  606.788818  415631.750000  415604.406250  415608.343750  415603.593750
7576  606.868896  415686.625000  415659.312500  415663.156250  415658.468750
7577  606.949036  415741.468750  415714.093750  415718.031250  415713.281250
7578  607.029114  415796.406250  415769.031250  415772.906250  415768.062500
7579  607.109253  415851.375000  415823.906250  415827.750000  415822.875000
7580  607.189331  415906.187500  415878.812500  415882.656250  415877.625000
7581  607.269470  415961.062500  415933.593750  415937.468750  415932.468750
7582  607.349548  416016.000000  415988.500000  415992.406250  415987.406250
7583  607.429626  416070.843750  416043.406250  416047.250000  416042.343750
7584  607.509766  416125.656250  416098.312500  416102.093750  416097.187500
7585  607.589844  416180.468750  416153.187500  416157.031250  416151.968750
7586  607.669983  416235.406250  416207.937500  416211.875000  416206.781250
7587  607.750061  416290.281250  416262.812500  416266.718750  416261.593750
7588  607.830200  416345.218750  416317.718750  416321.625000  416316.500000
7589  607.910278  416400.187500  416372.562500  416376.437500  416371.406250
7590  607.990356  416455.156250  416427.468750  416431.218750  416426.343750
7591  608.070496  416509.968750  416482.250000  416486.125000  416481.156250
7592  608.150574  416564.875000  416537.187500  416540.843750  416535.968750
7593  608.230713  416619.750000  416592.062500  416595.781250  416590.718750
7594  608.310791  416674.593750  416646.937500  416650.718750  416645.468750
7595  608.390930  416729.406250  416701.750000  416705.625000  416700.343750
7596  608.471008  416784.281250  416756.531250  416760.437500  416755.125000
7597  608.551086  416839.125000  416811.468750  416815.343750  416809.968750
7598  608.631226  416893.937500  416866.343750  416870.250000  416864.843750
7599  608.711304  416948.750000  416921.156250  416925.093750  416919.656250
7600  608.791443  417003.562500  416976.000000  416980.000000  416974.531250
7601  608.871521  417058.437500  417030.843750  417034.812500  417029.437500
7602  608.951660  417113.281250  417085.656250  417089.656250  417084.312500
7603  609.031738  417168.156250  417140.531250  417144.531250  417139.187500
7604  609.111816  417222.906250  417195.281250  417199.406250  417194.093750
7605  609.191956  417277.781250  417250.093750  417254.187500  417248.906250
7606  609.272034  417332.718750  417304.937500  417309.062500  417303.812500
7607  609.352173  417387.562500  417359.812500  417363.937500  417358.625000
7608  609.432251  417442.562500  417414.718750  417418.812500  417413.531250
7609  609.512390  417497.406250  417469.562500  417473.656250  417468.375000
7610  609.592468  417552.250000  417524.500000  417528.468750  417523.312500
7611  609.672546  417607.031250  417579.406250  417583.375000  417578.156250
7612  609.752686  417661.906250  417634.187500  417638.187500  417633.156250
7613  609.832764  417716.750000  417688.968750  417693.000000  417688.000000
7614  609.912903  417771.593750  417743.812500  417747.812500  417742.906250
7615  609.992981  417826.531250  417798.593750  417802.687500  417797.843750
7616  610.073120  417881.468750  417853.500000  417857.625000  417852.687500
7617  610.153198  417936.312500  417908.281250  417912.437500  417907.625000
7618  610.233276  417991.281250  417963.093750  417967.281250  417962.437500
7619  610.313416  418046.125000  418017.937500  418022.187500  418017.375000
7620  610.393494  418101.000000  418072.812500  418077.093750  418072.187500
7621  610.473633  418155.875000  418127.625000  418132.031250  418126.968750
7622  610.553711  418210.781250  418182.468750  418186.875000  418181.843750
7623  610.633850  418265.750000  418237.281250  418241.750000  418236.718750
7624  610.713928  418320.781250  418292.218750  418296.562500  418291.656250
7625  610.794006  418375.593750  418347.125000  418351.406250  418346.562500
7626  610.874146  418430.625000  418401.968750  418406.312500  418401.468750
7627  610.954224  418485.531250  418456.781250  418461.156250  418456.312500
7628  611.034363  418540.312500  418511.625000  418516.062500  418511.218750
7629  611.114441  418595.218750  418566.562500  418571.031250  418566.031250
7630  611.194580  418650.125000  418621.437500  418625.906250  418620.875000
7631  611.274658  418704.937500  418676.312500  418680.718750  418675.812500
7632  611.354736  418759.781250  418731.250000  418735.562500  418730.718750
7633  611.434875  418814.656250  418786.093750  418790.625000  418785.625000
7634  611.514954  418869.468750  418840.968750  418845.406250  418840.468750
7635  611.595093  418924.312500  418895.843750  418900.281250  418895.281250
7636  611.675171  418979.218750  418950.750000  418955.156250  418950.281250
7637  611.755249  419034.031250  419005.531250  419010.000000  419005.156250
7638  611.835388  419088.875000  419060.343750  419064.906250  419060.031250
7639  611.915466  419143.781250  419115.187500  419119.843750  419114.906250
7640  611.995605  419198.593750  419170.000000  419174.781250  419169.812500
7641  612.075684  419253.531250  419224.843750  419229.593750  419224.750000
7642  612.155823  419308.406250  419279.656250  419284.500000  419279.718750
7643  612.235901  419363.281250  419334.437500  419339.343750  419334.531250
7644  612.315979  419418.156250  419389.250000  419394.218750  419389.437500
7645  612.396118  419473.125000  419444.093750  419448.968750  419444.375000
7646  612.476196  419527.906250  419498.906250  419503.875000  419499.281250
7647  612.556335  419582.812500  419553.687500  419558.812500  419554.125000
7648  612.636414  419637.562500  419608.625000  419613.750000  419608.906250
7649  612.716553  419692.500000  419663.468750  419668.656250  419663.812500
7650  612.796631  419747.406250  419718.250000  419723.500000  419718.593750
7651  612.876709  419802.343750  419773.031250  419778.312500  419773.437500
7652  612.956848  419857.218750  419827.906250  419833.187500  419828.281250
7653  613.036926  419912.093750  419882.718750  419887.968750  419883.125000
7654  613.117065  419966.968750  419937.562500  419942.718750  419938.062500
7655  613.197144  420021.843750  419992.500000  419997.593750  419992.937500
7656  613.277283  420076.718750  420047.375000  420052.437500  420047.750000
7657  613.357361  420131.531250  420102.218750  420107.250000  420102.750000
7658  613.437439  420186.375000  420157.031250  420162.093750  420157.500000
7659  613.517578  420241.250000  420211.843750  420216.937500  420212.375000
7660  613.597656  420296.062500  420266.718750  420271.750000  420267.312500
7661  613.677795  420351.031250  420321.531250  420326.656250  420322.156250
7662  613.757874  420405.843750  420376.500000  420381.500000  420377.031250
7663  613.838013  420460.718750  420431.343750  420436.406250  420431.906250
7664  613.918091  420515.531250  420486.218750  420491.250000  420486.781250
7665  613.998169  420570.375000  420541.062500  420546.031250  420541.562500
7666  614.078308  420625.250000  420595.875000  420600.937500  420596.437500
7667  614.158386  420680.125000  420650.875000  420655.781250  420651.343750
7668  614.238525  420734.937500  420705.656250  420710.687500  420706.156250
7669  614.318604  420789.781250  420760.406250  420765.531250  420761.062500
7670  614.398743  420844.593750  420815.250000  420820.406250  420815.875000
7671  614.478821  420899.562500  420870.218750  420875.312500  420870.781250
7672  614.558899  420954.375000  420925.093750  420930.156250  420925.593750
7673  614.639038  421009.250000  420980.093750  420984.968750  420980.531250
7674  614.719116  421064.093750  421034.906250  421039.781250  421035.375000
7675  614.799255  421119.000000  421089.875000  421094.593750  421090.125000
7676  614.879333  421173.937500  421144.812500  421149.406250  421144.937500
7677  614.959473  421228.906250  421199.718750  421204.250000  421199.781250
7678  615.039551  421283.718750  421254.562500  421259.093750  421254.656250
7679  615.119629  421338.625000  421309.437500  421313.937500  421309.500000
7680  615.199768  421393.437500  421364.281250  421368.718750  421364.406250
7681  615.279846  421448.281250  421419.093750  421423.718750  421419.375000
7682  615.359985  421503.093750  421474.000000  421478.656250  421474.156250
7683  615.440063  421558.093750  421528.843750  421533.468750  421529.062500
7684  615.520203  421613.031250  421583.906250  421588.281250  421583.843750
7685  615.600281  421667.906250  421638.812500  421643.125000  421638.781250
7686  615.680359  421722.812500  421693.656250  421698.062500  421693.531250
7687  615.760498  421777.718750  421748.437500  421752.937500  421748.437500
7688  615.840576  421832.562500  421803.343750  421807.812500  421803.250000
7689  615.920715  421887.375000  421858.187500  421862.562500  421858.062500
7690  616.000793  421942.375000  421913.062500  421917.500000  421912.875000
7691  616.080933  421997.187500  421967.906250  421972.312500  421967.781250
7692  616.161011  422052.156250  422022.750000  422027.125000  422022.687500
7693  616.241089  422106.968750  422077.531250  422082.031250  422077.531250
7694  616.321228  422161.812500  422132.593750  422136.843750  422132.312500
7695  616.401306  422216.718750  422187.406250  422191.750000  422187.250000
7696  616.481445  422271.531250  422242.281250  422246.593750  422242.156250
7697  616.561523  422326.437500  422297.218750  422301.531250  422297.062500
7698  616.641602  422381.281250  422352.093750  422356.343750  422351.906250
7699  616.721741  422436.187500  422406.906250  422411.250000  422406.875000
7700  616.801819  422491.062500  422461.781250  422466.031250  422461.656250
7701  616.881958  422545.906250  422516.718750  422520.875000  422516.468750
7702  616.962036  422600.750000  422571.562500  422575.906250  422571.375000
7703  617.042175  422655.750000  422626.437500  422630.718750  422626.343750
7704  617.122253  422710.687500  422681.375000  422685.593750  422681.218750
7705  617.202332  422765.500000  422736.250000  422740.437500  422736.093750
7706  617.282471  422820.343750  422791.312500  422795.281250  422790.875000
7707  617.362549  422875.312500  422846.218750  422850.125000  422845.687500
7708  617.442688  422930.156250  422901.031250  422905.125000  422900.562500
7709  617.522766  422985.000000  422955.843750  422959.937500  422955.437500
7710  617.602905  423039.937500  423010.656250  423014.875000  423010.343750
7711  617.682983  423094.906250  423065.562500  423069.781250  423065.156250
7712  617.763062  423149.812500  423120.375000  423124.625000  423120.093750
7713  617.843201  423204.718750  423175.250000  423179.437500  423175.000000
7714  617.923279  423259.531250  423230.125000  423234.343750  423229.906250
7715  618.003418  423314.343750  423285.000000  423289.187500  423284.718750
7716  618.083496  423369.187500  423339.843750  423344.093750  423339.562500
7717  618.163635  423424.187500  423394.781250  423399.031250  423394.468750
7718  618.243713  423479.093750  423449.687500  423453.937500  423449.281250
7719  618.323792  423534.093750  423504.656250  423508.875000  423504.125000
7720  618.403931  423588.937500  423559.468750  423563.750000  423559.031250
7721  618.484009  423643.750000  423614.375000  423618.625000  423613.812500
7722  618.564148  423698.625000  423669.093750  423673.468750  423668.656250
7723  618.644226  423753.500000  423724.000000  423728.312500  423723.656250
7724  618.724365  423808.343750  423778.843750  423783.093750  423778.500000
7725  618.804443  423863.156250  423833.750000  423838.000000  423833.437500
7726  618.884521  423917.937500  423888.562500  423892.812500  423888.218750
7727  618.964661  423972.750000  423943.500000  423947.625000  423943.000000
7728  619.044739  424027.531250  423998.406250  424002.500000  423997.843750
7729  619.124878  424082.500000  424053.312500  424057.375000  424052.656250
7730  619.204956  424137.312500  424108.187500  424112.312500  424107.437500
7731  619.285095  424192.250000  424162.968750  424167.187500  424162.250000
7732  619.365173  424247.250000  424217.968750  424222.125000  424217.125000
7733  619.445251  424302.093750  424272.812500  424277.000000  424271.968750
7734  619.525391  424356.937500  424327.625000  424331.906250  424326.906250
7735  619.605469  424411.750000  424382.468750  424386.812500  424381.687500
7736  619.685608  424466.562500  424437.375000  424441.718750  424436.531250
7737  619.765686  424521.562500  424492.187500  424496.593750  424491.468750
7738  619.845825  424576.375000  424547.000000  424551.500000  424546.343750
7739  619.925903  424631.250000  424601.875000  424606.312500  424601.187500
7740  620.005981  424686.062500  424656.687500  424661.125000  424656.000000
7741  620.086121  424740.937500  424711.500000  424715.937500  424710.812500
7742  620.166199  424795.875000  424766.312500  424771.000000  424765.593750
7743  620.246338  424850.656250  424821.125000  424825.875000  424820.500000
7744  620.326416  424905.500000  424876.000000  424880.687500  424875.437500
7745  620.406555  424960.406250  424930.843750  424935.562500  424930.281250
7746  620.486633  425015.375000  424985.625000  424990.437500  424985.156250
7747  620.566711  425070.187500  425040.531250  425045.343750  425039.937500
7748  620.646851  425125.125000  425095.312500  425100.062500  425094.875000
7749  620.726929  425180.000000  425150.312500  425154.875000  425149.625000
7750  620.807068  425234.843750  425205.187500  425209.656250  425204.531250
7751  620.887146  425289.656250  425260.031250  425264.593750  425259.500000
7752  620.967224  425344.562500  425314.937500  425319.406250  425314.312500
7753  621.047363  425399.375000  425369.781250  425374.218750  425369.218750
7754  621.127441  425454.187500  425424.656250  425429.000000  425424.093750
7755  621.207581  425509.125000  425479.531250  425483.750000  425478.968750
7756  621.287659  425564.000000  425534.343750  425538.593750  425533.875000
7757  621.367798  425618.968750  425589.156250  425593.343750  425588.718750
7758  621.447876  425673.781250  425644.031250  425648.187500  425643.593750
7759  621.527954  425728.562500  425698.875000  425702.968750  425698.406250
7760  621.608093  425783.406250  425753.812500  425757.781250  425753.218750
7761  621.688171  425838.281250  425808.718750  425812.593750  425808.125000
7762  621.768311  425893.093750  425863.625000  425867.406250  425862.937500
7763  621.848389  425947.937500  425918.500000  425922.281250  425917.781250
7764  621.928528  426002.875000  425973.281250  425977.187500  425972.593750
7765  622.008606  426057.812500  426028.250000  426032.031250  426027.500000
7766  622.088684  426112.687500  426083.093750  426086.843750  426082.437500
7767  622.168823  426167.531250  426137.906250  426141.656250  426137.250000
7768  622.248901  426222.312500  426192.687500  426196.531250  426192.125000
7769  622.329041  426277.125000  426247.531250  426251.406250  426246.906250
7770  622.409119  426331.968750  426302.375000  426306.281250  426301.656250
7771  622.489258  426387.000000  426357.218750  426361.156250  426356.562500
7772  622.569336  426441.812500  426412.218750  426416.156250  426411.468750
7773  622.649414  426496.656250  426467.031250  426470.875000  426466.343750
7774  622.729553  426551.531250  426521.906250  426525.750000  426521.125000
7775  622.809631  426606.500000  426576.843750  426580.625000  426575.937500
7776  622.889771  426661.531250  426631.687500  426635.406250  426630.812500
7777  622.969849  426716.343750  426686.656250  426690.281250  426685.593750
7778  623.049988  426771.156250  426741.562500  426745.031250  426740.468750
7779  623.130066  426826.156250  426796.468750  426799.937500  426795.343750
7780  623.210144  426881.093750  426851.312500  426854.750000  426850.187500
7781  623.290283  426935.937500  426906.187500  426909.531250  426905.000000
7782  623.370361  426990.781250  426961.062500  426964.281250  426959.875000
7783  623.450500  427045.625000  427015.843750  427019.062500  427014.593750
7784  623.530579  427100.625000  427070.687500  427073.937500  427069.468750
7785  623.610718  427155.500000  427125.562500  427128.750000  427124.281250
7786  623.690796  427210.312500  427180.406250  427183.656250  427179.093750
7787  623.770874  427265.093750  427235.218750  427238.531250  427233.906250
7788  623.851013  427320.093750  427290.093750  427293.406250  427288.656250
7789  623.931091  427375.031250  427344.937500  427348.218750  427343.500000
7790  624.011230  427429.906250  427399.875000  427403.093750  427398.375000
7791  624.091309  427484.812500  427454.750000  427457.937500  427453.250000
7792  624.171448  427539.656250  427509.687500  427512.687500  427508.187500
7793  624.251526  427594.562500  427564.531250  427567.500000  427563.093750
7794  624.331604  427649.375000  427619.343750  427622.406250  427618.000000
7795  624.411743  427704.187500  427674.250000  427677.218750  427672.812500
7796  624.491821  427759.187500  427729.093750  427732.062500  427727.656250
7797  624.571960  427814.000000  427783.906250  427786.968750  427782.531250
7798  624.652039  427868.812500  427838.687500  427841.812500  427837.375000
7799  624.732178  427923.656250  427893.468750  427896.625000  427892.281250
7800  624.812256  427978.531250  427948.500000  427951.562500  427947.125000
7801  624.892334  428033.406250  428003.375000  428006.343750  428002.000000
7802  624.972473  428088.250000  428058.281250  428061.312500  428056.843750
7803  625.052551  428143.093750  428113.093750  428116.187500  428111.687500
7804  625.132690  428198.031250  428167.906250  428171.031250  428166.500000
7805  625.212769  428252.937500  428222.781250  428225.968750  428221.437500
7806  625.292908  428307.812500  428277.593750  428280.781250  428276.312500
7807  625.372986  428362.687500  428332.406250  428335.656250  428331.218750
7808  625.453064  428417.500000  428387.218750  428390.593750  428385.968750
7809  625.533203  428472.281250  428442.031250  428445.406250  428440.812500
7810  625.613281  428527.125000  428496.968750  428500.125000  428495.687500
7811  625.693420  428582.000000  428551.781250  428555.031250  428550.562500
7812  625.773499  428636.875000  428606.656250  428609.843750  428605.406250
7813  625.853577  428691.750000  428661.500000  428664.750000  428660.187500
7814  625.933716  428746.687500  428716.281250  428719.687500  428715.000000
7815  626.013794  428801.625000  428771.093750  428774.500000  428769.968750
7816  626.093933  428856.500000  428825.906250  428829.437500  428824.781250
7817  626.174011  428911.312500  428880.812500  428884.312500  428879.625000
7818  626.254150  428966.156250  428935.843750  428939.062500  428934.437500
7819  626.334229  429021.093750  428990.781250  428993.937500  428989.312500
7820  626.414307  429075.937500  429045.625000  429048.750000  429044.156250
7821  626.494446  429130.843750  429100.406250  429103.593750  429098.968750
7822  626.574524  429185.687500  429155.250000  429158.500000  429153.687500
7823  626.654663  429240.593750  429210.125000  429213.281250  429208.593750
7824  626.734741  429295.468750  429265.156250  429268.000000  429263.406250
7825  626.814880  429350.343750  429320.062500  429322.843750  429318.281250
7826  626.894958  429405.187500  429374.937500  429377.687500  429373.156250
7827  626.975037  429459.968750  429429.750000  429432.531250  429427.968750
7828  627.055176  429514.875000  429484.468750  429487.375000  429482.906250
7829  627.135254  429569.718750  429539.343750  429542.125000  429537.781250
7830  627.215393  429624.531250  429594.406250  429597.031250  429592.625000
7831  627.295471  429679.468750  429649.218750  429651.906250  429647.593750
7832  627.375610  429734.406250  429704.093750  429706.812500  429702.437500
7833  627.455688  429789.406250  429758.937500  429761.687500  429757.250000
7834  627.535767  429844.218750  429813.781250  429816.468750  429812.093750
7835  627.615906  429899.000000  429868.687500  429871.437500  429866.875000
7836  627.695984  429953.937500  429923.562500  429926.343750  429921.843750
7837  627.776123  430008.750000  429978.562500  429981.156250  429976.718750
7838  627.856201  430063.593750  430033.406250  430035.968750  430031.656250
7839  627.936340  430118.468750  430088.187500  430090.906250  430086.531250
7840  628.016418  430173.187500  430143.125000  430145.812500  430141.437500
7841  628.096497  430228.000000  430198.031250  430200.687500  430196.375000
7842  628.176636  430282.812500  430252.875000  430255.593750  430251.187500
7843  628.256714  430337.468750  430307.781250  430310.625000  430306.062500
7844  628.336853  430392.281250  430362.656250  430365.562500  430360.875000
7845  628.416931  430447.031250  430417.531250  430420.312500  430415.687500
7846  628.497070  430501.562500  430472.531250  430475.156250  430470.500000
7847  628.577148  430556.093750  430527.406250  430529.968750  430525.312500
7848  628.657227  430610.375000  430582.250000  430584.781250  430580.218750
7849  628.737366  430664.468750  430637.125000  430639.625000  430635.031250
7850  628.817444  430718.406250  430691.968750  430694.562500  430689.843750
7851  628.897583  430772.062500  430746.812500  430749.500000  430744.781250
7852  628.977661  430825.531250  430801.625000  430804.375000  430799.687500
7853  629.057800  430878.531250  430856.500000  430859.312500  430854.562500
7854  629.137878  430931.187500  430911.218750  430914.125000  430909.406250
7855  629.217957  430983.187500  430966.093750  430969.000000  430964.375000
7856  629.298096  431034.750000  431020.937500  431023.906250  431019.500000
7857  629.378174  431085.562500  431075.875000  431078.781250  431074.406250
7858  629.458313  431135.531250  431130.687500  431133.656250  431129.250000
7859  629.538391  431184.843750  431185.531250  431188.531250  431184.031250
7860  629.618530  431233.218750  431240.375000  431243.406250  431238.843750
7861  629.698608  431280.625000  431295.156250  431298.281250  431293.718750
7862  629.778687  431327.031250  431349.968750  431353.062500  431348.593750
7863  629.858826  431372.375000  431404.781250  431407.875000  431403.468750
7864  629.938904  431416.718750  431459.593750  431462.718750  431458.312500
7865  630.019043  431459.843750  431514.343750  431517.625000  431513.093750
7866  630.099121  431501.968750  431569.187500  431572.468750  431568.000000
7867  630.179260  431542.875000  431623.968750  431627.250000  431622.687500
7868  630.259338  431582.687500  431678.656250  431682.031250  431677.375000
7869  630.339417  431621.437500  431733.375000  431736.687500  431732.125000
7870  630.419556  431659.250000  431787.968750  431791.343750  431786.781250
7871  630.499634  431695.937500  431842.562500  431845.968750  431841.406250
7872  630.579773  431731.718750  431897.093750  431900.531250  431895.937500
7873  630.659851  431766.468750  431951.468750  431954.937500  431950.281250
7874  630.739929  431800.406250  432005.718750  432009.218750  432004.468750
7875  630.820068  431833.437500  432059.781250  432063.437500  432058.500000
7876  630.900146  431865.656250  432113.562500  432117.250000  432112.343750
7877  630.980286  431897.187500  432167.093750  432170.812500  432165.968750
7878  631.060364  431927.968750  432220.281250  432224.031250  432219.187500
7879  631.140503  431958.156250  432273.125000  432277.031250  432272.156250
7880  631.220581  431987.656250  432325.375000  432329.468750  432324.531250
7881  631.300659  432016.562500  432377.218750  432381.281250  432376.500000
7882  631.380798  432044.875000  432428.375000  432432.656250  432427.843750
7883  631.460876  432072.718750  432478.812500  432483.218750  432478.468750
7884  631.541016  432100.031250  432528.500000  432533.031250  432528.312500
7885  631.621094  432126.937500  432577.281250  432582.031250  432577.531250
7886  631.701233  432153.343750  432625.218750  432630.218750  432625.718750
7887  631.781311  432179.343750  432672.187500  432677.406250  432673.093750
7888  631.861389  432204.937500  432718.187500  432723.593750  432719.437500
7889  631.941528  432230.250000  432763.187500  432768.750000  432764.656250
7890  632.021606  432255.156250  432807.062500  432812.843750  432808.968750
7891  632.101746  432279.718750  432849.906250  432855.843750  432852.031250
7892  632.181824  432304.031250  432891.687500  432897.781250  432894.031250
7893  632.261963  432328.093750  432932.406250  432938.687500  432935.000000
7894  632.342041  432351.812500  432971.968750  432978.437500  432974.843750
7895  632.422119  432375.281250  433010.562500  433017.156250  433013.656250
7896  632.502258  432398.500000  433048.125000  433054.843750  433051.500000
7897  632.582336  432421.500000  433084.718750  433091.531250  433088.437500
7898  632.662476  432444.343750  433120.312500  433127.375000  433124.312500
7899  632.742554  432466.906250  433155.062500  433162.250000  433159.406250
7900  632.822693  432489.312500  433189.000000  433196.312500  433193.562500
7901  632.902771  432511.531250  433222.093750  433229.562500  433226.812500
7902  632.982849  432533.593750  433254.406250  433262.062500  433259.500000
7903  633.062988  432555.531250  433286.062500  433293.781250  433291.343750
7904  633.143066  432577.281250  433316.968750  433324.812500  433322.437500
7905  633.223206  432598.812500  433347.187500  433355.187500  433352.968750
7906  633.303284  432620.312500  433376.875000  433385.031250  433382.781250
7907  633.383423  432641.656250  433405.937500  433414.250000  433412.093750
7908  633.463501  432662.843750  433434.468750  433442.937500  433440.843750
7909  633.543579  432683.937500  433462.562500  433471.125000  433469.062500
7910  633.623718  432704.875000  433490.187500  433498.750000  433496.875000
7911  633.703796  432725.781250  433517.406250  433526.031250  433524.187500
7912  633.783936  432746.531250  433544.125000  433552.843750  433551.093750
7913  633.864014  432767.218750  433570.468750  433579.312500  433577.593750
7914  633.944153  432787.843750  433596.500000  433605.375000  433603.656250
7915  634.024231  432808.343750  433622.156250  433631.093750  433629.406250
7916  634.104309  432828.750000  433647.468750  433656.500000  433654.875000
7917  634.184448  432849.062500  433672.500000  433681.625000  433680.031250
7918  634.264526  432869.343750  433697.281250  433706.437500  433704.875000
7919  634.344666  432889.468750  433721.781250  433731.000000  433729.437500
7920  634.424744  432909.531250  433746.000000  433755.250000  433753.781250
7921  634.504883  432929.562500  433770.000000  433779.281250  433777.843750
7922  634.584961  432949.531250  433793.687500  433803.093750  433801.656250
7923  634.665039  432969.437500  433817.250000  433826.687500  433825.281250
7924  634.745178  432989.312500  433840.593750  433850.125000  433848.656250
7925  634.825256  433009.093750  433863.718750  433873.281250  433871.906250
7926  634.905396  433028.812500  433886.750000  433896.312500  433894.906250
7927  634.985474  433048.593750  433909.500000  433919.156250  433917.781250
7928  635.065552  433068.218750  433932.125000  433941.812500  433940.500000
7929  635.145691  433087.843750  433954.531250  433964.343750  433963.000000
7930  635.225769  433107.375000  433976.875000  433986.718750  433985.375000
7931  635.305908  433126.937500  433999.062500  434008.968750  434007.625000
7932  635.385986  433146.468750  434021.156250  434031.093750  434029.781250
7933  635.466125  433165.875000  434043.125000  434053.125000  434051.812500
7934  635.546204  433185.250000  434064.968750  434074.968750  434073.750000
7935  635.626282  433204.656250  434086.750000  434096.781250  434095.531250
7936  635.706421  433224.000000  434108.375000  434118.468750  434117.187500
7937  635.786499  433243.281250  434129.906250  434140.062500  434138.781250
7938  635.866638  433262.593750  434151.375000  434161.468750  434160.281250
7939  635.946716  433281.843750  434172.718750  434182.843750  434181.656250
7940  636.026855  433301.093750  434194.062500  434204.156250  434202.968750
7941  636.106934  433320.375000  434215.281250  434225.375000  434224.187500
7942  636.187012  433339.531250  434236.406250  434246.562500  434245.375000
7943  636.267151  433358.687500  434257.437500  434267.593750  434266.437500
7944  636.347229  433377.781250  434278.406250  434288.593750  434287.437500
7945  636.427368  433396.875000  434299.281250  434309.593750  434308.437500
7946  636.507446  433415.937500  434320.187500  434330.437500  434329.312500
7947  636.587585  433434.968750  434340.968750  434351.281250  434350.093750
7948  636.667664  433453.968750  434361.687500  434372.062500  434370.937500
7949  636.747742  433473.031250  434382.375000  434392.750000  434391.625000
7950  636.827881  433492.093750  434402.968750  434413.406250  434412.281250
7951  636.907959  433511.093750  434423.593750  434434.031250  434432.906250
7952  636.988098  433530.031250  434444.156250  434454.562500  434453.500000
7953  637.068176  433549.031250  434464.656250  434475.125000  434474.031250
7954  637.148315  433567.968750  434485.125000  434495.593750  434494.531250
7955  637.228394  433586.968750  434505.562500  434516.000000  434515.000000
7956  637.308472  433605.843750  434526.000000  434536.406250  434535.406250
7957  637.388611  433624.750000  434546.343750  434556.812500  434555.812500
7958  637.468689  433643.656250  434566.625000  434577.156250  434576.156250
7959  637.548828  433662.531250  434586.906250  434597.406250  434596.468750
7960  637.628906  433681.375000  434607.125000  434617.656250  434616.750000
7961  637.709045  433700.250000  434627.406250  434637.937500  434637.000000
7962  637.789124  433719.062500  434647.562500  434658.093750  434657.187500
7963  637.869202  433737.875000  434667.750000  434678.312500  434677.375000
7964  637.949341  433756.750000  434687.906250  434698.468750  434697.562500
7965  638.029419  433775.500000  434708.031250  434718.625000  434717.687500
7966  638.109558  433794.343750  434728.093750  434738.750000  434737.843750
7967  638.189636  433813.156250  434748.156250  434758.843750  434757.968750
7968  638.269775  433831.937500  434768.187500  434778.937500  434778.062500
7969  638.349854  433850.687500  434788.187500  434799.000000  434798.125000
7970  638.429932  433869.437500  434808.187500  434819.031250  434818.156250
7971  638.510071  433888.187500  434828.156250  434839.093750  434838.125000
7972  638.590149  433906.937500  434848.093750  434859.125000  434858.156250
7973  638.670288  433925.656250  434868.031250  434879.093750  434878.093750
7974  638.750366  433944.406250  434887.937500  434899.062500  434898.125000
7975  638.830505  433963.156250  434907.875000  434919.031250  434918.093750
7976  638.910583  433981.937500  434927.812500  434939.000000  434938.031250
7977  638.990662  434000.656250  434947.718750  434958.906250  434957.937500
7978  639.070801  434019.406250  434967.625000  434978.843750  434977.843750
7979  639.150879  434038.156250  434987.437500  434998.750000  434997.750000
7980  639.231018  434056.843750  435007.281250  435018.593750  435017.625000
7981  639.311096  434075.531250  435027.125000  435038.468750  435037.500000
7982  639.391235  434094.218750  435046.906250  435058.312500  435057.375000
7983  639.471313  434112.875000  435066.718750  435078.187500  435077.218750
7984  639.551392  434131.562500  435086.593750  435098.031250  435097.000000
7985  639.631531  434150.218750  435106.406250  435117.906250  435116.875000
7986  639.711609  434168.906250  435126.187500  435137.718750  435136.687500
7987  639.791748  434187.593750  435145.968750  435157.531250  435156.500000
7988  639.871826  434206.187500  435165.750000  435177.312500  435176.312500
7989  639.951904  434224.843750  435185.531250  435197.156250  435196.156250
7990  640.032043  434243.531250  435205.312500  435216.937500  435215.937500
7991  640.112122  434262.187500  435225.062500  435236.750000  435235.750000
7992  640.192261  434280.812500  435244.843750  435256.531250  435255.593750
7993  640.272339  434299.468750  435264.562500  435276.312500  435275.375000
7994  640.352478  434318.125000  435284.281250  435296.031250  435295.156250
7995  640.432556  434336.750000  435304.000000  435315.812500  435314.937500
7996  640.512634  434355.343750  435323.718750  435335.562500  435334.687500
7997  640.592773  434373.968750  435343.406250  435355.312500  435354.437500
7998  640.672852  434392.625000  435363.125000  435375.062500  435374.218750
7999  640.752991  434411.281250  435382.843750  435394.843750  435393.937500
8000  640.833069  434429.937500  435402.562500  435414.531250  435413.718750
8001  640.913208  434448.625000  435422.250000  435434.281250  435433.468750
8002  640.993286  434467.281250  435441.968750  435454.000000  435453.156250
8003  641.073364  434485.875000  435461.656250  435473.750000  435472.906250
8004  641.153503  434504.562500  435481.312500  435493.500000  435492.656250
8005  641.233582  434523.156250  435501.031250  435513.187500  435512.375000
8006  641.313721  434541.812500  435520.718750  435532.906250  435532.093750
8007  641.393799  434560.406250  435540.375000  435552.625000  435551.843750
8008  641.473938  434579.031250  435560.031250  435572.343750  435571.562500
8009  641.554016  434597.656250  435579.656250  435592.062500  435591.281250
8010  641.634094  434616.250000  435599.375000  435611.781250  435611.000000
8011  641.714233  434634.937500  435619.031250  435631.468750  435630.687500
8012  641.794312  434653.500000  435638.656250  435651.187500  435650.375000
8013  641.874451  434672.125000  435658.312500  435670.875000  435670.031250
8014  641.954529  434690.750000  435677.968750  435690.531250  435689.718750
8015  642.034668  434709.312500  435697.593750  435710.187500  435709.406250
8016  642.114746  434727.968750  435717.250000  435729.906250  435729.062500
8017  642.194824  434746.562500  435736.875000  435749.593750  435748.750000
8018  642.274963  434765.125000  435756.468750  435769.343750  435768.468750
8019  642.355042  434783.718750  435776.093750  435789.000000  435788.156250
8020  642.435181  434802.343750  435795.750000  435808.656250  435807.812500
8021  642.515259  434820.906250  435815.375000  435828.312500  435827.468750
8022  642.595398  434839.500000  435835.031250  435848.031250  435847.187500
8023  642.675476  434858.062500  435854.718750  435867.687500  435866.843750
8024  642.755554  434876.687500  435874.281250  435887.343750  435886.468750
8025  642.835693  434895.281250  435893.906250  435907.000000  435906.125000
8026  642.915771  434913.812500  435913.562500  435926.625000  435925.781250
8027  642.995911  434932.406250  435933.156250  435946.281250  435945.437500
8028  643.075989  434951.000000  435952.781250  435965.968750  435965.125000
8029  643.156128  434969.625000  435972.375000  435985.625000  435984.812500
8030  643.236206  434988.156250  435992.000000  436005.312500  436004.406250
8031  643.316284  435006.750000  436011.656250  436025.000000  436024.125000
8032  643.396423  435025.312500  436031.281250  436044.656250  436043.812500
8033  643.476501  435043.906250  436050.875000  436064.312500  436063.468750
8034  643.556641  435062.437500  436070.500000  436083.937500  436083.187500
8035  643.636719  435081.031250  436090.062500  436103.593750  436102.843750
8036  643.716858  435099.562500  436109.687500  436123.250000  436122.500000
8037  643.796936  435118.156250  436129.281250  436142.937500  436142.156250
8038  643.877014  435136.718750  436148.875000  436162.531250  436161.812500
8039  643.957153  435155.250000  436168.500000  436182.187500  436181.437500
8040  644.037231  435173.843750  436188.093750  436201.875000  436201.093750
8041  644.117371  435192.375000  436207.750000  436221.468750  436220.750000
8042  644.197449  435211.000000  436227.343750  436241.156250  436240.375000
8043  644.277588  435229.500000  436246.906250  436260.750000  436260.031250
8044  644.357666  435248.062500  436266.531250  436280.437500  436279.718750
8045  644.437744  435266.625000  436286.125000  436300.093750  436299.312500
8046  644.517883  435285.156250  436305.781250  436319.750000  436318.968750
8047  644.597961  435303.750000  436325.437500  436339.406250  436338.656250
8048  644.678101  435322.312500  436345.000000  436359.093750  436358.250000
8049  644.758179  435340.843750  436364.625000  436378.718750  436377.968750
8050  644.838257  435359.406250  436384.218750  436398.343750  436397.593750
8051  644.918396  435378.000000  436403.843750  436418.000000  436417.250000
8052  644.998474  435396.500000  436423.406250  436437.625000  436436.906250
8053  645.078613  435415.093750  436443.031250  436457.281250  436456.562500
8054  645.158691  435433.656250  436462.656250  436476.906250  436476.187500
8055  645.238831  435452.156250  436482.218750  436496.531250  436495.843750
8056  645.318909  435470.718750  436501.843750  436516.187500  436515.468750
8057  645.398987  435489.250000  436521.437500  436535.843750  436535.093750
8058  645.479126  435507.812500  436541.000000  436555.500000  436554.718750
8059  645.559204  435526.406250  436560.593750  436575.125000  436574.343750
8060  645.639343  435545.031250  436580.187500  436594.781250  436594.000000
8061  645.719421  435563.593750  436599.781250  436614.406250  436613.593750
8062  645.799561  435582.156250  436619.406250  436634.062500  436633.218750
8063  645.879639  435600.687500  436638.968750  436653.718750  436652.843750
8064  645.959717  435619.187500  436658.625000  436673.406250  436672.468750
8065  646.039856  435637.718750  436678.187500  436693.000000  436692.125000
8066  646.119934  435656.250000  436697.781250  436712.656250  436711.781250
8067  646.200073  435674.812500  436717.343750  436732.343750  436731.375000
8068  646.280151  435693.343750  436736.937500  436751.937500  436751.031250
8069  646.360291  435711.843750  436756.562500  436771.625000  436770.656250
8070  646.440369  435730.375000  436776.125000  436791.281250  436790.343750
8071  646.520447  435748.906250  436795.718750  436810.906250  436809.968750
8072  646.600586  435767.468750  436815.343750  436830.500000  436829.625000
8073  646.680664  435785.968750  436834.968750  436850.218750  436849.218750
8074  646.760803  435804.500000  436854.531250  436869.843750  436868.875000
8075  646.840881  435823.031250  436874.125000  436889.531250  436888.531250
8076  646.921021  435841.562500  436893.750000  436909.156250  436908.156250
8077  647.001099  435860.125000  436913.312500  436928.812500  436927.812500
8078  647.081177  435878.656250  436932.906250  436948.437500  436947.437500
8079  647.161316  435897.218750  436952.468750  436968.000000  436967.062500
8080  647.241394  435915.781250  436972.125000  436987.687500  436986.687500
8081  647.321533  435934.343750  436991.718750  437007.281250  437006.343750
8082  647.401611  435952.875000  437011.250000  437026.906250  437025.968750
8083  647.481750  435971.437500  437030.843750  437046.531250  437045.625000
8084  647.561829  435989.968750  437050.468750  437066.156250  437065.250000
8085  647.641907  436008.593750  437070.031250  437085.781250  437084.906250
8086  647.722046  436027.093750  437089.656250  437105.406250  437104.531250
8087  647.802124  436045.593750  437109.250000  437125.031250  437124.125000
8088  647.882263  436064.156250  437128.937500  437144.625000  437143.812500
8089  647.962341  436082.687500  437148.468750  437164.250000  437163.406250
8090  648.042480  436101.187500  437168.093750  437183.843750  437183.031250
8091  648.122559  436119.687500  437187.750000  437203.500000  437202.656250
8092  648.202637  436138.187500  437207.375000  437223.125000  437222.281250
8093  648.282776  436156.687500  437226.968750  437242.750000  437241.843750
8094  648.362854  436175.281250  437246.500000  437262.375000  437261.531250
8095  648.442993  436193.781250  437266.125000  437281.937500  437281.125000
8096  648.523071  436212.312500  437285.656250  437301.593750  437300.812500
8097  648.603210  436230.812500  437305.250000  437321.218750  437320.406250
8098  648.683289  436249.343750  437324.812500  437340.843750  437340.000000
8099  648.763367  436267.843750  437344.500000  437360.468750  437359.625000
8100  648.843506  436286.343750  437364.062500  437380.093750  437379.250000
8101  648.923584  436304.875000  437383.656250  437399.750000  437398.906250
8102  649.003723  436323.375000  437403.218750  437419.406250  437418.531250
8103  649.083801  436341.875000  437422.812500  437439.062500  437438.156250
8104  649.163879  436360.437500  437442.437500  437458.687500  437457.750000
8105  649.244019  436378.968750  437462.000000  437478.312500  437477.437500
8106  649.324097  436397.468750  437481.593750  437497.875000  437497.031250
8107  649.404236  436415.968750  437501.156250  437517.500000  437516.687500
8108  649.484314  436434.500000  437520.718750  437537.125000  437536.281250
8109  649.564453  436453.000000  437540.281250  437556.750000  437555.906250
8110  649.644531  436471.500000  437559.812500  437576.375000  437575.593750
8111  649.724609  436490.000000  437579.406250  437596.000000  437595.218750
8112  649.804749  436508.531250  437599.000000  437615.562500  437614.843750
8113  649.884827  436527.093750  437618.593750  437635.187500  437634.468750
8114  649.964966  436545.593750  437638.156250  437654.843750  437654.093750
8115  650.045044  436564.031250  437657.687500  437674.437500  437673.718750
8116  650.125183  436582.531250  437677.281250  437694.031250  437693.312500
8117  650.205261  436601.031250  437696.875000  437713.656250  437713.000000
8118  650.285339  436619.531250  437716.500000  437733.312500  437732.593750
8119  650.365479  436638.062500  437736.093750  437752.937500  437752.281250
8120  650.445557  436656.625000  437755.625000  437772.531250  437771.875000
8121  650.525696  436675.125000  437775.218750  437792.093750  437791.500000
8122  650.605774  436693.656250  437794.750000  437811.781250  437811.156250
8123  650.685913  436712.156250  437814.375000  437831.437500  437830.781250
8124  650.765991  436730.656250  437833.937500  437851.062500  437850.406250
8125  650.846069  436749.156250  437853.500000  437870.656250  437870.031250
8126  650.926208  436767.656250  437873.031250  437890.250000  437889.687500
8127  651.006287  436786.093750  437892.656250  437909.843750  437909.312500
8128  651.086426  436804.593750  437912.187500  437929.531250  437928.875000
8129  651.166504  436823.093750  437931.781250  437949.156250  437948.468750
8130  651.246643  436841.593750  437951.343750  437968.781250  437968.125000
8131  651.326721  436860.093750  437970.906250  437988.437500  437987.750000
8132  651.406799  436878.593750  437990.468750  438008.062500  438007.375000
8133  651.486938  436897.156250  438010.000000  438027.718750  438027.000000
8134  651.567017  436915.593750  438029.593750  438047.281250  438046.625000
8135  651.647156  436934.125000  438049.187500  438066.906250  438066.218750
8136  651.727234  436952.593750  438068.750000  438086.562500  438085.843750
8137  651.807373  436971.125000  438088.343750  438106.187500  438105.437500
8138  651.887451  436989.625000  438107.906250  438125.812500  438125.062500
8139  651.967529  437008.093750  438127.500000  438145.437500  438144.656250
8140  652.047668  437026.593750  438147.031250  438165.062500  438164.281250
8141  652.127747  437045.093750  438166.656250  438184.625000  438183.937500
8142  652.207886  437063.593750  438186.250000  438204.281250  438203.562500
8143  652.287964  437082.093750  438205.781250  438223.906250  438223.218750
8144  652.368103  437100.625000  438225.406250  438243.531250  438242.843750
8145  652.448181  437119.125000  438244.968750  438263.156250  438262.437500
8146  652.528259  437137.625000  438264.531250  438282.781250  438282.062500
8147  652.608398  437156.156250  438284.093750  438302.406250  438301.687500
8148  652.688477  437174.656250  438303.625000  438322.000000  438321.250000
8149  652.768616  437193.156250  438323.187500  438341.625000  438340.875000
8150  652.848694  437211.625000  438342.750000  438361.281250  438360.500000
8151  652.928833  437230.156250  438362.281250  438380.875000  438380.125000
8152  653.008911  437248.625000  438381.875000  438400.468750  438399.750000
8153  653.088989  437267.093750  438401.406250  438420.062500  438419.312500
8154  653.169128  437285.593750  438421.000000  438439.656250  438438.937500
8155  653.249207  437304.031250  438440.531250  438459.312500  438458.562500
8156  653.329346  437322.593750  438460.125000  438478.968750  438478.187500
8157  653.409424  437341.031250  438479.656250  438498.593750  438497.812500
8158  653.489563  437359.500000  438499.250000  438518.250000  438517.343750
8159  653.569641  437378.031250  438518.843750  438537.875000  438536.906250
8160  653.649719  437396.500000  438538.406250  438557.500000  438556.531250
8161  653.729858  437414.968750  438557.937500  438577.125000  438576.156250
8162  653.809937  437433.468750  438577.531250  438596.750000  438595.750000
8163  653.890076  437451.968750  438597.093750  438616.375000  438615.312500
8164  653.970154  437470.406250  438616.687500  438635.937500  438634.937500
8165  654.050232  437488.968750  438636.218750  438655.562500  438654.562500
8166  654.130371  437507.437500  438655.812500  438675.187500  438674.187500
8167  654.210449  437525.906250  438675.375000  438694.812500  438693.812500
8168  654.290588  437544.375000  438694.906250  438714.375000  438713.468750
8169  654.370667  437562.875000  438714.468750  438734.000000  438733.031250
8170  654.450806  437581.375000  438734.000000  438753.625000  438752.656250
8171  654.530884  437599.875000  438753.593750  438773.281250  438772.312500
8172  654.610962  437618.312500  438773.125000  438792.875000  438791.937500
8173  654.691101  437636.781250  438792.750000  438812.531250  438811.531250
8174  654.771179  437655.281250  438812.281250  438832.156250  438831.093750
8175  654.851318  437673.781250  438831.875000  438851.750000  438850.718750
8176  654.931396  437692.218750  438851.406250  438871.312500  438870.312500
8177  655.011536  437710.656250  438870.937500  438890.937500  438889.937500
8178  655.091614  437729.125000  438890.562500  438910.531250  438909.531250
8179  655.171692  437747.593750  438910.093750  438930.156250  438929.156250
8180  655.251831  437766.031250  438929.687500  438949.781250  438948.812500
8181  655.331909  437784.500000  438949.218750  438969.375000  438968.406250
8182  655.412048  437803.000000  438968.750000  438989.000000  438988.031250
8183  655.492126  437821.468750  438988.343750  439008.593750  439007.656250
8184  655.572266  437839.968750  439007.875000  439028.187500  439027.218750
8185  655.652344  437858.406250  439027.468750  439047.812500  439046.875000
8186  655.732422  437876.875000  439047.000000  439067.437500  439066.500000
8187  655.812561  437895.343750  439066.593750  439087.000000  439086.125000
8188  655.892639  437913.781250  439086.125000  439106.625000  439105.718750
8189  655.972778  437932.250000  439105.656250  439126.250000  439125.406250
8190  656.052856  437950.750000  439125.218750  439145.812500  439145.031250
8191  656.132996  437969.218750  439144.781250  439165.500000  439164.656250
8192  656.213074  437987.718750  439164.312500  439185.093750  439184.312500
8193  656.293152  438006.125000  439183.875000  439204.718750  439203.875000
8194  656.373291  438024.625000  439203.437500  439224.343750  439223.468750
8195  656.453369  438043.031250  439223.031250  439243.968750  439243.125000
8196  656.533508  438061.500000  439242.593750  439263.593750  439262.750000
8197  656.613586  438079.968750  439262.156250  439283.250000  439282.375000
8198  656.693726  438098.437500  439281.687500  439302.906250  439302.031250
8199  656.773804  438116.843750  439301.218750  439322.500000  439321.656250
8200  656.853882  438135.343750  439320.812500  439342.125000  439341.281250
8201  656.934021  438153.812500  439340.468750  439361.718750  439360.875000
8202  657.014099  438172.312500  439360.000000  439381.343750  439380.562500
8203  657.094238  438190.750000  439379.593750  439400.937500  439400.156250
8204  657.174316  438209.218750  439399.125000  439420.562500  439419.781250
8205  657.254456  438227.687500  439418.718750  439440.156250  439439.406250
8206  657.334534  438246.093750  439438.281250  439459.843750  439459.031250
8207  657.414612  438264.531250  439457.843750  439479.406250  439478.625000
8208  657.494751  438282.968750  439477.343750  439499.031250  439498.218750
8209  657.574829  438301.468750  439496.906250  439518.656250  439517.812500
8210  657.654968  438319.906250  439516.437500  439538.218750  439537.468750
8211  657.735046  438338.343750  439536.000000  439557.812500  439557.062500
8212  657.815186  438356.812500  439555.625000  439577.468750  439576.625000
8213  657.895264  438375.218750  439575.187500  439597.062500  439596.250000
8214  657.975342  438393.687500  439594.718750  439616.687500  439615.875000
8215  658.055481  438412.156250  439614.312500  439636.250000  439635.500000
8216  658.135559  438430.562500  439633.843750  439655.875000  439655.031250
8217  658.215698  438449.031250  439653.437500  439675.500000  439674.687500
8218  658.295776  438467.500000  439672.968750  439695.125000  439694.281250
8219  658.375916  438486.000000  439692.562500  439714.750000  439713.906250
8220  658.455994  438504.406250  439712.125000  439734.343750  439733.500000
8221  658.536072  438522.875000  439731.687500  439753.968750  439753.125000
8222  658.616211  438541.312500  439751.250000  439773.593750  439772.750000
8223  658.696289  438559.781250  439770.781250  439793.187500  439792.375000
8224  658.776428  438578.187500  439790.375000  439812.781250  439812.062500
8225  658.856506  438596.625000  439809.906250  439832.406250  439831.687500
8226  658.936584  438615.093750  439829.468750  439852.031250  439851.281250
8227  659.016724  438633.500000  439849.000000  439871.625000  439870.843750
8228  659.096802  438651.968750  439868.531250  439891.250000  439890.468750
8229  659.176941  438670.375000  439888.062500  439910.843750  439910.093750
8230  659.257019  438688.781250  439907.625000  439930.468750  439929.718750
8231  659.337158  438707.218750  439927.156250  439950.062500  439949.343750
8232  659.417236  438725.625000  439946.687500  439969.687500  439968.968750
8233  659.497314  438744.093750  439966.281250  439989.312500  439988.531250
8234  659.577454  438762.500000  439985.812500  440008.875000  440008.156250
8235  659.657532  438780.937500  440005.343750  440028.500000  440027.750000
8236  659.737671  438799.375000  440024.906250  440048.093750  440047.343750
8237  659.817749  438817.812500  440044.468750  440067.750000  440066.937500
8238  659.897888  438836.218750  440063.968750  440087.375000  440086.562500
8239  659.977966  438854.656250  440083.562500  440106.937500  440106.187500
8240  660.058044  438873.062500  440103.093750  440126.562500  440125.812500
8241  660.138184  438891.531250  440122.625000  440146.187500  440145.406250
8242  660.218262  438909.937500  440142.187500  440165.750000  440165.000000
8243  660.298401  438928.406250  440161.718750  440185.375000  440184.593750
8244  660.378479  438946.812500  440181.312500  440205.000000  440204.187500
8245  660.458618  438965.281250  440200.843750  440224.593750  440223.812500
8246  660.538696  438983.687500  440220.375000  440244.187500  440243.437500
8247  660.618774  439002.125000  440239.968750  440263.781250  440263.031250
8248  660.698914  439020.500000  440259.500000  440283.375000  440282.656250
8249  660.778992  439038.968750  440279.031250  440302.937500  440302.250000
8250  660.859131  439057.375000  440298.625000  440322.531250  440321.875000
8251  660.939209  439075.781250  440318.156250  440342.093750  440341.531250
8252  661.019348  439094.250000  440337.687500  440361.718750  440361.156250
8253  661.099426  439112.687500  440357.250000  440381.343750  440380.750000
8254  661.179504  439131.062500  440376.812500  440400.937500  440400.312500
8255  661.259644  439149.468750  440396.375000  440420.500000  440419.937500
8256  661.339722  439167.937500  440415.937500  440440.093750  440439.593750
8257  661.419861  439186.343750  440435.468750  440459.656250  440459.187500
8258  661.499939  439204.812500  440455.031250  440479.281250  440478.812500
8259  661.580078  439223.281250  440474.562500  440498.875000  440498.437500
8260  661.660156  439241.687500  440494.093750  440518.500000  440518.031250
8261  661.740234  439260.156250  440513.687500  440538.156250  440537.625000
8262  661.820374  439278.593750  440533.187500  440557.718750  440557.250000
8263  661.900452  439297.062500  440552.718750  440577.312500  440576.875000
8264  661.980591  439315.468750  440572.250000  440596.875000  440596.531250
8265  662.060669  439333.906250  440591.812500  440616.468750  440616.156250
8266  662.140808  439352.312500  440611.375000  440636.062500  440635.781250
8267  662.220886  439370.687500  440630.875000  440655.718750  440655.375000
8268  662.300964  439389.156250  440650.437500  440675.250000  440674.968750
8269  662.381104  439407.562500  440669.968750  440694.875000  440694.593750
8270  662.461182  439425.968750  440689.468750  440714.500000  440714.218750
8271  662.541321  439444.375000  440709.000000  440734.062500  440733.781250
8272  662.621399  439462.843750  440728.531250  440753.718750  440753.437500
8273  662.701538  439481.250000  440748.031250  440773.312500  440773.062500
8274  662.781616  439499.625000  440767.593750  440792.937500  440792.656250
8275  662.861694  439518.062500  440787.125000  440812.562500  440812.281250
8276  662.941833  439536.437500  440806.656250  440832.125000  440831.843750
8277  663.021912  439554.843750  440826.218750  440851.750000  440851.468750
8278  663.102051  439573.281250  440845.718750  440871.343750  440871.093750
8279  663.182129  439591.687500  440865.250000  440890.937500  440890.718750
8280  663.262268  439610.062500  440884.781250  440910.531250  440910.343750
8281  663.342346  439628.531250  440904.312500  440930.156250  440930.000000
8282  663.422424  439646.906250  440923.906250  440949.781250  440949.562500
8283  663.502563  439665.312500  440943.437500  440969.343750  440969.125000
8284  663.582642  439683.687500  440963.031250  440988.937500  440988.781250
8285  663.662781  439702.125000  440982.562500  441008.562500  441008.406250
8286  663.742859  439720.500000  441002.093750  441028.187500  441028.000000
8287  663.822937  439738.906250  441021.593750  441047.781250  441047.625000
8288  663.903076  439757.343750  441041.187500  441067.375000  441067.250000
8289  663.983154  439775.750000  441060.718750  441087.000000  441086.875000
8290  664.063293  439794.125000  441080.281250  441106.625000  441106.500000
8291  664.143372  439812.562500  441099.812500  441126.187500  441126.125000
8292  664.223511  439830.937500  441119.375000  441145.812500  441145.750000
8293  664.303589  439849.312500  441138.937500  441165.437500  441165.312500
8294  664.383667  439867.718750  441158.468750  441185.000000  441184.906250
8295  664.463806  439886.125000  441177.968750  441204.625000  441204.500000
8296  664.543884  439904.531250  441197.562500  441224.218750  441224.125000
8297  664.624023  439922.906250  441217.093750  441243.750000  441243.781250
8298  664.704102  439941.343750  441236.656250  441263.375000  441263.375000
8299  664.784241  439959.750000  441256.218750  441283.000000  441283.000000
8300  664.864319  439978.156250  441275.750000  441302.562500  441302.562500
8301  664.944397  439996.593750  441295.281250  441322.156250  441322.187500
8302  665.024536  440014.968750  441314.781250  441341.781250  441341.781250
8303  665.104614  440033.343750  441334.250000  441361.343750  441361.406250
8304  665.184753  440051.750000  441353.843750  441380.937500  441381.031250
8305  665.264832  440070.218750  441373.343750  441400.531250  441400.562500
8306  665.344971  440088.593750  441392.875000  441420.062500  441420.125000
8307  665.425049  440106.968750  441412.406250  441439.687500  441439.750000
8308  665.505127  440125.375000  441431.937500  441459.250000  441459.375000
8309  665.585266  440143.781250  441451.531250  441478.843750  441478.968750
8310  665.665344  440162.156250  441471.031250  441498.468750  441498.593750
8311  665.745483  440180.531250  441490.562500  441518.093750  441518.187500
8312  665.825562  440198.906250  441510.156250  441537.656250  441537.781250
8313  665.905701  440217.343750  441529.656250  441557.281250  441557.375000
8314  665.985779  440235.718750  441549.156250  441576.875000  441576.937500
8315  666.065857  440254.125000  441568.687500  441596.437500  441596.468750
8316  666.145996  440272.500000  441588.187500  441616.062500  441616.156250
8317  666.226074  440290.906250  441607.687500  441635.656250  441635.718750
8318  666.306213  440309.281250  441627.187500  441655.218750  441655.312500
8319  666.386292  440327.687500  441646.718750  441674.812500  441674.906250
8320  666.466431  440346.062500  441666.281250  441694.375000  441694.500000
8321  666.546509  440364.437500  441685.812500  441713.968750  441714.125000
8322  666.626587  440382.812500  441705.312500  441733.593750  441733.687500
8323  666.706726  440401.218750  441724.812500  441753.156250  441753.312500
8324  666.786804  440419.593750  441744.343750  441772.781250  441772.906250
8325  666.866943  440437.968750  441763.843750  441792.406250  441792.468750
8326  666.947021  440456.343750  441783.406250  441812.031250  441812.062500
8327  667.027161  440474.750000  441802.906250  441831.593750  441831.687500
8328  667.107239  440493.125000  441822.468750  441851.187500  441851.250000
8329  667.187317  440511.468750  441841.937500  441870.812500  441870.875000
8330  667.267456  440529.843750  441861.500000  441890.437500  441890.500000
8331  667.347534  440548.250000  441881.000000  441910.000000  441910.125000
8332  667.427673  440566.625000  441900.562500  441929.625000  441929.718750
8333  667.507751  440584.968750  441920.093750  441949.156250  441949.281250
8334  667.587891  440603.375000  441939.593750  441968.750000  441968.906250
8335  667.667969  440621.750000  441959.125000  441988.281250  441988.531250
8336  667.748047  440640.125000  441978.687500  442007.906250  442008.093750
8337  667.828186  440658.500000  441998.187500  442027.500000  442027.687500
8338  667.908264  440676.875000  442017.718750  442047.062500  442047.343750
8339  667.988403  440695.281250  442037.218750  442066.656250  442066.937500
8340  668.068481  440713.656250  442056.718750  442086.218750  442086.500000
8341  668.148560  440732.031250  442076.250000  442105.812500  442106.125000
8342  668.228699  440750.406250  442095.781250  442125.375000  442125.718750
8343  668.308777  440768.781250  442115.375000  442145.000000  442145.312500
8344  668.388916  440787.156250  442134.875000  442164.593750  442164.906250
8345  668.468994  440805.531250  442154.406250  442184.156250  442184.437500
8346  668.549133  440823.906250  442173.968750  442203.718750  442204.062500
8347  668.629211  440842.312500  442193.500000  442223.281250  442223.656250
8348  668.709290  440860.687500  442213.000000  442242.875000  442243.281250
8349  668.789429  440879.031250  442232.531250  442262.500000  442262.843750
8350  668.869507  440897.437500  442252.093750  442282.062500  442282.437500
8351  668.949646  440915.812500  442271.625000  442301.687500  442302.093750
8352  669.029724  440934.187500  442291.156250  442321.281250  442321.718750
8353  669.109863  440952.531250  442310.687500  442340.843750  442341.281250
8354  669.189941  440970.906250  442330.250000  442360.437500  442360.875000
8355  669.270020  440989.281250  442349.750000  442380.062500  442380.437500
8356  669.350159  441007.625000  442369.250000  442399.625000  442400.031250
8357  669.430237  441026.062500  442388.750000  442419.218750  442419.656250
8358  669.510376  441044.375000  442408.312500  442438.781250  442439.218750
8359  669.590454  441062.718750  442427.812500  442458.375000  442458.843750
8360  669.670593  441081.156250  442447.375000  442478.000000  442478.437500
8361  669.750671  441099.500000  442466.906250  442497.562500  442498.062500
8362  669.830750  441117.875000  442486.406250  442517.156250  442517.625000
8363  669.910889  441136.250000  442505.937500  442536.687500  442537.250000
8364  669.990967  441154.593750  442525.468750  442556.312500  442556.843750
8365  670.071106  441172.968750  442544.968750  442575.906250  442576.468750
8366  670.151184  441191.312500  442564.468750  442595.500000  442596.031250
8367  670.231323  441209.656250  442584.031250  442615.125000  442615.687500
8368  670.311401  441227.968750  442603.593750  442634.718750  442635.281250
8369  670.391479  441246.343750  442623.093750  442654.281250  442654.906250
8370  670.471619  441264.687500  442642.656250  442673.906250  442674.468750
8371  670.551697  441283.031250  442662.187500  442693.468750  442694.062500
8372  670.631836  441301.406250  442681.718750  442713.031250  442713.687500
8373  670.711914  441319.750000  442701.218750  442732.656250  442733.250000
8374  670.792053  441338.125000  442720.718750  442752.250000  442752.843750
8375  670.872131  441356.500000  442740.250000  442771.781250  442772.406250
8376  670.952209  441374.843750  442759.812500  442791.406250  442792.000000
8377  671.032349  441393.187500  442779.312500  442810.968750  442811.562500
8378  671.112427  441411.562500  442798.812500  442830.562500  442831.156250
8379  671.192566  441429.906250  442818.312500  442850.125000  442850.781250
8380  671.272644  441448.281250  442837.812500  442869.718750  442870.406250
8381  671.352783  441466.625000  442857.312500  442889.343750  442890.031250
8382  671.432861  441484.968750  442876.843750  442908.906250  442909.593750
8383  671.512939  441503.312500  442896.343750  442928.468750  442929.125000
8384  671.593079  441521.687500  442915.812500  442948.031250  442948.750000
8385  671.673157  441540.031250  442935.312500  442967.625000  442968.343750
8386  671.753296  441558.406250  442954.843750  442987.187500  442987.968750
8387  671.833374  441576.750000  442974.343750  443006.750000  443007.531250
8388  671.913513  441595.125000  442993.875000  443026.343750  443027.125000
8389  671.993591  441613.468750  443013.375000  443045.937500  443046.687500
8390  672.073669  441631.812500  443032.968750  443065.531250  443066.281250
8391  672.153809  441650.125000  443052.500000  443085.125000  443085.875000
8392  672.233887  441668.468750  443072.031250  443104.718750  443105.468750
8393  672.314026  441686.781250  443091.531250  443124.312500  443125.156250
8394  672.394104  441705.156250  443111.031250  443143.875000  443144.718750
8395  672.474243  441723.500000  443130.531250  443163.468750  443164.312500
8396  672.554321  441741.781250  443150.093750  443183.031250  443183.906250
8397  672.634399  441760.156250  443169.593750  443202.625000  443203.593750
8398  672.714539  441778.562500  443189.125000  443222.187500  443223.156250
8399  672.794617  441796.937500  443208.625000  443241.781250  443242.750000
8400  672.874756  441815.281250  443228.125000  443261.406250  443262.312500
8401  672.954834  441833.593750  443247.593750  443280.968750  443281.937500
8402  673.034912  441851.937500  443267.125000  443300.562500  443301.531250
8403  673.115051  441870.281250  443286.625000  443320.187500  443321.156250
8404  673.195129  441888.656250  443306.156250  443339.812500  443340.718750
8405  673.275269  441906.968750  443325.656250  443359.437500  443360.312500
8406  673.355347  441925.312500  443345.218750  443378.968750  443379.875000
8407  673.435486  441943.625000  443364.718750  443398.531250  443399.500000
8408  673.515564  441962.031250  443384.250000  443418.125000  443419.093750
8409  673.595642  441980.343750  443403.750000  443437.718750  443438.718750
8410  673.675781  441998.687500  443423.250000  443457.250000  443458.281250
8411  673.755859  442017.000000  443442.781250  443476.875000  443477.937500
8412  673.835999  442035.343750  443462.343750  443496.437500  443497.531250
8413  673.916077  442053.625000  443481.843750  443516.031250  443517.093750
8414  673.996216  442071.937500  443501.343750  443535.656250  443536.687500
8415  674.076294  442090.312500  443520.843750  443555.218750  443556.312500
8416  674.156372  442108.656250  443540.375000  443574.812500  443575.875000
8417  674.236511  442127.000000  443559.906250  443594.375000  443595.468750
8418  674.316589  442145.281250  443579.406250  443614.000000  443615.093750
8419  674.396729  442163.593750  443598.906250  443633.593750  443634.656250
8420  674.476807  442181.937500  443618.406250  443653.156250  443654.250000
8421  674.556946  442200.250000  443637.906250  443672.750000  443673.875000
8422  674.637024  442218.593750  443657.406250  443692.312500  443693.437500
8423  674.717102  442236.937500  443676.906250  443711.875000  443713.031250
8424  674.797241  442255.281250  443696.406250  443731.500000  443732.562500
8425  674.877319  442273.593750  443715.906250  443751.062500  443752.156250
8426  674.957458  442291.906250  443735.437500  443770.656250  443771.718750
8427  675.037537  442310.250000  443755.000000  443790.281250  443791.343750
8428  675.117676  442328.593750  443774.500000  443809.843750  443810.968750
8429  675.197754  442346.906250  443794.000000  443829.437500  443830.500000
8430  675.277832  442365.250000  443813.500000  443849.062500  443850.093750
8431  675.357971  442383.562500  443833.000000  443868.593750  443869.718750
8432  675.438049  442401.906250  443852.500000  443888.156250  443889.281250
8433  675.518188  442420.250000  443872.000000  443907.750000  443908.906250
8434  675.598267  442438.593750  443891.531250  443927.343750  443928.500000
8435  675.678406  442456.875000  443911.031250  443946.906250  443948.125000
8436  675.758484  442475.187500  443930.531250  443966.500000  443967.687500
8437  675.838562  442493.531250  443950.031250  443986.062500  443987.312500
8438  675.918701  442511.812500  443969.531250  444005.687500  444006.906250
8439  675.998779  442530.218750  443989.000000  444025.281250  444026.468750
8440  676.078918  442548.500000  444008.500000  444044.843750  444046.093750
8441  676.158997  442566.843750  444028.000000  444064.437500  444065.687500
8442  676.239136  442585.156250  444047.468750  444084.062500  444085.343750
8443  676.319214  442603.437500  444066.968750  444103.593750  444104.906250
8444  676.399292  442621.750000  444086.468750  444123.187500  444124.500000
8445  676.479431  442640.031250  444105.968750  444142.750000  444144.125000
8446  676.559509  442658.343750  444125.500000  444162.343750  444163.687500
8447  676.639648  442676.625000  444145.031250  444181.875000  444183.312500
8448  676.719727  442694.937500  444164.562500  444201.468750  444202.906250
8449  676.799866  442713.250000  444184.125000  444221.062500  444222.500000
8450  676.879944  442731.562500  444203.625000  444240.656250  444242.093750
8451  676.960022  442749.875000  444223.125000  444260.187500  444261.718750
8452  677.040161  442768.218750  444242.625000  444279.781250  444281.343750
8453  677.120239  442786.500000  444262.125000  444299.343750  444300.875000
8454  677.200378  442804.812500  444281.562500  444318.937500  444320.468750
8455  677.280457  442823.093750  444301.062500  444338.562500  444340.031250
8456  677.360596  442841.406250  444320.531250  444358.125000  444359.656250
8457  677.440674  442859.718750  444340.000000  444377.718750  444379.250000
8458  677.520752  442878.000000  444359.500000  444397.250000  444398.843750
8459  677.600891  442896.343750  444379.031250  444416.843750  444418.437500
8460  677.680969  442914.687500  444398.562500  444436.406250  444438.062500
8461  677.761108  442933.062500  444418.062500  444456.000000  444457.687500
8462  677.841187  442951.375000  444437.531250  444475.562500  444477.250000
8463  677.921265  442969.656250  444457.031250  444495.156250  444496.843750
8464  678.001404  442987.968750  444476.500000  444514.750000  444516.468750
8465  678.081482  443006.250000  444496.031250  444534.312500  444536.031250
8466  678.161621  443024.562500  444515.593750  444553.906250  444555.625000
8467  678.241699  443042.843750  444535.031250  444573.468750  444575.187500
8468  678.321838  443061.156250  444554.531250  444593.093750  444594.812500
8469  678.401917  443079.468750  444574.000000  444612.687500  444614.406250
8470  678.481995  443097.750000  444593.500000  444632.312500  444634.031250
8471  678.562134  443116.062500  444613.000000  444651.843750  444653.593750
8472  678.642212  443134.343750  444632.500000  444671.468750  444673.187500
8473  678.722351  443152.625000  444652.000000  444691.031250  444692.812500
8474  678.802429  443170.906250  444671.500000  444710.593750  444712.375000
8475  678.882568  443189.218750  444691.000000  444730.156250  444732.000000
8476  678.962646  443207.500000  444710.531250  444749.750000  444751.531250
8477  679.042725  443225.750000  444730.093750  444769.281250  444771.125000
8478  679.122864  443244.062500  444749.531250  444788.906250  444790.687500
8479  679.202942  443262.375000  444769.000000  444808.437500  444810.281250
8480  679.283081  443280.687500  444788.500000  444827.968750  444829.875000
8481  679.363159  443299.000000  444808.000000  444847.593750  444849.437500
8482  679.443298  443317.343750  444827.500000  444867.187500  444869.031250
8483  679.523376  443335.625000  444847.031250  444886.812500  444888.593750
8484  679.603455  443353.937500  444866.531250  444906.375000  444908.187500
8485  679.683594  443372.187500  444886.031250  444925.937500  444927.750000
8486  679.763672  443390.500000  444905.531250  444945.593750  444947.375000
8487  679.843811  443408.781250  444925.031250  444965.125000  444966.968750
8488  679.923889  443427.093750  444944.593750  444984.750000  444986.531250
8489  680.004028  443445.437500  444964.093750  445004.312500  445006.125000
8490  680.084106  443463.687500  444983.593750  445023.906250  445025.718750
8491  680.164185  443482.000000  445003.031250  445043.500000  445045.312500
8492  680.244324  443500.250000  445022.593750  445063.062500  445064.906250
8493  680.324402  443518.500000  445042.093750  445082.593750  445084.500000
8494  680.404541  443536.781250  445061.593750  445102.187500  445104.093750
8495  680.484619  443555.031250  445081.093750  445121.718750  445123.656250
8496  680.564758  443573.281250  445100.593750  445141.343750  445143.218750
8497  680.644836  443591.593750  445120.093750  445160.937500  445162.843750
8498  680.724915  443609.843750  445139.593750  445180.500000  445182.437500
8499  680.805054  443628.156250  445159.093750  445200.093750  445202.000000
8500  680.885132  443646.406250  445178.593750  445219.656250  445221.562500
8501  680.965271  443664.656250  445198.093750  445239.281250  445241.156250
8502  681.045349  443682.968750  445217.593750  445258.875000  445260.750000
8503  681.125488  443701.218750  445237.156250  445278.406250  445280.343750
8504  681.205566  443719.468750  445256.656250  445298.000000  445299.937500
8505  681.285645  443737.812500  445276.218750  445317.531250  445319.531250
8506  681.365784  443756.062500  445295.656250  445337.156250  445339.125000
8507  681.445862  443774.375000  445315.125000  445356.718750  445358.687500
8508  681.526001  443792.718750  445334.625000  445376.312500  445378.281250
8509  681.606079  443810.968750  445354.093750  445395.937500  445397.843750
8510  681.686218  443829.218750  445373.593750  445415.468750  445417.437500
8511  681.766296  443847.500000  445393.031250  445435.062500  445437.000000
8512  681.846375  443865.750000  445412.531250  445454.625000  445456.593750
8513  681.926514  443884.031250  445432.031250  445474.250000  445476.156250
8514  682.006592  443902.312500  445451.500000  445493.781250  445495.781250
8515  682.086731  443920.593750  445471.000000  445513.375000  445515.375000
8516  682.166809  443938.906250  445490.531250  445532.937500  445534.937500
8517  682.246887  443957.156250  445510.031250  445552.625000  445554.531250
8518  682.327026  443975.406250  445529.500000  445572.187500  445574.156250
8519  682.407104  443993.718750  445548.968750  445591.781250  445593.781250
8520  682.487244  444011.937500  445568.437500  445611.312500  445613.343750
8521  682.567322  444030.250000  445587.937500  445630.906250  445632.937500
8522  682.647461  444048.500000  445607.437500  445650.468750  445652.500000
8523  682.727539  444066.750000  445626.937500  445670.000000  445672.125000
8524  682.807617  444085.000000  445646.437500  445689.562500  445691.718750
8525  682.887756  444103.281250  445665.937500  445709.125000  445711.250000
8526  682.967834  444121.562500  445685.437500  445728.718750  445730.843750
8527  683.047974  444139.843750  445704.843750  445748.250000  445750.406250
8528  683.128052  444158.062500  445724.375000  445767.875000  445770.031250
8529  683.208191  444176.343750  445743.937500  445787.406250  445789.625000
8530  683.288269  444194.593750  445763.375000  445806.968750  445809.250000
8531  683.368347  444212.812500  445782.843750  445826.531250  445828.812500
8532  683.448486  444231.093750  445802.343750  445846.125000  445848.437500
8533  683.528564  444249.375000  445821.812500  445865.687500  445867.968750
8534  683.608704  444267.656250  445841.312500  445885.281250  445887.593750
8535  683.688782  444285.937500  445860.781250  445904.843750  445907.187500
8536  683.768921  444304.250000  445880.218750  445924.437500  445926.750000
8537  683.848999  444322.500000  445899.687500  445943.937500  445946.343750
8538  683.929077  444340.750000  445919.187500  445963.500000  445965.875000
8539  684.009216  444359.031250  445938.687500  445983.062500  445985.468750
8540  684.089294  444377.312500  445958.156250  446002.625000  446005.031250
8541  684.169434  444395.562500  445977.625000  446022.187500  446024.625000
8542  684.249512  444413.843750  445997.125000  446041.750000  446044.156250
8543  684.329651  444432.062500  446016.625000  446061.343750  446063.687500
8544  684.409729  444450.343750  446036.062500  446080.875000  446083.250000
8545  684.489807  444468.625000  446055.562500  446100.500000  446102.875000
8546  684.569946  444486.875000  446075.062500  446120.062500  446122.437500
8547  684.650024  444505.093750  446094.625000  446139.656250  446142.031250
8548  684.730164  444523.343750  446114.062500  446159.187500  446161.593750
8549  684.810242  444541.593750  446133.500000  446178.750000  446181.187500
8550  684.890381  444559.875000  446153.000000  446198.312500  446200.750000
8551  684.970459  444578.125000  446172.437500  446217.843750  446220.343750
8552  685.050537  444596.375000  446191.937500  446237.437500  446239.906250
8553  685.130676  444614.656250  446211.406250  446257.031250  446259.468750
8554  685.210754  444632.906250  446230.906250  446276.562500  446279.000000
8555  685.290894  444651.125000  446250.375000  446296.093750  446298.593750
8556  685.370972  444669.375000  446269.843750  446315.718750  446318.156250
8557  685.451111  444687.687500  446289.281250  446335.250000  446337.750000
8558  685.531189  444705.968750  446308.750000  446354.812500  446357.312500
8559  685.611267  444724.218750  446328.218750  446374.375000  446376.906250
8560  685.691406  444742.500000  446347.718750  446393.968750  446396.531250
8561  685.771484  444760.750000  446367.218750  446413.531250  446416.093750
8562  685.851624  444779.000000  446386.687500  446433.093750  446435.687500
8563  685.931702  444797.281250  446406.125000  446452.656250  446455.250000
8564  686.011841  444815.500000  446425.625000  446472.250000  446474.812500
8565  686.091919  444833.781250  446445.093750  446491.781250  446494.375000
8566  686.171997  444852.000000  446464.500000  446511.375000  446513.937500
8567  686.252136  444870.218750  446484.000000  446530.937500  446533.500000
8568  686.332214  444888.468750  446503.468750  446550.468750  446553.093750
8569  686.412354  444906.750000  446522.937500  446570.062500  446572.625000
8570  686.492432  444925.000000  446542.437500  446589.593750  446592.156250
8571  686.572571  444943.250000  446561.843750  446609.187500  446611.750000
8572  686.652649  444961.468750  446581.343750  446628.750000  446631.281250
8573  686.732727  444979.687500  446600.812500  446648.312500  446650.875000
8574  686.812866  444997.968750  446620.312500  446667.875000  446670.437500
8575  686.892944  445016.218750  446639.781250  446687.437500  446690.000000
8576  686.973083  445034.437500  446659.281250  446707.000000  446709.562500
8577  687.053162  445052.718750  446678.687500  446726.593750  446729.156250
8578  687.133240  445070.937500  446698.187500  446746.125000  446748.781250
8579  687.213379  445089.156250  446717.656250  446765.718750  446768.343750
8580  687.293457  445107.375000  446737.156250  446785.250000  446787.875000
8581  687.373596  445125.656250  446756.625000  446804.812500  446807.437500
8582  687.453674  445143.937500  446776.031250  446824.406250  446827.062500
8583  687.533813  445162.156250  446795.500000  446843.937500  446846.625000
8584  687.613892  445180.468750  446814.968750  446863.531250  446866.218750
8585  687.693970  445198.687500  446834.468750  446883.062500  446885.781250
8586  687.774109  445216.906250  446853.906250  446902.593750  446905.343750
8587  687.854187  445235.156250  446873.375000  446922.156250  446924.906250
8588  687.934326  445253.406250  446892.843750  446941.718750  446944.437500
8589  688.014404  445271.625000  446912.343750  446961.281250  446964.031250
8590  688.094543  445289.843750  446931.781250  446980.843750  446983.562500
8591  688.174622  445308.125000  446951.250000  447000.437500  447003.156250
8592  688.254700  445326.375000  446970.718750  447020.000000  447022.718750
8593  688.334839  445344.593750  446990.187500  447039.562500  447042.312500
8594  688.414917  445362.812500  447009.687500  447059.093750  447061.906250
8595  688.495056  445381.031250  447029.093750  447078.625000  447081.468750
8596  688.575134  445399.250000  447048.562500  447098.218750  447101.062500
8597  688.655273  445417.468750  447068.031250  447117.781250  447120.625000
8598  688.735352  445435.687500  447087.531250  447137.343750  447140.187500
8599  688.815430  445453.875000  447107.031250  447156.875000  447159.750000
8600  688.895569  445472.125000  447126.468750  447176.406250  447179.343750
8601  688.975647  445490.343750  447145.937500  447196.031250  447198.875000
8602  689.055786  445508.562500  447165.406250  447215.625000  447218.500000
8603  689.135864  445526.750000  447184.812500  447235.156250  447238.125000
8604  689.216003  445544.968750  447204.281250  447254.718750  447257.687500
8605  689.296082  445563.218750  447223.781250  447274.281250  447277.312500
8606  689.376160  445581.468750  447243.187500  447293.843750  447296.843750
8607  689.456299  445599.750000  447262.625000  447313.437500  447316.468750
8608  689.536377  445618.000000  447282.031250  447332.968750  447336.062500
8609  689.616516  445636.218750  447301.531250  447352.500000  447355.593750
8610  689.696594  445654.437500  447321.000000  447372.093750  447375.187500
8611  689.776733  445672.656250  447340.406250  447391.625000  447394.750000
8612  689.856812  445690.875000  447359.875000  447411.218750  447414.343750
8613  689.936890  445709.093750  447379.343750  447430.750000  447433.906250
8614  690.017029  445727.343750  447398.812500  447450.343750  447453.500000
8615  690.097107  445745.625000  447418.250000  447469.875000  447473.062500
8616  690.177246  445763.843750  447437.750000  447489.468750  447492.656250
8617  690.257324  445782.062500  447457.187500  447509.000000  447512.187500
8618  690.337463  445800.312500  447476.625000  447528.562500  447531.750000
8619  690.417542  445818.531250  447496.062500  447548.125000  447551.312500
8620  690.497620  445836.781250  447515.531250  447567.656250  447570.843750
8621  690.577759  445855.000000  447534.968750  447587.218750  447590.437500
8622  690.657837  445873.250000  447554.437500  447606.812500  447610.031250
8623  690.737976  445891.437500  447573.875000  447626.343750  447629.562500
8624  690.818054  445909.656250  447593.312500  447645.906250  447649.125000
8625  690.898193  445927.875000  447612.781250  447665.468750  447668.718750
8626  690.978271  445946.093750  447632.250000  447685.000000  447688.312500
8627  691.058350  445964.312500  447651.656250  447704.593750  447707.875000
8628  691.138489  445982.531250  447671.125000  447724.187500  447727.468750
8629  691.218567  446000.750000  447690.593750  447743.750000  447747.000000
8630  691.298706  446018.968750  447710.000000  447763.281250  447766.625000
8631  691.378784  446037.156250  447729.468750  447782.843750  447786.250000
8632  691.458923  446055.375000  447748.906250  447802.375000  447805.812500
8633  691.539001  446073.593750  447768.375000  447821.968750  447825.437500
8634  691.619080  446091.812500  447787.812500  447841.531250  447844.968750
8635  691.699219  446110.062500  447807.218750  447861.062500  447864.593750
8636  691.779297  446128.281250  447826.687500  447880.625000  447884.187500
8637  691.859436  446146.531250  447846.156250  447900.156250  447903.812500
8638  691.939514  446164.750000  447865.562500  447919.750000  447923.343750
8639  692.019592  446182.968750  447885.031250  447939.281250  447942.875000
8640  692.099731  446201.187500  447904.468750  447958.812500  447962.468750
8641  692.179810  446219.406250  447923.937500  447978.343750  447982.031250
8642  692.259949  446237.625000  447943.406250  447997.937500  448001.625000
8643  692.340027  446255.906250  447962.875000  448017.437500  448021.187500
8644  692.420166  446274.062500  447982.281250  448037.031250  448040.781250
8645  692.500244  446292.281250  448001.750000  448056.593750  448060.312500
8646  692.580322  446310.500000  448021.187500  448076.125000  448079.906250
8647  692.660461  446328.718750  448040.625000  448095.718750  448099.468750
8648  692.740540  446346.906250  448060.093750  448115.218750  448119.062500
8649  692.820679  446365.093750  448079.593750  448134.718750  448138.656250
8650  692.900757  446383.343750  448099.031250  448154.250000  448158.187500
8651  692.980896  446401.562500  448118.531250  448173.843750  448177.750000
8652  693.060974  446419.750000  448137.968750  448193.375000  448197.343750
8653  693.141052  446437.968750  448157.437500  448212.968750  448216.875000
8654  693.221191  446456.187500  448176.843750  448232.500000  448236.437500
8655  693.301270  446474.406250  448196.343750  448252.031250  448256.000000
8656  693.381409  446492.656250  448215.750000  448271.625000  448275.593750
8657  693.461487  446510.843750  448235.187500  448291.187500  448295.125000
8658  693.541626  446529.031250  448254.656250  448310.781250  448314.750000
8659  693.621704  446547.187500  448274.093750  448330.281250  448334.312500
8660  693.701782  446565.406250  448293.593750  448349.875000  448353.906250
8661  693.781921  446583.625000  448313.031250  448369.406250  448373.437500
8662  693.862000  446601.843750  448332.500000  448388.937500  448393.031250
8663  693.942139  446620.125000  448351.906250  448408.468750  448412.562500
8664  694.022217  446638.343750  448371.375000  448428.031250  448432.156250
8665  694.102356  446656.500000  448390.812500  448447.593750  448451.718750
8666  694.182434  446674.718750  448410.250000  448467.156250  448471.312500
8667  694.262512  446693.000000  448429.718750  448486.687500  448490.843750
8668  694.342651  446711.125000  448449.156250  448506.250000  448510.375000
8669  694.422729  446729.375000  448468.593750  448525.812500  448529.968750
8670  694.502869  446747.562500  448488.031250  448545.343750  448549.500000
8671  694.582947  446765.781250  448507.500000  448564.968750  448569.125000
8672  694.663086  446784.000000  448526.937500  448584.500000  448588.718750
8673  694.743164  446802.187500  448546.437500  448604.093750  448608.250000
8674  694.823242  446820.375000  448565.875000  448623.625000  448627.843750
8675  694.903381  446838.531250  448585.312500  448643.156250  448647.375000
8676  694.983459  446856.718750  448604.781250  448662.718750  448666.906250
8677  695.063599  446874.937500  448624.218750  448682.250000  448686.500000
8678  695.143677  446893.187500  448643.687500  448701.781250  448706.031250
8679  695.223816  446911.375000  448663.093750  448721.375000  448725.562500
8680  695.303894  446929.562500  448682.562500  448740.906250  448745.156250
8681  695.383972  446947.781250  448702.031250  448760.500000  448764.687500
8682  695.464111  446965.937500  448721.500000  448780.031250  448784.312500
8683  695.544189  446984.093750  448740.937500  448799.593750  448803.843750
8684  695.624329  447002.312500  448760.406250  448819.156250  448823.437500
8685  695.704407  447020.500000  448779.875000  448838.718750  448843.062500
8686  695.784546  447038.656250  448799.281250  448858.281250  448862.625000
8687  695.864624  447056.843750  448818.718750  448877.843750  448882.187500
8688  695.944702  447075.031250  448838.125000  448897.437500  448901.718750
8689  696.024841  447093.218750  448857.593750  448916.968750  448921.281250
8690  696.104919  447111.343750  448877.062500  448936.593750  448940.906250
8691  696.185059  447129.562500  448896.437500  448956.093750  448960.468750
8692  696.265137  447147.687500  448915.843750  448975.625000  448980.031250
8693  696.345215  447165.906250  448935.312500  448995.156250  448999.625000
8694  696.425354  447184.125000  448954.781250  449014.718750  449019.156250
8695  696.505432  447202.343750  448974.187500  449034.250000  449038.750000
8696  696.585571  447220.531250  448993.593750  449053.781250  449058.312500
8697  696.665649  447238.718750  449013.093750  449073.375000  449077.906250
8698  696.745789  447256.843750  449032.562500  449092.937500  449097.437500
8699  696.825867  447275.062500  449052.031250  449112.500000  449116.968750
8700  696.905945  447293.250000  449071.437500  449132.062500  449136.593750
8701  696.986084  447311.500000  449090.906250  449151.625000  449156.187500
8702  697.066162  447329.656250  449110.343750  449171.156250  449175.718750
8703  697.146301  447347.875000  449129.750000  449190.718750  449195.250000
8704  697.226379  447366.031250  449149.218750  449210.218750  449214.843750
8705  697.306519  447384.218750  449168.625000  449229.843750  449234.500000
8706  697.386597  447402.406250  449188.062500  449249.437500  449254.031250
8707  697.466675  447420.593750  449207.500000  449268.968750  449273.562500
8708  697.546814  447438.718750  449226.937500  449288.500000  449293.125000
8709  697.626892  447456.937500  449246.375000  449308.000000  449312.656250
8710  697.707031  447475.125000  449265.812500  449327.562500  449332.187500
8711  697.787109  447493.250000  449285.281250  449347.093750  449351.781250
8712  697.867249  447511.437500  449304.718750  449366.687500  449371.312500
8713  697.947327  447529.625000  449324.156250  449386.187500  449390.843750
8714  698.027405  447547.781250  449343.625000  449405.718750  449410.437500
8715  698.107544  447565.968750  449363.031250  449425.250000  449430.031250
8716  698.187622  447584.125000  449382.500000  449444.781250  449449.593750
8717  698.267761  447602.281250  449401.906250  449464.343750  449469.187500
8718  698.347839  447620.437500  449421.406250  449483.906250  449488.750000
8719  698.427979  447638.656250  449440.875000  449503.468750  449508.312500
8720  698.508057  447656.812500  449460.343750  449523.000000  449527.875000
8721  698.588135  447674.968750  449479.750000  449542.531250  449547.468750
8722  698.668274  447693.156250  449499.156250  449562.062500  449567.031250
8723  698.748352  447711.375000  449518.593750  449581.656250  449586.593750
8724  698.828491  447729.500000  449538.000000  449601.187500  449606.156250
8725  698.908569  447747.687500  449557.468750  449620.750000  449625.687500
8726  698.988708  447765.906250  449576.906250  449640.281250  449645.250000
8727  699.068787  447784.031250  449596.312500  449659.843750  449664.812500
8728  699.148865  447802.187500  449615.718750  449679.406250  449684.375000
8729  699.229004  447820.406250  449635.187500  449698.937500  449703.937500
8730  699.309082  447838.531250  449654.625000  449718.437500  449723.531250
8731  699.389221  447856.718750  449674.062500  449737.968750  449743.093750
8732  699.469299  447874.906250  449693.500000  449757.468750  449762.687500
8733  699.549438  447893.062500  449712.906250  449777.031250  449782.250000
8734  699.629517  447911.250000  449732.343750  449796.562500  449801.812500
8735  699.709595  447929.437500  449751.781250  449816.062500  449821.437500
8736  699.789734  447947.562500  449771.250000  449835.593750  449841.000000
8737  699.869812  447965.750000  449790.718750  449855.125000  449860.593750
8738  699.949951  447983.937500  449810.125000  449874.718750  449880.125000
8739  700.030029  448002.062500  449829.562500  449894.250000  449899.718750
8740  700.110168  448020.281250  449848.968750  449913.843750  449919.250000
8741  700.190247  448038.468750  449868.437500  449933.375000  449938.781250
8742  700.270325  448056.593750  449887.843750  449952.875000  449958.375000
8743  700.350464  448074.781250  449907.281250  449972.406250  449977.906250
8744  700.430542  448092.906250  449926.687500  449992.000000  449997.437500
8745  700.510681  448111.062500  449946.125000  450011.531250  450017.000000
8746  700.590759  448129.250000  449965.531250  450031.093750  450036.562500
8747  700.670898  448147.375000  449984.906250  450050.625000  450056.093750
8748  700.750977  448165.593750  450004.375000  450070.156250  450075.687500
8749  700.831055  448183.781250  450023.781250  450089.687500  450095.281250
8750  700.911194  448201.906250  450043.218750  450109.250000  450114.843750
8751  700.991272  448220.062500  450062.625000  450128.781250  450134.375000
8752  701.071411  448238.281250  450082.062500  450148.312500  450153.968750
8753  701.151489  448256.437500  450101.468750  450167.906250  450173.562500
8754  701.231567  448274.593750  450120.906250  450187.468750  450193.093750
8755  701.311707  448292.750000  450140.312500  450206.968750  450212.656250
8756  701.391785  448310.968750  450159.718750  450226.562500  450232.218750
8757  701.471924  448329.156250  450179.156250  450246.093750  450251.781250
8758  701.552002  448347.343750  450198.562500  450265.656250  450271.375000
8759  701.632141  448365.531250  450218.031250  450285.218750  450290.906250
8760  701.712219  448383.656250  450237.468750  450304.750000  450310.437500
8761  701.792297  448401.781250  450256.875000  450324.250000  450330.031250
8762  701.872437  448419.937500  450276.281250  450343.843750  450349.562500
8763  701.952515  448438.062500  450295.687500  450363.375000  450369.156250
8764  702.032654  448456.218750  450315.093750  450382.937500  450388.718750
8765  702.112732  448474.343750  450334.500000  450402.437500  450408.281250
8766  702.192871  448492.500000  450353.937500  450421.968750  450427.812500
8767  702.272949  448510.718750  450373.343750  450441.531250  450447.406250
8768  702.353027  448528.812500  450392.812500  450461.093750  450466.968750
8769  702.433167  448547.000000  450412.187500  450480.656250  450486.500000
8770  702.513245  448565.125000  450431.625000  450500.156250  450506.062500
8771  702.593384  448583.250000  450451.031250  450519.718750  450525.593750
8772  702.673462  448601.406250  450470.500000  450539.218750  450545.187500
8773  702.753601  448619.593750  450489.906250  450558.718750  450564.750000
8774  702.833679  448637.718750  450509.375000  450578.250000  450584.343750
8775  702.913757  448655.906250  450528.781250  450597.781250  450603.875000
8776  702.993896  448674.031250  450548.218750  450617.281250  450623.406250
8777  703.073975  448692.187500  450567.687500  450636.875000  450642.968750
8778  703.154114  448710.343750  450587.093750  450656.406250  450662.500000
8779  703.234192  448728.500000  450606.562500  450675.937500  450682.031250
8780  703.314331  448746.687500  450626.031250  450695.500000  450701.562500
8781  703.394409  448764.812500  450645.406250  450715.031250  450721.125000
8782  703.474487  448782.937500  450664.843750  450734.562500  450740.687500
8783  703.554626  448801.093750  450684.250000  450754.093750  450760.187500
8784  703.634705  448819.187500  450703.656250  450773.593750  450779.781250
8785  703.714844  448837.312500  450723.062500  450793.156250  450799.343750
8786  703.794922  448855.500000  450742.500000  450812.718750  450818.937500
8787  703.875061  448873.656250  450761.906250  450832.218750  450838.531250
8788  703.955139  448891.781250  450781.343750  450851.781250  450858.062500
8789  704.035217  448909.906250  450800.750000  450871.281250  450877.625000
8790  704.115356  448928.093750  450820.187500  450890.812500  450897.187500
8791  704.195435  448946.250000  450839.593750  450910.343750  450916.718750
8792  704.275574  448964.375000  450858.968750  450929.875000  450936.250000
8793  704.355652  448982.531250  450878.406250  450949.375000  450955.843750
8794  704.435791  449000.625000  450897.812500  450968.937500  450975.375000
8795  704.515869  449018.781250  450917.281250  450988.500000  450994.968750
8796  704.595947  449036.937500  450936.656250  451008.093750  451014.468750
8797  704.676086  449055.062500  450956.125000  451027.625000  451034.000000
8798  704.756165  449073.156250  450975.531250  451047.125000  451053.531250
8799  704.836304  449091.312500  450995.000000  451066.625000  451073.125000
8800  704.916382  449109.406250  451014.406250  451086.156250  451092.625000
8801  704.996521  449127.531250  451033.843750  451105.718750  451112.156250
8802  705.076599  449145.687500  451053.250000  451125.250000  451131.687500
8803  705.156677  449163.812500  451072.750000  451144.781250  451151.281250
8804  705.236816  449181.937500  451092.187500  451164.343750  451170.875000
8805  705.316895  449200.062500  451111.593750  451183.875000  451190.406250
8806  705.397034  449218.250000  451131.031250  451203.375000  451209.968750
8807  705.477112  449236.343750  451150.406250  451222.875000  451229.531250
8808  705.557251  449254.468750  451169.812500  451242.406250  451249.062500
8809  705.637329  449272.625000  451189.187500  451261.968750  451268.593750
8810  705.717407  449290.781250  451208.656250  451281.500000  451288.156250
8811  705.797546  449308.906250  451228.093750  451301.062500  451307.687500
8812  705.877625  449327.062500  451247.468750  451320.625000  451327.250000
8813  705.957764  449345.156250  451266.875000  451340.156250  451346.812500
8814  706.037842  449363.281250  451286.250000  451359.656250  451366.312500
8815  706.117920  449381.406250  451305.687500  451379.250000  451385.875000
8816  706.198059  449399.500000  451325.093750  451398.781250  451405.468750
8817  706.278137  449417.656250  451344.531250  451418.281250  451425.093750
8818  706.358276  449435.781250  451363.906250  451437.781250  451444.593750
8819  706.438354  449453.875000  451383.343750  451457.312500  451464.125000
8820  706.518494  449472.062500  451402.781250  451476.843750  451483.687500
8821  706.598572  449490.156250  451422.250000  451496.406250  451503.281250
8822  706.678650  449508.250000  451441.625000  451515.937500  451522.812500
8823  706.758789  449526.406250  451461.031250  451535.468750  451542.375000
8824  706.838867  449544.500000  451480.406250  451555.031250  451561.906250
8825  706.919006  449562.625000  451499.843750  451574.531250  451581.437500
8826  706.999084  449580.750000  451519.218750  451594.062500  451600.968750
8827  707.079224  449598.843750  451538.625000  451613.593750  451620.531250
8828  707.159302  449616.968750  451558.031250  451633.125000  451640.093750
8829  707.239380  449635.125000  451577.437500  451652.625000  451659.656250
8830  707.319519  449653.218750  451596.906250  451672.125000  451679.218750
8831  707.399597  449671.312500  451616.281250  451691.718750  451698.750000
8832  707.479736  449689.437500  451635.687500  451711.218750  451718.312500
8833  707.559814  449707.593750  451655.125000  451730.750000  451737.843750
8834  707.639954  449725.687500  451674.500000  451750.312500  451757.437500
8835  707.720032  449743.781250  451693.906250  451769.843750  451776.968750
8836  707.800110  449761.937500  451713.343750  451789.343750  451796.593750
8837  707.880249  449780.062500  451732.750000  451808.875000  451816.125000
8838  707.960327  449798.187500  451752.187500  451828.468750  451835.656250
8839  708.040466  449816.343750  451771.593750  451847.968750  451855.218750
8840  708.120544  449834.437500  451790.968750  451867.500000  451874.750000
8841  708.200684  449852.562500  451810.406250  451887.031250  451894.281250
8842  708.280762  449870.625000  451829.812500  451906.531250  451913.906250
8843  708.360840  449888.781250  451849.250000  451926.093750  451933.406250
8844  708.440979  449906.906250  451868.625000  451945.625000  451953.000000
8845  708.521057  449925.000000  451888.031250  451965.187500  451972.531250
8846  708.601196  449943.156250  451907.500000  451984.687500  451992.093750
8847  708.681274  449961.281250  451926.906250  452004.250000  452011.687500
8848  708.761414  449979.375000  451946.343750  452023.750000  452031.281250
8849  708.841492  449997.500000  451965.750000  452043.281250  452050.812500
8850  708.921570  450015.593750  451985.156250  452062.781250  452070.343750
8851  709.001709  450033.750000  452004.531250  452082.375000  452089.875000
8852  709.081787  450051.875000  452023.937500  452101.906250  452109.468750
8853  709.161926  450070.000000  452043.375000  452121.437500  452129.000000
8854  709.242004  450088.125000  452062.781250  452140.968750  452148.593750
8855  709.322144  450106.250000  452082.156250  452160.437500  452168.156250
8856  709.402222  450124.343750  452101.593750  452179.968750  452187.718750
8857  709.482300  450142.437500  452120.968750  452199.562500  452207.218750
8858  709.562439  450160.562500  452140.375000  452219.031250  452226.781250
8859  709.642517  450178.625000  452159.812500  452238.562500  452246.281250
8860  709.722656  450196.781250  452179.187500  452258.062500  452265.843750
8861  709.802734  450214.906250  452198.562500  452277.593750  452285.375000
8862  709.882874  450233.000000  452217.937500  452297.156250  452305.000000
8863  709.962952  450251.062500  452237.437500  452316.656250  452324.500000
8864  710.043030  450269.156250  452256.812500  452336.187500  452344.062500
8865  710.123169  450287.281250  452276.187500  452355.718750  452363.656250
8866  710.203247  450305.375000  452295.625000  452375.218750  452383.281250
8867  710.283386  450323.500000  452315.031250  452394.812500  452402.812500
8868  710.363464  450341.593750  452334.437500  452414.312500  452422.343750
8869  710.443604  450359.656250  452353.843750  452433.843750  452441.906250
8870  710.523682  450377.750000  452373.218750  452453.375000  452461.437500
8871  710.603760  450395.906250  452392.656250  452472.937500  452481.000000
8872  710.683899  450414.000000  452412.062500  452492.468750  452500.593750
8873  710.763977  450432.093750  452431.531250  452511.968750  452520.187500
8874  710.844116  450450.218750  452450.906250  452531.468750  452539.718750
8875  710.924194  450468.343750  452470.312500  452551.000000  452559.250000
8876  711.004272  450486.468750  452489.750000  452570.531250  452578.843750
8877  711.084412  450504.562500  452509.156250  452590.093750  452598.375000
8878  711.164490  450522.656250  452528.593750  452609.593750  452617.968750
8879  711.244629  450540.718750  452548.000000  452629.125000  452637.500000
8880  711.324707  450558.812500  452567.437500  452648.625000  452657.062500
8881  711.404846  450576.937500  452586.812500  452668.125000  452676.656250
8882  711.484924  450594.968750  452606.218750  452687.656250  452696.187500
8883  711.565002  450613.125000  452625.593750  452707.156250  452715.750000
8884  711.645142  450631.250000  452645.031250  452726.718750  452735.281250
8885  711.725220  450649.312500  452664.406250  452746.218750  452754.812500
8886  711.805359  450667.406250  452683.812500  452765.750000  452774.343750
8887  711.885437  450685.531250  452703.250000  452785.281250  452793.906250
8888  711.965576  450703.625000  452722.625000  452804.781250  452813.437500
8889  712.045654  450721.687500  452742.031250  452824.281250  452832.968750
8890  712.125732  450739.781250  452761.437500  452843.843750  452852.531250
8891  712.205872  450757.875000  452780.812500  452863.343750  452872.093750
8892  712.285950  450775.937500  452800.218750  452882.843750  452891.625000
8893  712.366089  450794.031250  452819.593750  452902.343750  452911.187500
8894  712.446167  450812.156250  452839.031250  452921.843750  452930.750000
8895  712.526306  450830.218750  452858.437500  452941.375000  452950.312500
8896  712.606384  450848.312500  452877.812500  452960.906250  452969.843750
8897  712.686462  450866.375000  452897.218750  452980.406250  452989.406250
8898  712.766602  450884.437500  452916.593750  452999.906250  453008.968750
8899  712.846680  450902.531250  452935.968750  453019.437500  453028.500000
8900  712.926819  450920.656250  452955.343750  453039.000000  453048.031250
8901  713.006897  450938.750000  452974.718750  453058.531250  453067.531250
8902  713.087036  450956.843750  452994.093750  453078.062500  453087.125000
8903  713.167114  450974.937500  453013.531250  453097.562500  453106.625000
8904  713.247192  450993.000000  453032.906250  453117.062500  453126.156250
8905  713.327332  451011.093750  453052.312500  453136.562500  453145.656250
8906  713.407410  451029.187500  453071.750000  453156.062500  453165.250000
8907  713.487549  451047.250000  453091.156250  453175.656250  453184.781250
8908  713.567627  451065.343750  453110.593750  453195.187500  453204.375000
8909  713.647766  451083.437500  453129.968750  453214.687500  453223.875000
8910  713.727844  451101.562500  453149.375000  453234.187500  453243.437500
8911  713.807922  451119.656250  453168.750000  453253.687500  453262.968750
8912  713.888062  451137.718750  453188.093750  453273.187500  453282.531250
8913  713.968140  451155.812500  453207.531250  453292.718750  453302.031250
8914  714.048279  451173.906250  453226.906250  453312.281250  453321.562500
8915  714.128357  451192.000000  453246.281250  453331.781250  453341.093750
8916  714.208496  451210.062500  453265.718750  453351.312500  453360.656250
8917  714.288574  451228.125000  453285.031250  453370.812500  453380.218750
8918  714.368652  451246.218750  453304.468750  453390.343750  453399.718750
8919  714.448792  451264.343750  453323.843750  453409.843750  453419.250000
8920  714.528870  451282.468750  453343.218750  453429.343750  453438.812500
8921  714.609009  451300.500000  453362.593750  453448.937500  453458.343750
8922  714.689087  451318.562500  453382.000000  453468.468750  453477.843750
8923  714.769226  451336.656250  453401.406250  453488.000000  453497.375000
8924  714.849304  451354.781250  453420.781250  453507.500000  453516.968750
8925  714.929382  451372.843750  453440.156250  453527.000000  453536.468750
8926  715.009521  451390.937500  453459.593750  453546.562500  453556.093750
8927  715.089600  451409.031250  453478.937500  453566.062500  453575.625000
8928  715.169739  451427.093750  453498.343750  453585.593750  453595.156250
8929  715.249817  451445.187500  453517.812500  453605.125000  453614.656250
8930  715.329895  451463.250000  453537.218750  453624.687500  453634.156250
8931  715.410034  451481.312500  453556.593750  453644.187500  453653.718750
8932  715.490112  451499.437500  453576.000000  453663.687500  453673.281250
8933  715.570251  451517.500000  453595.375000  453683.250000  453692.781250
8934  715.650330  451535.593750  453614.781250  453702.750000  453712.312500
8935  715.730469  451553.687500  453634.156250  453722.312500  453731.875000
8936  715.810547  451571.750000  453653.500000  453741.843750  453751.437500
8937  715.890625  451589.812500  453672.875000  453761.343750  453771.000000
8938  715.970764  451607.875000  453692.343750  453780.843750  453790.531250
8939  716.050842  451625.937500  453711.718750  453800.343750  453810.062500
8940  716.130981  451644.000000  453731.093750  453819.843750  453829.593750
8941  716.211060  451662.062500  453750.531250  453839.375000  453849.187500
8942  716.291199  451680.156250  453769.937500  453858.875000  453868.718750
8943  716.371277  451698.218750  453789.312500  453878.375000  453888.218750
8944  716.451355  451716.250000  453808.718750  453897.875000  453907.812500
8945  716.531494  451734.375000  453828.031250  453917.406250  453927.375000
8946  716.611572  451752.468750  453847.437500  453936.906250  453946.875000
8947  716.691711  451770.562500  453866.843750  453956.468750  453966.468750
8948  716.771790  451788.656250  453886.187500  453976.000000  453986.000000
8949  716.851929  451806.718750  453905.593750  453995.500000  454005.593750
8950  716.932007  451824.812500  453925.000000  454015.000000  454025.125000
8951  717.012085  451842.843750  453944.375000  454034.500000  454044.656250
8952  717.092224  451860.906250  453963.750000  454053.968750  454064.218750
8953  717.172302  451878.937500  453983.125000  454073.468750  454083.781250
8954  717.252441  451897.000000  454002.500000  454093.000000  454103.281250
8955  717.332520  451915.062500  454021.875000  454112.531250  454122.843750
8956  717.412659  451933.125000  454041.312500  454132.031250  454142.343750
8957  717.492737  451951.187500  454060.718750  454151.531250  454161.906250
8958  717.572815  451969.250000  454080.156250  454171.093750  454181.437500
8959  717.652954  451987.312500  454099.562500  454190.625000  454201.000000
8960  717.733032  452005.375000  454118.937500  454210.125000  454220.531250
8961  717.813171  452023.406250  454138.312500  454229.656250  454240.125000
8962  717.893250  452041.468750  454157.656250  454249.187500  454259.656250
8963  717.973389  452059.500000  454177.093750  454268.750000  454279.187500
8964  718.053467  452077.562500  454196.468750  454288.250000  454298.812500
8965  718.133545  452095.562500  454215.843750  454307.750000  454318.406250
8966  718.213684  452113.687500  454235.218750  454327.187500  454337.937500
8967  718.293762  452131.687500  454254.593750  454346.781250  454357.468750
8968  718.373901  452149.750000  454273.937500  454366.281250  454376.968750
8969  718.453979  452167.843750  454293.312500  454385.781250  454396.562500
8970  718.534119  452185.875000  454312.718750  454405.312500  454416.093750
8971  718.614197  452203.937500  454332.093750  454424.875000  454435.687500
8972  718.694275  452221.937500  454351.468750  454444.375000  454455.218750
8973  718.774414  452240.000000  454370.812500  454463.906250  454474.781250
8974  718.854492  452258.093750  454390.187500  454483.406250  454494.343750
8975  718.934631  452276.156250  454409.593750  454502.937500  454513.875000
8976  719.014709  452294.250000  454429.000000  454522.500000  454533.375000
8977  719.094849  452312.312500  454448.312500  454542.000000  454552.906250
8978  719.174927  452330.375000  454467.656250  454561.500000  454572.406250
8979  719.255005  452348.437500  454487.062500  454581.000000  454591.906250
8980  719.335144  452366.500000  454506.468750  454600.531250  454611.500000
8981  719.415222  452384.593750  454525.812500  454620.031250  454631.031250
8982  719.495361  452402.656250  454545.156250  454639.562500  454650.562500
8983  719.575439  452420.718750  454564.562500  454659.062500  454670.125000
8984  719.655579  452438.781250  454584.000000  454678.593750  454689.656250
8985  719.735657  452456.875000  454603.375000  454698.093750  454709.250000
8986  719.815735  452474.875000  454622.718750  454717.656250  454728.781250
8987  719.895874  452492.937500  454642.093750  454737.156250  454748.312500
8988  719.975952  452510.968750  454661.468750  454756.593750  454767.843750
8989  720.056091  452528.968750  454680.812500  454776.093750  454787.406250
8990  720.136169  452547.031250  454700.156250  454795.593750  454806.968750
8991  720.216248  452565.093750  454719.500000  454815.156250  454826.562500
8992  720.296387  452583.156250  454738.875000  454834.656250  454846.125000
8993  720.376465  452601.187500  454758.250000  454854.156250  454865.687500
8994  720.456604  452619.250000  454777.593750  454873.656250  454885.250000
8995  720.536682  452637.281250  454796.968750  454893.156250  454904.750000
8996  720.616821  452655.312500  454816.343750  454912.656250  454924.312500
8997  720.696899  452673.375000  454835.718750  454932.156250  454943.812500
8998  720.776978  452691.437500  454855.062500  454951.656250  454963.375000
8999  720.857117  452709.500000  454874.437500  454971.187500  454982.906250
9000  720.937195  452727.500000  454893.781250  454990.718750  455002.468750
9001  721.017334  452745.531250  454913.156250  455010.218750  455022.000000
9002  721.097412  452763.531250  454932.562500  455029.718750  455041.531250
9003  721.177551  452781.593750  454951.937500  455049.218750  455061.093750
9004  721.257629  452799.656250  454971.312500  455068.781250  455080.625000
9005  721.337708  452817.687500  454990.656250  455088.281250  455100.156250
9006  721.417847  452835.687500  455010.062500  455107.718750  455119.687500
9007  721.497925  452853.750000  455029.406250  455127.187500  455139.250000
9008  721.578064  452871.781250  455048.843750  455146.718750  455158.812500
9009  721.658142  452889.843750  455068.218750  455166.218750  455178.312500
9010  721.738281  452907.843750  455087.593750  455185.718750  455197.906250
9011  721.818359  452925.875000  455106.937500  455205.218750  455217.468750
9012  721.898438  452943.906250  455126.312500  455224.718750  455237.031250
9013  721.978577  452961.906250  455145.687500  455244.218750  455256.593750
9014  722.058655  452979.968750  455165.093750  455263.718750  455276.156250
9015  722.138794  452998.031250  455184.437500  455283.218750  455295.718750
9016  722.218872  453016.093750  455203.843750  455302.718750  455315.218750
9017  722.299011  453034.093750  455223.156250  455322.187500  455334.750000
9018  722.379089  453052.125000  455242.468750  455341.687500  455354.312500
9019  722.459167  453070.156250  455261.812500  455361.156250  455373.843750
9020  722.539307  453088.250000  455281.187500  455380.687500  455393.343750
9021  722.619385  453106.250000  455300.531250  455400.187500  455412.875000
9022  722.699524  453124.312500  455319.906250  455419.718750  455432.468750
9023  722.779602  453142.343750  455339.281250  455439.281250  455452.000000
9024  722.859741  453160.343750  455358.625000  455458.687500  455471.500000
9025  722.939819  453178.375000  455378.062500  455478.187500  455491.031250
9026  723.019897  453196.437500  455397.375000  455497.687500  455510.593750
9027  723.100037  453214.500000  455416.718750  455517.187500  455530.125000
9028  723.180115  453232.562500  455436.062500  455536.687500  455549.656250
9029  723.260254  453250.562500  455455.406250  455556.187500  455569.250000
9030  723.340332  453268.593750  455474.781250  455575.687500  455588.781250
9031  723.420471  453286.656250  455494.125000  455595.187500  455608.312500
9032  723.500549  453304.625000  455513.468750  455614.687500  455627.875000
9033  723.580627  453322.687500  455532.875000  455634.187500  455647.406250
9034  723.660767  453340.750000  455552.281250  455653.718750  455666.937500
9035  723.740845  453358.750000  455571.593750  455673.281250  455686.500000
9036  723.820984  453376.781250  455590.906250  455692.750000  455706.000000
9037  723.901062  453394.843750  455610.281250  455712.250000  455725.500000
9038  723.981201  453412.906250  455629.656250  455731.812500  455745.031250
9039  724.061279  453430.875000  455649.062500  455751.312500  455764.562500
9040  724.141357  453448.937500  455668.375000  455770.906250  455784.093750
9041  724.221497  453467.000000  455687.781250  455790.406250  455803.656250
9042  724.301575  453485.000000  455707.156250  455809.843750  455823.156250
9043  724.381714  453503.031250  455726.531250  455829.312500  455842.687500
9044  724.461792  453521.062500  455745.906250  455848.843750  455862.187500
9045  724.541931  453539.093750  455765.250000  455868.312500  455881.718750
9046  724.622009  453557.125000  455784.593750  455887.812500  455901.281250
9047  724.702087  453575.093750  455803.968750  455907.312500  455920.781250
9048  724.782227  453593.156250  455823.312500  455926.812500  455940.312500
9049  724.862305  453611.187500  455842.687500  455946.312500  455959.843750
9050  724.942444  453629.187500  455862.031250  455965.812500  455979.406250
9051  725.022522  453647.218750  455881.406250  455985.312500  455998.968750
9052  725.102600  453665.281250  455900.781250  456004.812500  456018.468750
9053  725.182739  453683.250000  455920.156250  456024.312500  456038.000000
9054  725.262817  453701.281250  455939.500000  456043.781250  456057.562500
9055  725.342957  453719.281250  455958.875000  456063.281250  456077.062500
9056  725.423035  453737.312500  455978.218750  456082.750000  456096.562500
9057  725.503174  453755.281250  455997.625000  456102.187500  456116.093750
9058  725.583252  453773.343750  456016.906250  456121.750000  456135.625000
9059  725.663330  453791.375000  456036.281250  456141.250000  456155.187500
9060  725.743469  453809.375000  456055.625000  456160.750000  456174.718750
9061  725.823547  453827.375000  456075.000000  456180.250000  456194.250000
9062  725.903687  453845.375000  456094.343750  456199.750000  456213.843750
9063  725.983765  453863.437500  456113.718750  456219.250000  456233.375000
9064  726.063904  453881.468750  456133.062500  456238.750000  456252.906250
9065  726.143982  453899.437500  456152.437500  456258.250000  456272.406250
9066  726.224060  453917.468750  456171.781250  456277.750000  456292.000000
9067  726.304199  453935.531250  456191.156250  456297.250000  456311.531250
9068  726.384277  453953.531250  456210.500000  456316.750000  456331.062500
9069  726.464417  453971.562500  456229.875000  456336.250000  456350.625000
9070  726.544495  453989.531250  456249.281250  456355.687500  456370.156250
9071  726.624634  454007.593750  456268.625000  456375.187500  456389.687500
9072  726.704712  454025.562500  456287.906250  456394.750000  456409.281250
9073  726.784790  454043.562500  456307.281250  456414.250000  456428.812500
9074  726.864929  454061.562500  456326.593750  456433.781250  456448.343750
9075  726.945007  454079.593750  456346.000000  456453.281250  456467.937500
9076  727.025146  454097.562500  456365.375000  456472.781250  456487.468750
9077  727.105225  454115.625000  456384.718750  456492.312500  456507.031250
9078  727.185364  454133.593750  456404.062500  456511.875000  456526.562500
9079  727.265442  454151.656250  456423.406250  456531.312500  456546.093750
9080  727.345520  454169.625000  456442.750000  456550.875000  456565.593750
9081  727.425659  454187.656250  456462.093750  456570.375000  456585.125000
9082  727.505737  454205.625000  456481.468750  456589.875000  456604.718750
9083  727.585876  454223.625000  456500.843750  456609.312500  456624.250000
9084  727.665955  454241.625000  456520.187500  456628.781250  456643.843750
9085  727.746094  454259.656250  456539.531250  456648.281250  456663.406250
9086  727.826172  454277.718750  456558.906250  456667.750000  456682.968750
9087  727.906250  454295.687500  456578.218750  456687.250000  456702.500000
9088  727.986389  454313.718750  456597.562500  456706.750000  456722.031250
9089  728.066467  454331.781250  456616.937500  456726.250000  456741.531250
9090  728.146606  454349.781250  456636.281250  456745.718750  456761.125000
9091  728.226685  454367.812500  456655.625000  456765.250000  456780.625000
9092  728.306824  454385.812500  456674.937500  456784.718750  456800.156250
9093  728.386902  454403.812500  456694.281250  456804.218750  456819.687500
9094  728.466980  454421.781250  456713.656250  456823.750000  456839.312500
9095  728.547119  454439.750000  456732.968750  456843.218750  456858.812500
9096  728.627197  454457.781250  456752.343750  456862.656250  456878.375000
9097  728.707336  454475.781250  456771.687500  456882.156250  456897.906250
9098  728.787415  454493.781250  456790.937500  456901.656250  456917.468750
9099  728.867554  454511.781250  456810.343750  456921.156250  456937.031250
9100  728.947632  454529.781250  456829.656250  456940.656250  456956.468750
9101  729.027710  454547.750000  456849.000000  456960.156250  456976.031250
9102  729.107849  454565.781250  456868.312500  456979.656250  456995.562500
9103  729.187927  454583.750000  456887.656250  456999.156250  457015.093750
9104  729.268066  454601.781250  456907.000000  457018.625000  457034.593750
9105  729.348145  454619.781250  456926.343750  457038.125000  457054.156250
9106  729.428223  454637.843750  456945.656250  457057.625000  457073.687500
9107  729.508362  454655.812500  456965.000000  457077.125000  457093.218750
9108  729.588440  454673.812500  456984.343750  457096.625000  457112.750000
9109  729.668579  454691.812500  457003.687500  457116.125000  457132.250000
9110  729.748657  454709.812500  457023.062500  457135.625000  457151.843750
9111  729.828796  454727.812500  457042.406250  457155.125000  457171.343750
9112  729.908875  454745.781250  457061.750000  457174.625000  457190.843750
9113  729.988953  454763.781250  457081.093750  457194.125000  457210.375000
9114  730.069092  454781.781250  457100.468750  457213.625000  457229.937500
9115  730.149170  454799.781250  457119.843750  457233.093750  457249.468750
9116  730.229309  454817.781250  457139.187500  457252.593750  457269.000000
9117  730.309387  454835.781250  457158.531250  457272.093750  457288.593750
9118  730.389526  454853.750000  457177.875000  457291.593750  457308.125000
9119  730.469604  454871.781250  457197.156250  457311.125000  457327.625000
9120  730.549683  454889.750000  457216.562500  457330.593750  457347.125000
9121  730.629822  454907.750000  457235.968750  457350.093750  457366.656250
9122  730.709900  454925.750000  457255.312500  457369.593750  457386.156250
9123  730.790039  454943.718750  457274.656250  457389.093750  457405.718750
9124  730.870117  454961.687500  457294.000000  457408.593750  457425.250000
9125  730.950256  454979.718750  457313.343750  457428.062500  457444.781250
9126  731.030334  454997.687500  457332.656250  457447.593750  457464.312500
9127  731.110413  455015.687500  457352.000000  457467.093750  457483.812500
9128  731.190552  455033.656250  457371.312500  457486.593750  457503.312500
9129  731.270630  455051.656250  457390.625000  457506.093750  457522.875000
9130  731.350769  455069.687500  457409.937500  457525.562500  457542.406250
9131  731.430847  455087.656250  457429.250000  457545.062500  457562.000000
9132  731.510986  455105.656250  457448.593750  457564.500000  457581.500000
9133  731.591064  455123.625000  457467.937500  457584.000000  457601.031250
9134  731.671143  455141.656250  457487.218750  457603.468750  457620.531250
9135  731.751282  455159.625000  457506.656250  457622.968750  457640.062500
9136  731.831360  455177.593750  457526.000000  457642.468750  457659.562500
9137  731.911499  455195.593750  457545.281250  457661.937500  457679.093750
9138  731.991577  455213.562500  457564.625000  457681.437500  457698.593750
9139  732.071716  455231.531250  457584.000000  457700.906250  457718.156250
9140  732.151794  455249.593750  457603.343750  457720.406250  457737.687500
9141  732.231873  455267.531250  457622.687500  457739.906250  457757.218750
9142  732.312012  455285.562500  457642.031250  457759.343750  457776.781250
9143  732.392090  455303.531250  457661.375000  457778.843750  457796.281250
9144  732.472229  455321.500000  457680.656250  457798.406250  457815.781250
9145  732.552307  455339.437500  457700.000000  457817.843750  457835.281250
9146  732.632446  455357.375000  457719.312500  457837.343750  457854.812500
9147  732.712524  455375.375000  457738.656250  457856.812500  457874.312500
9148  732.792603  455393.375000  457757.937500  457876.281250  457893.812500
9149  732.872742  455411.375000  457777.250000  457895.781250  457913.343750
9150  732.952820  455429.343750  457796.593750  457915.218750  457932.843750
9151  733.032959  455447.281250  457815.937500  457934.718750  457952.406250
9152  733.113037  455465.312500  457835.281250  457954.218750  457971.968750
9153  733.193176  455483.281250  457854.562500  457973.718750  457991.468750
9154  733.273254  455501.250000  457873.875000  457993.218750  458011.000000
9155  733.353333  455519.281250  457893.218750  458012.687500  458030.500000
9156  733.433472  455537.281250  457912.562500  458032.156250  458050.093750
9157  733.513550  455555.218750  457931.843750  458051.656250  458069.625000
9158  733.593689  455573.218750  457951.156250  458071.156250  458089.187500
9159  733.673767  455591.187500  457970.500000  458090.656250  458108.687500
9160  733.753906  455609.125000  457989.781250  458110.156250  458128.218750
9161  733.833984  455627.093750  458009.125000  458129.656250  458147.750000
9162  733.914062  455645.093750  458028.468750  458149.125000  458167.281250
9163  733.994202  455663.031250  458047.812500  458168.562500  458186.875000
9164  734.074280  455681.000000  458067.156250  458188.062500  458206.406250
9165  734.154419  455698.968750  458086.500000  458207.562500  458225.906250
9166  734.234497  455716.968750  458105.781250  458227.062500  458245.468750
9167  734.314575  455734.968750  458125.125000  458246.562500  458265.000000
9168  734.394714  455752.968750  458144.437500  458266.031250  458284.468750
9169  734.474792  455770.906250  458163.843750  458285.531250  458304.000000
9170  734.554932  455788.875000  458183.187500  458305.000000  458323.500000
9171  734.635010  455806.812500  458202.500000  458324.531250  458343.031250
9172  734.715149  455824.781250  458221.843750  458344.000000  458362.531250
9173  734.795227  455842.718750  458241.218750  458363.500000  458382.062500
9174  734.875305  455860.656250  458260.562500  458383.000000  458401.625000
9175  734.955444  455878.593750  458279.843750  458402.468750  458421.156250
9176  735.035522  455896.531250  458299.187500  458421.906250  458440.656250
9177  735.115662  455914.531250  458318.500000  458441.375000  458460.187500
9178  735.195740  455932.500000  458337.843750  458460.875000  458479.687500
9179  735.275879  455950.468750  458357.125000  458480.343750  458499.187500
9180  735.355957  455968.406250  458376.468750  458499.843750  458518.781250
9181  735.436035  455986.406250  458395.812500  458519.343750  458538.343750
9182  735.516174  456004.375000  458415.093750  458538.812500  458557.843750
9183  735.596252  456022.312500  458434.437500  458558.312500  458577.406250
9184  735.676392  456040.250000  458453.750000  458577.750000  458596.937500
9185  735.756470  456058.187500  458473.093750  458597.250000  458616.437500
9186  735.836609  456076.156250  458492.468750  458616.718750  458635.937500
9187  735.916687  456094.125000  458511.812500  458636.218750  458655.468750
9188  735.996765  456112.093750  458531.093750  458655.718750  458675.031250
9189  736.076904  456130.062500  458550.437500  458675.187500  458694.562500
9190  736.156982  456148.000000  458569.750000  458694.718750  458714.093750
9191  736.237122  456165.968750  458589.093750  458714.250000  458733.593750
9192  736.317200  456184.000000  458608.437500  458733.718750  458753.125000
9193  736.397339  456201.937500  458627.718750  458753.218750  458772.687500
9194  736.477417  456219.906250  458647.031250  458772.687500  458792.187500
9195  736.557495  456237.906250  458666.375000  458792.187500  458811.718750
9196  736.637634  456255.875000  458685.656250  458811.687500  458831.250000
9197  736.717712  456273.843750  458705.000000  458831.187500  458850.812500
9198  736.797852  456291.781250  458724.312500  458850.625000  458870.312500
9199  736.877930  456309.718750  458743.593750  458870.125000  458889.843750
9200  736.958069  456327.718750  458762.906250  458889.625000  458909.375000
9201  737.038147  456345.687500  458782.218750  458909.125000  458928.906250
9202  737.118225  456363.625000  458801.562500  458928.625000  458948.406250
9203  737.198364  456381.562500  458820.843750  458948.093750  458967.906250
9204  737.278442  456399.500000  458840.187500  458967.562500  458987.406250
9205  737.358582  456417.437500  458859.531250  458987.062500  459006.968750
9206  737.438660  456435.375000  458878.843750  459006.531250  459026.406250
9207  737.518799  456453.375000  458898.218750  459025.968750  459046.000000
9208  737.598877  456471.343750  458917.562500  459045.531250  459065.531250
9209  737.678955  456489.281250  458936.843750  459065.031250  459085.093750
9210  737.759094  456507.187500  458956.187500  459084.468750  459104.593750
9211  737.839172  456525.125000  458975.531250  459103.968750  459124.125000
9212  737.919312  456543.062500  458994.781250  459123.437500  459143.656250
9213  737.999390  456561.031250  459014.125000  459142.906250  459163.125000
9214  738.079529  456578.968750  459033.437500  459162.437500  459182.687500
9215  738.159607  456596.906250  459052.781250  459181.937500  459202.187500
9216  738.239685  456614.843750  459072.093750  459201.406250  459221.750000
9217  738.319824  456632.781250  459091.406250  459220.875000  459241.250000
9218  738.399902  456650.812500  459110.750000  459240.312500  459260.812500
9219  738.480042  456668.750000  459130.062500  459259.781250  459280.375000
9220  738.560120  456686.656250  459149.375000  459279.281250  459299.937500
9221  738.640259  456704.625000  459168.687500  459298.781250  459319.437500
9222  738.720337  456722.562500  459188.000000  459318.250000  459338.968750
9223  738.800415  456740.531250  459207.343750  459337.750000  459358.500000
9224  738.880554  456758.437500  459226.625000  459357.250000  459378.093750
9225  738.960632  456776.406250  459245.937500  459376.750000  459397.593750
9226  739.040771  456794.343750  459265.281250  459396.250000  459417.156250
9227  739.120850  456812.343750  459284.687500  459415.718750  459436.687500
9228  739.200928  456830.281250  459304.000000  459435.218750  459456.218750
9229  739.281067  456848.218750  459323.281250  459454.656250  459475.781250
9230  739.361145  456866.156250  459342.625000  459474.156250  459495.281250
9231  739.441284  456884.093750  459361.937500  459493.625000  459514.843750
9232  739.521362  456902.031250  459381.218750  459513.093750  459534.343750
9233  739.601501  456919.968750  459400.562500  459532.531250  459553.937500
9234  739.681580  456937.906250  459419.875000  459552.000000  459573.437500
9235  739.761658  456955.875000  459439.156250  459571.500000  459592.937500
9236  739.841797  456973.812500  459458.500000  459591.000000  459612.437500
9237  739.921875  456991.750000  459477.812500  459610.468750  459631.968750
9238  740.002014  457009.656250  459497.093750  459629.937500  459651.500000
9239  740.082092  457027.593750  459516.437500  459649.437500  459671.000000
9240  740.162231  457045.531250  459535.750000  459668.937500  459690.562500
9241  740.242310  457063.468750  459555.062500  459688.375000  459710.062500
9242  740.322388  457081.406250  459574.343750  459707.843750  459729.562500
9243  740.402527  457099.343750  459593.687500  459727.312500  459749.062500
9244  740.482605  457117.281250  459613.000000  459746.781250  459768.593750
9245  740.562744  457135.218750  459632.281250  459766.218750  459788.125000
9246  740.642822  457153.218750  459651.593750  459785.687500  459807.718750
9247  740.722961  457171.187500  459670.937500  459805.187500  459827.218750
9248  740.803040  457189.125000  459690.281250  459824.593750  459846.750000
9249  740.883118  457207.062500  459709.562500  459844.062500  459866.250000
9250  740.963257  457225.000000  459728.875000  459863.500000  459885.781250
9251  741.043335  457242.937500  459748.156250  459883.000000  459905.343750
9252  741.123474  457260.843750  459767.468750  459902.437500  459924.843750
9253  741.203552  457278.781250  459786.781250  459921.906250  459944.343750
9254  741.283691  457296.718750  459806.093750  459941.375000  459963.843750
9255  741.363770  457314.656250  459825.406250  459960.875000  459983.406250
9256  741.443848  457332.562500  459844.718750  459980.281250  460002.937500
9257  741.523987  457350.500000  459864.000000  459999.781250  460022.500000
9258  741.604065  457368.468750  459883.312500  460019.250000  460042.000000
9259  741.684204  457386.375000  459902.593750  460038.750000  460061.531250
9260  741.764282  457404.312500  459921.906250  460058.218750  460081.062500
9261  741.844421  457422.250000  459941.218750  460077.718750  460100.531250
9262  741.924500  457440.187500  459960.562500  460097.156250  460120.062500
9263  742.004578  457458.093750  459979.812500  460116.625000  460139.625000
9264  742.084717  457476.031250  459999.093750  460136.093750  460159.187500
9265  742.164795  457493.906250  460018.406250  460155.593750  460178.656250
9266  742.244934  457511.906250  460037.718750  460175.000000  460198.156250
9267  742.325012  457529.781250  460057.000000  460194.500000  460217.718750
9268  742.405151  457547.718750  460076.312500  460213.968750  460237.218750
9269  742.485229  457565.718750  460095.656250  460233.437500  460256.687500
9270  742.565308  457583.687500  460115.031250  460252.937500  460276.218750
9271  742.645447  457601.593750  460134.312500  460272.437500  460295.718750
9272  742.725525  457619.531250  460153.656250  460291.875000  460315.281250
9273  742.805664  457637.468750  460172.968750  460311.375000  460334.781250
9274  742.885742  457655.406250  460192.281250  460330.875000  460354.312500
9275  742.965881  457673.312500  460211.562500  460350.312500  460373.812500
9276  743.045959  457691.250000  460230.906250  460369.812500  460393.343750
9277  743.126038  457709.125000  460250.218750  460389.281250  460412.843750
9278  743.206177  457727.125000  460269.531250  460408.718750  460432.343750
9279  743.286255  457745.031250  460288.843750  460428.218750  460451.906250
9280  743.366394  457762.968750  460308.156250  460447.718750  460471.406250
9281  743.446472  457780.843750  460327.437500  460467.187500  460490.937500
9282  743.526611  457798.843750  460346.781250  460486.656250  460510.437500
9283  743.606689  457816.718750  460366.093750  460506.156250  460529.937500
9284  743.686768  457834.625000  460385.343750  460525.656250  460549.468750
9285  743.766907  457852.562500  460404.687500  460545.125000  460569.031250
9286  743.846985  457870.500000  460424.031250  460564.562500  460588.562500
9287  743.927124  457888.406250  460443.375000  460584.031250  460608.093750
9288  744.007202  457906.343750  460462.656250  460603.500000  460627.625000
9289  744.087280  457924.281250  460481.968750  460622.937500  460647.125000
9290  744.167419  457942.187500  460501.312500  460642.437500  460666.687500
9291  744.247498  457960.093750  460520.593750  460661.875000  460686.218750
9292  744.327637  457978.031250  460539.906250  460681.343750  460705.718750
9293  744.407715  457995.906250  460559.218750  460700.781250  460725.218750
9294  744.487854  458013.906250  460578.468750  460720.250000  460744.750000
9295  744.567932  458031.781250  460597.781250  460739.718750  460764.312500
9296  744.648010  458049.687500  460617.062500  460759.187500  460783.812500
9297  744.728149  458067.625000  460636.375000  460778.625000  460803.312500
9298  744.808228  458085.562500  460655.656250  460798.125000  460822.843750
9299  744.888367  458103.468750  460674.937500  460817.562500  460842.343750
9300  744.968445  458121.375000  460694.218750  460837.000000  460861.843750
9301  745.048584  458139.312500  460713.531250  460856.437500  460881.375000
9302  745.128662  458157.187500  460732.812500  460875.906250  460900.906250
9303  745.208740  458175.156250  460752.125000  460895.406250  460920.468750
9304  745.288879  458193.000000  460771.375000  460914.843750  460939.968750
9305  745.368958  458210.968750  460790.687500  460934.312500  460959.468750
9306  745.449097  458228.875000  460809.937500  460953.781250  460979.000000
9307  745.529175  458246.781250  460829.250000  460973.218750  460998.531250
9308  745.609314  458264.687500  460848.500000  460992.687500  461018.031250
9309  745.689392  458282.562500  460867.812500  461012.156250  461037.593750
9310  745.769470  458300.468750  460887.093750  461031.625000  461057.093750
9311  745.849609  458318.375000  460906.406250  461051.062500  461076.625000
9312  745.929688  458336.281250  460925.718750  461070.531250  461096.093750
9313  746.009827  458354.218750  460944.968750  461090.000000  461115.625000
9314  746.089905  458372.156250  460964.250000  461109.406250  461135.125000
9315  746.170044  458390.031250  460983.562500  461128.875000  461154.625000
9316  746.250122  458407.937500  461002.875000  461148.343750  461174.125000
9317  746.330200  458425.875000  461022.218750  461167.781250  461193.656250
9318  746.410339  458443.750000  461041.500000  461187.250000  461213.156250
9319  746.490417  458461.625000  461060.812500  461206.718750  461232.687500
9320  746.570557  458479.531250  461080.093750  461226.250000  461252.250000
9321  746.650635  458497.437500  461099.406250  461245.750000  461271.781250
9322  746.730774  458515.375000  461118.656250  461265.218750  461291.281250
9323  746.810852  458533.281250  461137.968750  461284.687500  461310.781250
9324  746.890930  458551.156250  461157.250000  461304.125000  461330.281250
9325  746.971069  458569.062500  461176.562500  461323.625000  461349.812500
9326  747.051147  458586.968750  461195.812500  461343.093750  461369.312500
9327  747.131287  458604.875000  461215.125000  461362.562500  461388.812500
9328  747.211365  458622.718750  461234.343750  461382.062500  461408.406250
9329  747.291504  458640.625000  461253.687500  461401.531250  461427.906250
9330  747.371582  458658.562500  461272.937500  461421.031250  461447.437500
9331  747.451660  458676.468750  461292.250000  461440.437500  461466.937500
9332  747.531799  458694.343750  461311.531250  461459.906250  461486.437500
9333  747.611877  458712.250000  461330.843750  461479.406250  461505.937500
9334  747.692017  458730.156250  461350.093750  461498.843750  461525.437500
9335  747.772095  458748.093750  461369.406250  461518.312500  461545.000000
9336  747.852234  458766.000000  461388.718750  461537.781250  461564.500000
9337  747.932312  458783.875000  461408.000000  461557.187500  461584.031250
9338  748.012390  458801.781250  461427.312500  461576.656250  461603.562500
9339  748.092529  458819.687500  461446.593750  461596.125000  461623.093750
9340  748.172607  458837.593750  461465.906250  461615.562500  461642.687500
9341  748.252747  458855.531250  461485.218750  461635.031250  461662.187500
9342  748.332825  458873.437500  461504.500000  461654.500000  461681.687500
9343  748.412903  458891.312500  461523.812500  461673.906250  461701.187500
9344  748.493042  458909.250000  461543.062500  461693.343750  461720.718750
9345  748.573120  458927.156250  461562.406250  461712.812500  461740.281250
9346  748.653259  458945.031250  461581.687500  461732.250000  461759.781250
9347  748.733337  458962.906250  461600.968750  461751.718750  461779.312500
9348  748.813477  458980.812500  461620.218750  461771.187500  461798.843750
9349  748.893555  458998.718750  461639.531250  461790.687500  461818.375000
9350  748.973633  459016.625000  461658.812500  461810.125000  461837.937500
9351  749.053772  459034.500000  461678.093750  461829.625000  461857.437500
9352  749.133850  459052.406250  461697.343750  461849.062500  461876.937500
9353  749.213989  459070.312500  461716.656250  461868.531250  461896.437500
9354  749.294067  459088.218750  461735.906250  461887.937500  461915.968750
9355  749.374207  459106.062500  461755.187500  461907.406250  461935.437500
9356  749.454285  459124.000000  461774.500000  461926.906250  461954.937500
9357  749.534363  459141.906250  461793.750000  461946.375000  461974.468750
9358  749.614502  459159.812500  461813.093750  461965.812500  461994.062500
9359  749.694580  459177.750000  461832.406250  461985.312500  462013.562500
9360  749.774719  459195.593750  461851.687500  462004.781250  462033.062500
9361  749.854797  459213.500000  461870.968750  462024.281250  462052.562500
9362  749.934937  459231.406250  461890.312500  462043.750000  462072.000000
9363  750.015015  459249.281250  461909.562500  462063.156250  462091.562500
9364  750.095093  459267.156250  461928.812500  462082.625000  462111.062500
9365  750.175232  459285.093750  461948.125000  462102.093750  462130.593750
9366  750.255310  459303.031250  461967.406250  462121.531250  462150.156250
9367  750.335449  459320.937500  461986.718750  462141.000000  462169.656250
9368  750.415527  459338.781250  462005.968750  462160.406250  462189.156250
9369  750.495667  459356.656250  462025.281250  462179.875000  462208.718750
9370  750.575745  459374.531250  462044.593750  462199.343750  462228.218750
9371  750.655823  459392.437500  462063.843750  462218.812500  462247.750000
9372  750.735962  459410.343750  462083.156250  462238.250000  462267.250000
9373  750.816040  459428.281250  462102.406250  462257.718750  462286.750000
9374  750.896179  459446.187500  462121.750000  462277.187500  462306.250000
9375  750.976257  459464.125000  462141.031250  462296.593750  462325.750000
9376  751.056396  459482.000000  462160.343750  462316.031250  462345.250000
9377  751.136475  459499.875000  462179.593750  462335.468750  462364.750000
9378  751.216553  459517.718750  462198.875000  462354.937500  462384.281250
9379  751.296692  459535.593750  462218.125000  462374.375000  462403.781250
9380  751.376770  459553.531250  462237.406250  462393.875000  462423.343750
9381  751.456909  459571.437500  462256.687500  462413.312500  462442.843750
9382  751.536987  459589.312500  462275.937500  462432.750000  462462.343750
9383  751.617126  459607.218750  462295.187500  462452.187500  462481.843750
9384  751.697205  459625.093750  462314.468750  462471.656250  462501.406250
9385  751.777283  459643.031250  462333.718750  462491.125000  462520.906250
9386  751.857422  459660.906250  462353.031250  462510.531250  462540.406250
9387  751.937500  459678.781250  462372.312500  462530.031250  462559.968750
9388  752.017639  459696.718750  462391.593750  462549.468750  462579.468750
9389  752.097717  459714.562500  462410.906250  462568.937500  462599.000000
9390  752.177856  459732.468750  462430.187500  462588.437500  462618.468750
9391  752.257935  459750.343750  462449.468750  462607.843750  462637.968750
9392  752.338013  459768.281250  462468.687500  462627.312500  462657.468750
9393  752.418152  459786.125000  462488.000000  462646.750000  462677.000000
9394  752.498230  459804.000000  462507.312500  462666.218750  462696.500000
9395  752.578369  459821.875000  462526.562500  462685.687500  462716.000000
9396  752.658447  459839.781250  462545.812500  462705.156250  462735.531250
9397  752.738586  459857.625000  462565.093750  462724.562500  462755.031250
9398  752.818665  459875.531250  462584.343750  462744.031250  462774.562500
9399  752.898743  459893.437500  462603.625000  462763.437500  462794.062500
9400  752.978882  459911.281250  462622.937500  462782.906250  462813.625000
9401  753.058960  459929.156250  462642.250000  462802.375000  462833.125000
9402  753.139099  459947.000000  462661.500000  462821.812500  462852.562500
9403  753.219177  459964.906250  462680.750000  462841.281250  462872.062500
9404  753.299255  459982.812500  462700.031250  462860.750000  462891.562500
9405  753.379395  460000.656250  462719.281250  462880.156250  462911.125000
9406  753.459473  460018.562500  462738.531250  462899.625000  462930.625000
9407  753.539612  460036.437500  462757.812500  462919.031250  462950.125000
9408  753.619690  460054.281250  462777.062500  462938.500000  462969.625000
9409  753.699829  460072.156250  462796.312500  462957.968750  462989.125000
9410  753.779907  460090.031250  462815.593750  462977.437500  463008.625000
9411  753.859985  460107.937500  462834.875000  462996.875000  463028.156250
9412  753.940125  460125.843750  462854.187500  463016.343750  463047.625000
9413  754.020203  460143.687500  462873.437500  463035.812500  463067.156250
9414  754.100342  460161.562500  462892.750000  463055.312500  463086.687500
9415  754.180420  460179.468750  462912.000000  463074.718750  463106.187500
9416  754.260559  460197.343750  462931.312500  463094.156250  463125.750000
9417  754.340637  460215.218750  462950.562500  463113.593750  463145.250000
9418  754.420715  460233.062500  462969.843750  463133.062500  463164.750000
9419  754.500854  460250.937500  462989.125000  463152.531250  463184.187500
9420  754.580933  460268.781250  463008.406250  463171.937500  463203.687500
9421  754.661072  460286.656250  463027.687500  463191.406250  463223.156250
9422  754.741150  460304.500000  463046.937500  463210.906250  463242.656250
9423  754.821289  460322.375000  463066.187500  463230.375000  463262.156250
9424  754.901367  460340.218750  463085.468750  463249.781250  463281.625000
9425  754.981445  460358.062500  463104.718750  463269.250000  463301.125000
9426  755.061584  460375.937500  463123.968750  463288.718750  463320.625000
9427  755.141663  460393.843750  463143.250000  463308.218750  463340.156250
9428  755.221802  460411.718750  463162.468750  463327.656250  463359.656250
9429  755.301880  460429.593750  463181.812500  463347.093750  463379.156250
9430  755.382019  460447.437500  463201.062500  463366.500000  463398.656250
9431  755.462097  460465.312500  463220.312500  463385.937500  463418.156250
9432  755.542175  460483.218750  463239.625000  463405.375000  463437.656250
9433  755.622314  460501.031250  463258.906250  463424.812500  463457.156250
9434  755.702393  460518.937500  463278.187500  463444.281250  463476.656250
9435  755.782532  460536.781250  463297.437500  463463.781250  463496.156250
9436  755.862610  460554.656250  463316.687500  463483.187500  463515.656250
9437  755.942749  460572.500000  463335.968750  463502.593750  463535.156250
9438  756.022827  460590.406250  463355.250000  463522.062500  463554.625000
9439  756.102905  460608.250000  463374.531250  463541.531250  463574.125000
9440  756.183044  460626.125000  463393.781250  463561.000000  463593.625000
9441  756.263123  460644.000000  463413.031250  463580.406250  463613.125000
9442  756.343262  460661.875000  463432.343750  463599.875000  463632.625000
9443  756.423340  460679.718750  463451.562500  463619.343750  463652.125000
9444  756.503479  460697.593750  463470.843750  463638.750000  463671.656250
9445  756.583557  460715.437500  463490.062500  463658.156250  463691.125000
9446  756.663635  460733.312500  463509.343750  463677.593750  463710.625000
9447  756.743774  460751.125000  463528.593750  463697.093750  463730.156250
9448  756.823853  460769.031250  463547.843750  463716.500000  463749.718750
9449  756.903992  460786.906250  463567.156250  463735.937500  463769.218750
9450  756.984070  460804.812500  463586.406250  463755.375000  463788.656250
9451  757.064209  460822.687500  463605.625000  463774.812500  463808.156250
9452  757.144287  460840.531250  463624.906250  463794.281250  463827.656250
9453  757.224365  460858.406250  463644.156250  463813.687500  463847.218750
9454  757.304504  460876.250000  463663.406250  463833.125000  463866.718750
9455  757.384583  460894.062500  463682.687500  463852.562500  463886.156250
9456  757.464722  460911.937500  463701.906250  463872.000000  463905.718750
9457  757.544800  460929.843750  463721.156250  463891.406250  463925.218750
9458  757.624939  460947.656250  463740.406250  463910.875000  463944.718750
9459  757.705017  460965.500000  463759.687500  463930.343750  463964.218750
9460  757.785095  460983.375000  463778.906250  463949.750000  463983.718750
9461  757.865234  461001.250000  463798.187500  463969.218750  464003.250000
9462  757.945312  461019.125000  463817.468750  463988.625000  464022.750000
9463  758.025452  461036.937500  463836.718750  464008.093750  464042.250000
9464  758.105530  461054.750000  463855.937500  464027.500000  464061.781250
9465  758.185608  461072.625000  463875.218750  464046.937500  464081.281250
9466  758.265747  461090.437500  463894.468750  464066.343750  464100.781250
9467  758.345825  461108.281250  463913.718750  464085.812500  464120.281250
9468  758.425964  461126.156250  463932.937500  464105.218750  464139.750000
9469  758.506042  461144.000000  463952.187500  464124.687500  464159.281250
9470  758.586182  461161.843750  463971.468750  464144.125000  464178.781250
9471  758.666260  461179.687500  463990.718750  464163.531250  464198.343750
9472  758.746338  461197.500000  464009.968750  464182.937500  464217.781250
9473  758.826477  461215.406250  464029.281250  464202.375000  464237.281250
9474  758.906555  461233.218750  464048.500000  464221.781250  464256.781250
9475  758.986694  461251.093750  464067.750000  464241.218750  464276.250000
9476  759.066772  461268.937500  464087.000000  464260.687500  464295.718750
9477  759.146912  461286.843750  464106.218750  464280.093750  464315.250000
9478  759.226990  461304.656250  464125.531250  464299.562500  464334.750000
9479  759.307068  461322.500000  464144.781250  464319.000000  464354.250000
9480  759.387207  461340.343750  464164.000000  464338.437500  464373.718750
9481  759.467285  461358.187500  464183.281250  464357.843750  464393.250000
9482  759.547424  461376.000000  464202.531250  464377.281250  464412.750000
9483  759.627502  461393.843750  464221.781250  464396.718750  464432.281250
9484  759.707642  461411.718750  464241.093750  464416.218750  464451.781250
9485  759.787720  461429.531250  464260.343750  464435.656250  464471.281250
9486  759.867798  461447.406250  464279.625000  464455.062500  464490.781250
9487  759.947937  461465.218750  464298.843750  464474.500000  464510.281250
9488  760.028015  461483.031250  464318.125000  464493.968750  464529.875000
9489  760.108154  461500.906250  464337.406250  464513.406250  464549.406250
9490  760.188232  461518.718750  464356.656250  464532.843750  464568.906250
9491  760.268372  461536.562500  464375.875000  464552.250000  464588.437500
9492  760.348450  461554.437500  464395.125000  464571.687500  464608.000000
9493  760.428528  461572.250000  464414.406250  464591.093750  464627.500000
9494  760.508667  461590.062500  464433.656250  464610.562500  464647.031250
9495  760.588745  461607.937500  464452.906250  464629.968750  464666.562500
9496  760.668884  461625.750000  464472.156250  464649.406250  464686.062500
9497  760.748962  461643.562500  464491.406250  464668.843750  464705.562500
9498  760.829102  461661.375000  464510.687500  464688.281250  464725.062500
9499  760.909180  461679.218750  464529.906250  464707.750000  464744.625000
9500  760.989258  461697.062500  464549.156250  464727.125000  464764.125000
9501  761.069397  461714.875000  464568.437500  464746.562500  464783.562500
9502  761.149475  461732.750000  464587.687500  464766.031250  464803.125000
9503  761.229614  461750.562500  464606.937500  464785.468750  464822.656250
9504  761.309692  461768.375000  464626.218750  464804.875000  464842.125000
9505  761.389832  461786.187500  464645.468750  464824.281250  464861.625000
9506  761.469910  461804.000000  464664.718750  464843.750000  464881.125000
9507  761.549988  461821.843750  464683.937500  464863.187500  464900.562500
9508  761.630127  461839.656250  464703.218750  464882.625000  464920.062500
9509  761.710205  461857.468750  464722.500000  464902.062500  464939.531250
9510  761.790344  461875.281250  464741.718750  464921.468750  464959.031250
9511  761.870422  461893.156250  464760.906250  464940.906250  464978.562500
9512  761.950562  461911.000000  464780.156250  464960.312500  464998.125000
9513  762.030640  461928.812500  464799.437500  464979.781250  465017.562500
9514  762.110718  461946.625000  464818.656250  464999.250000  465037.062500
9515  762.190857  461964.406250  464837.906250  465018.656250  465056.625000
9516  762.270935  461982.281250  464857.125000  465038.062500  465076.125000
9517  762.351074  462000.125000  464876.375000  465057.500000  465095.656250
9518  762.431152  462017.968750  464895.656250  465076.968750  465115.125000
9519  762.511230  462035.781250  464914.906250  465096.375000  465134.656250
9520  762.591370  462053.593750  464934.125000  465115.875000  465154.125000
9521  762.671448  462071.406250  464953.375000  465135.250000  465173.656250
9522  762.751587  462089.218750  464972.656250  465154.687500  465193.125000
9523  762.831665  462107.031250  464991.906250  465174.125000  465212.625000
9524  762.911804  462124.875000  465011.125000  465193.562500  465232.125000
9525  762.991882  462142.687500  465030.375000  465212.968750  465251.656250
9526  763.071960  462160.500000  465049.656250  465232.406250  465271.125000
9527  763.152100  462178.312500  465068.875000  465251.812500  465290.656250
9528  763.232178  462196.218750  465088.125000  465271.281250  465310.187500
9529  763.312317  462214.000000  465107.375000  465290.687500  465329.687500
9530  763.392395  462231.843750  465126.593750  465310.062500  465349.187500
9531  763.472534  462249.718750  465145.875000  465329.500000  465368.687500
9532  763.552612  462267.531250  465165.125000  465348.968750  465388.250000
9533  763.632690  462285.375000  465184.343750  465368.375000  465407.750000
9534  763.712830  462303.250000  465203.562500  465387.843750  465427.250000
9535  763.792908  462321.062500  465222.812500  465407.250000  465446.750000
9536  763.873047  462338.843750  465242.093750  465426.687500  465466.312500
9537  763.953125  462356.718750  465261.312500  465446.125000  465485.781250
9538  764.033264  462374.531250  465280.593750  465465.593750  465505.281250
9539  764.113342  462392.375000  465299.812500  465485.031250  465524.781250
9540  764.193420  462410.250000  465319.093750  465504.437500  465544.312500
9541  764.273560  462428.031250  465338.343750  465523.906250  465563.812500
9542  764.353638  462445.875000  465357.593750  465543.312500  465583.375000
9543  764.433777  462463.687500  465376.875000  465562.750000  465602.875000
9544  764.513855  462481.468750  465396.093750  465582.125000  465622.375000
9545  764.593994  462499.250000  465415.312500  465601.593750  465641.937500
9546  764.674072  462517.062500  465434.562500  465621.000000  465661.437500
9547  764.754150  462534.875000  465453.875000  465640.406250  465680.906250
9548  764.834290  462552.750000  465473.093750  465659.843750  465700.406250
9549  764.914368  462570.562500  465492.312500  465679.250000  465719.875000
9550  764.994507  462588.375000  465511.562500  465698.687500  465739.406250
9551  765.074585  462606.187500  465530.781250  465718.093750  465758.906250
9552  765.154724  462623.937500  465549.968750  465737.468750  465778.375000
9553  765.234802  462641.750000  465569.218750  465756.875000  465797.812500
9554  765.314880  462659.562500  465588.437500  465776.312500  465817.312500
9555  765.395020  462677.437500  465607.718750  465795.750000  465836.781250
9556  765.475098  462695.250000  465626.937500  465815.156250  465856.312500
9557  765.555237  462713.031250  465646.156250  465834.593750  465875.875000
9558  765.635315  462730.843750  465665.406250  465854.031250  465895.312500
9559  765.715454  462748.718750  465684.656250  465873.468750  465914.812500
9560  765.795532  462766.562500  465703.937500  465892.875000  465934.281250
9561  765.875610  462784.343750  465723.187500  465912.343750  465953.781250
9562  765.955750  462802.156250  465742.406250  465931.718750  465973.250000
9563  766.035828  462819.968750  465761.656250  465951.125000  465992.750000
9564  766.115967  462837.812500  465780.875000  465970.531250  466012.218750
9565  766.196045  462855.593750  465800.093750  465989.937500  466031.750000
9566  766.276184  462873.437500  465819.375000  466009.375000  466051.250000
9567  766.356262  462891.250000  465838.593750  466028.812500  466070.750000
9568  766.436340  462909.156250  465857.812500  466048.250000  466090.281250
9569  766.516479  462926.937500  465877.062500  466067.656250  466109.750000
9570  766.596558  462944.750000  465896.312500  466087.093750  466129.250000
9571  766.676697  462962.531250  465915.531250  466106.500000  466148.718750
9572  766.756775  462980.343750  465934.750000  466125.906250  466168.250000
9573  766.836914  462998.125000  465954.031250  466145.312500  466187.750000
9574  766.916992  463016.000000  465973.250000  466164.718750  466207.250000
9575  766.997070  463033.750000  465992.468750  466184.156250  466226.750000
9576  767.077209  463051.625000  466011.718750  466203.562500  466246.250000
9577  767.157288  463069.406250  466030.968750  466222.937500  466265.781250
9578  767.237427  463087.218750  466050.250000  466242.375000  466285.281250
9579  767.317505  463105.000000  466069.468750  466261.781250  466304.750000
9580  767.397583  463122.843750  466088.656250  466281.187500  466324.250000
9581  767.477722  463140.625000  466107.906250  466300.656250  466343.750000
9582  767.557800  463158.406250  466127.125000  466320.093750  466363.250000
9583  767.637939  463176.218750  466146.343750  466339.500000  466382.781250
9584  767.718018  463194.062500  466165.562500  466358.937500  466402.218750
9585  767.798157  463211.843750  466184.781250  466378.343750  466421.718750
9586  767.878235  463229.656250  466204.093750  466397.812500  466441.218750
9587  767.958313  463247.468750  466223.312500  466417.218750  466460.718750
9588  768.038452  463265.281250  466242.562500  466436.656250  466480.281250
9589  768.118530  463283.062500  466261.812500  466456.093750  466499.781250
9590  768.198669  463300.875000  466281.031250  466475.531250  466519.281250
9591  768.278748  463318.625000  466300.250000  466494.937500  466538.781250
9592  768.358887  463336.468750  466319.531250  466514.312500  466558.281250
9593  768.438965  463354.281250  466338.687500  466533.781250  466577.843750
9594  768.519043  463372.062500  466357.968750  466553.156250  466597.281250
9595  768.599182  463389.843750  466377.187500  466572.593750  466616.750000
9596  768.679260  463407.656250  466396.406250  466592.000000  466636.218750
9597  768.759399  463425.500000  466415.625000  466611.437500  466655.718750
9598  768.839478  463443.281250  466434.875000  466630.843750  466675.218750
9599  768.919617  463461.031250  466454.093750  466650.218750  466694.750000
9600  768.999695  463478.906250  466473.312500  466669.687500  466714.218750
9601  769.079773  463496.687500  466492.531250  466689.062500  466733.656250
9602  769.159912  463514.406250  466511.750000  466708.468750  466753.156250
9603  769.239990  463532.250000  466530.968750  466727.906250  466772.656250
9604  769.320129  463550.031250  466550.156250  466747.312500  466792.156250
9605  769.400208  463567.843750  466569.375000  466766.750000  466811.656250
9606  769.480347  463585.625000  466588.593750  466786.156250  466831.125000
9607  769.560425  463603.406250  466607.781250  466805.625000  466850.593750
9608  769.640503  463621.218750  466627.000000  466825.000000  466870.093750
9609  769.720642  463639.000000  466646.250000  466844.437500  466889.562500
9610  769.800720  463656.781250  466665.437500  466863.843750  466909.000000
9611  769.880859  463674.531250  466684.656250  466883.250000  466928.500000
9612  769.960938  463692.375000  466703.843750  466902.687500  466947.968750
9613  770.041077  463710.156250  466723.062500  466922.062500  466967.468750
9614  770.121155  463727.968750  466742.312500  466941.500000  466986.968750
9615  770.201233  463745.781250  466761.593750  466960.937500  467006.468750
9616  770.281372  463763.593750  466780.750000  466980.312500  467025.968750
9617  770.361450  463781.375000  466799.968750  466999.750000  467045.468750
9618  770.441589  463799.156250  466819.187500  467019.218750  467065.000000
9619  770.521667  463816.937500  466838.406250  467038.625000  467084.500000
9620  770.601807  463834.781250  466857.625000  467058.031250  467104.000000
9621  770.681885  463852.562500  466876.906250  467077.468750  467123.468750
9622  770.761963  463870.343750  466896.125000  467096.875000  467142.968750
9623  770.842102  463888.125000  466915.343750  467116.343750  467162.468750
9624  770.922180  463905.906250  466934.562500  467135.750000  467181.937500
9625  771.002319  463923.718750  466953.750000  467155.218750  467201.437500
9626  771.082397  463941.500000  466972.968750  467174.656250  467220.906250
9627  771.162537  463959.375000  466992.187500  467194.062500  467240.406250
9628  771.242615  463977.125000  467011.437500  467213.500000  467259.906250
9629  771.322693  463994.906250  467030.656250  467232.937500  467279.437500
9630  771.402832  464012.656250  467049.906250  467252.375000  467299.000000
9631  771.482910  464030.437500  467069.187500  467271.781250  467318.468750
9632  771.563049  464048.218750  467088.406250  467291.156250  467337.968750
9633  771.643127  464066.031250  467107.656250  467310.593750  467357.437500
9634  771.723267  464083.781250  467126.875000  467330.031250  467376.937500
9635  771.803345  464101.593750  467146.093750  467349.437500  467396.468750
9636  771.883423  464119.375000  467165.281250  467368.875000  467415.937500
9637  771.963562  464137.187500  467184.500000  467388.281250  467435.406250
9638  772.043640  464154.968750  467203.718750  467407.687500  467454.906250
9639  772.123779  464172.750000  467222.937500  467427.062500  467474.437500
9640  772.203857  464190.531250  467242.156250  467446.437500  467493.906250
9641  772.283936  464208.312500  467261.375000  467465.875000  467513.343750
9642  772.364075  464226.062500  467280.593750  467485.250000  467532.843750
9643  772.444153  464243.812500  467299.812500  467504.656250  467552.343750
9644  772.524292  464261.593750  467319.031250  467524.031250  467571.843750
9645  772.604370  464279.406250  467338.250000  467543.500000  467591.406250
9646  772.684509  464297.218750  467357.468750  467562.875000  467610.843750
9647  772.764587  464315.000000  467376.687500  467582.281250  467630.406250
9648  772.844666  464332.781250  467395.906250  467601.656250  467649.906250
9649  772.924805  464350.531250  467415.125000  467621.031250  467669.406250
9650  773.004883  464368.343750  467434.343750  467640.500000  467688.906250
9651  773.085022  464386.125000  467453.531250  467659.906250  467708.406250
9652  773.165100  464403.937500  467472.750000  467679.312500  467727.906250
9653  773.245239  464421.718750  467491.937500  467698.750000  467747.343750
9654  773.325317  464439.468750  467511.187500  467718.125000  467766.843750
9655  773.405396  464457.250000  467530.406250  467737.593750  467786.312500
9656  773.485535  464475.000000  467549.625000  467756.968750  467805.781250
9657  773.565613  464492.875000  467568.843750  467776.343750  467825.281250
9658  773.645752  464510.656250  467588.062500  467795.843750  467844.750000
9659  773.725830  464528.437500  467607.281250  467815.281250  467864.250000
9660  773.805969  464546.218750  467626.500000  467834.687500  467883.687500
9661  773.886047  464564.000000  467645.718750  467854.093750  467903.187500
9662  773.966125  464581.812500  467664.937500  467873.531250  467922.656250
9663  774.046265  464599.593750  467684.125000  467892.937500  467942.156250
9664  774.126343  464617.375000  467703.343750  467912.375000  467961.625000
9665  774.206482  464635.187500  467722.531250  467931.781250  467981.093750
9666  774.286560  464652.906250  467741.718750  467951.218750  468000.625000
9667  774.366699  464670.687500  467760.906250  467970.562500  468020.156250
9668  774.446777  464688.468750  467780.125000  467990.000000  468039.625000
9669  774.526855  464706.250000  467799.343750  468009.437500  468059.093750
9670  774.606995  464724.031250  467818.500000  468028.875000  468078.593750
9671  774.687073  464741.812500  467837.718750  468048.281250  468098.093750
9672  774.767212  464759.593750  467856.937500  468067.656250  468117.593750
9673  774.847290  464777.312500  467876.156250  468087.062500  468137.093750
9674  774.927429  464795.156250  467895.406250  468106.437500  468156.531250
9675  775.007507  464812.937500  467914.562500  468125.875000  468176.000000
9676  775.087585  464830.656250  467933.750000  468145.250000  468195.500000
9677  775.167725  464848.468750  467952.968750  468164.656250  468214.968750
9678  775.247803  464866.218750  467972.187500  468184.093750  468234.406250
9679  775.327942  464884.031250  467991.406250  468203.500000  468254.000000
9680  775.408020  464901.781250  468010.593750  468222.937500  468273.500000
9681  775.488159  464919.593750  468029.812500  468242.343750  468293.000000
9682  775.568237  464937.375000  468049.031250  468261.781250  468312.468750
9683  775.648315  464955.156250  468068.218750  468281.156250  468331.937500
9684  775.728455  464972.937500  468087.437500  468300.625000  468351.437500
9685  775.808533  464990.718750  468106.687500  468320.031250  468370.937500
9686  775.888672  465008.437500  468125.875000  468339.437500  468390.437500
9687  775.968750  465026.218750  468145.093750  468358.875000  468409.937500
9688  776.048889  465043.968750  468164.312500  468378.218750  468429.437500
9689  776.128967  465061.750000  468183.531250  468397.593750  468448.968750
9690  776.209045  465079.562500  468202.750000  468416.968750  468468.375000
9691  776.289185  465097.343750  468222.000000  468436.375000  468487.875000
9692  776.369263  465115.062500  468241.218750  468455.812500  468507.375000
9693  776.449402  465132.812500  468260.406250  468475.218750  468526.843750
9694  776.529480  465150.562500  468279.593750  468494.625000  468546.375000
9695  776.609558  465168.375000  468298.843750  468514.062500  468565.875000
9696  776.689697  465186.156250  468318.031250  468533.437500  468585.375000
9697  776.769775  465203.937500  468337.218750  468552.875000  468604.812500
9698  776.849915  465221.718750  468356.375000  468572.250000  468624.312500
9699  776.929993  465239.500000  468375.593750  468591.625000  468643.812500
9700  777.010132  465257.218750  468394.781250  468611.062500  468663.250000
9701  777.090210  465274.968750  468413.968750  468630.437500  468682.750000
9702  777.170288  465292.750000  468433.156250  468649.812500  468702.218750
9703  777.250427  465310.468750  468452.375000  468669.218750  468721.718750
9704  777.330505  465328.218750  468471.593750  468688.656250  468741.187500
9705  777.410645  465345.968750  468490.781250  468708.062500  468760.656250
9706  777.490723  465363.781250  468509.937500  468727.500000  468780.156250
9707  777.570862  465381.562500  468529.125000  468746.937500  468799.593750
9708  777.650940  465399.281250  468548.312500  468766.375000  468819.062500
9709  777.731018  465417.031250  468567.500000  468785.781250  468838.562500
9710  777.811157  465434.781250  468586.718750  468805.218750  468858.031250
9711  777.891235  465452.593750  468605.875000  468824.593750  468877.500000
9712  777.971375  465470.312500  468625.093750  468844.000000  468896.937500
9713  778.051453  465488.062500  468644.312500  468863.406250  468916.437500
9714  778.131592  465505.843750  468663.531250  468882.781250  468935.937500
9715  778.211670  465523.531250  468682.750000  468902.187500  468955.406250
9716  778.291748  465541.343750  468702.031250  468921.531250  468974.875000
9717  778.371887  465559.093750  468721.250000  468940.937500  468994.375000
9718  778.451965  465576.875000  468740.437500  468960.375000  469013.812500
9719  778.532104  465594.625000  468759.656250  468979.750000  469033.375000
9720  778.612183  465612.375000  468778.812500  468999.125000  469052.812500
9721  778.692322  465630.125000  468798.031250  469018.593750  469072.312500
9722  778.772400  465647.875000  468817.250000  469037.968750  469091.781250
9723  778.852478  465665.656250  468836.468750  469057.343750  469111.281250
9724  778.932617  465683.375000  468855.656250  469076.781250  469130.781250
9725  779.012695  465701.125000  468874.937500  469096.156250  469150.281250
9726  779.092834  465718.875000  468894.062500  469115.500000  469169.750000
9727  779.172913  465736.593750  468913.312500  469134.906250  469189.218750
9728  779.253052  465754.312500  468932.500000  469154.281250  469208.625000
9729  779.333130  465772.031250  468951.687500  469173.718750  469228.125000
9730  779.413208  465789.812500  468970.937500  469193.125000  469247.593750
9731  779.493347  465807.562500  468990.125000  469212.562500  469267.125000
9732  779.573425  465825.343750  469009.312500  469231.906250  469286.593750
9733  779.653564  465843.062500  469028.531250  469251.312500  469306.062500
9734  779.733643  465860.812500  469047.656250  469270.718750  469325.500000
9735  779.813782  465878.531250  469066.875000  469290.125000  469344.968750
9736  779.893860  465896.312500  469086.062500  469309.531250  469364.437500
9737  779.973938  465914.062500  469105.312500  469328.906250  469383.968750
9738  780.054077  465931.843750  469124.500000  469348.281250  469403.437500
9739  780.134155  465949.625000  469143.687500  469367.750000  469423.000000
9740  780.214294  465967.406250  469162.906250  469387.187500  469442.500000
9741  780.294373  465985.187500  469182.093750  469406.500000  469462.000000
9742  780.374512  466002.875000  469201.312500  469425.937500  469481.468750
9743  780.454590  466020.625000  469220.468750  469445.312500  469500.937500
9744  780.534668  466038.406250  469239.687500  469464.687500  469520.406250
9745  780.614807  466056.156250  469258.875000  469484.062500  469539.906250
9746  780.694885  466073.875000  469278.093750  469503.468750  469559.406250
9747  780.775024  466091.593750  469297.281250  469522.875000  469578.812500
9748  780.855103  466109.343750  469316.468750  469542.281250  469598.312500
9749  780.935242  466127.125000  469335.593750  469561.625000  469617.812500
9750  781.015320  466144.875000  469354.812500  469581.062500  469637.312500
9751  781.095398  466162.593750  469373.968750  469600.437500  469656.781250
9752  781.175537  466180.343750  469393.125000  469619.812500  469676.312500
9753  781.255615  466198.062500  469412.406250  469639.187500  469695.812500
9754  781.335754  466215.843750  469431.593750  469658.625000  469715.281250
9755  781.415833  466233.593750  469450.812500  469678.000000  469734.781250
9756  781.495911  466251.343750  469469.968750  469697.375000  469754.281250
9757  781.576050  466269.031250  469489.156250  469716.781250  469773.718750
9758  781.656128  466286.781250  469508.343750  469736.187500  469793.218750
9759  781.736267  466304.531250  469527.531250  469755.593750  469812.687500
9760  781.816345  466322.281250  469546.687500  469774.968750  469832.156250
9761  781.896484  466340.031250  469565.875000  469794.406250  469851.625000
9762  781.976562  466357.812500  469585.093750  469813.781250  469871.125000
9763  782.056641  466375.531250  469604.281250  469833.156250  469890.625000
9764  782.136780  466393.312500  469623.468750  469852.531250  469910.156250
9765  782.216858  466411.062500  469642.625000  469871.968750  469929.656250
9766  782.296997  466428.750000  469661.812500  469891.343750  469949.125000
9767  782.377075  466446.500000  469681.000000  469910.750000  469968.531250
9768  782.457214  466464.281250  469700.187500  469930.125000  469988.031250
9769  782.537292  466482.000000  469719.343750  469949.500000  470007.531250
9770  782.617371  466499.750000  469738.562500  469968.843750  470027.000000
9771  782.697510  466517.437500  469757.750000  469988.281250  470046.500000
9772  782.777588  466535.218750  469776.968750  470007.687500  470066.000000
9773  782.857727  466552.968750  469796.187500  470027.156250  470085.500000
9774  782.937805  466570.687500  469815.375000  470046.500000  470104.968750
9775  783.017944  466588.437500  469834.500000  470065.875000  470124.406250
9776  783.098022  466606.187500  469853.687500  470085.250000  470143.875000
9777  783.178101  466623.875000  469872.875000  470104.687500  470163.343750
9778  783.258240  466641.562500  469892.062500  470124.062500  470182.843750
9779  783.338318  466659.312500  469911.250000  470143.437500  470202.343750
9780  783.418457  466677.062500  469930.406250  470162.812500  470221.843750
9781  783.498535  466694.843750  469949.593750  470182.250000  470241.343750
9782  783.578674  466712.562500  469968.812500  470201.625000  470260.843750
9783  783.658752  466730.281250  469988.000000  470221.000000  470280.343750
9784  783.738831  466748.000000  470007.187500  470240.406250  470299.781250
9785  783.818970  466765.781250  470026.343750  470259.781250  470319.250000
9786  783.899048  466783.531250  470045.531250  470279.187500  470338.750000
9787  783.979187  466801.250000  470064.718750  470298.562500  470358.250000
9788  784.059265  466819.000000  470083.906250  470317.968750  470377.750000
9789  784.139404  466836.750000  470103.062500  470337.312500  470397.218750
9790  784.219482  466854.437500  470122.250000  470356.750000  470416.718750
9791  784.299561  466872.218750  470141.437500  470376.125000  470436.187500
9792  784.379700  466889.906250  470160.625000  470395.500000  470455.687500
9793  784.459778  466907.625000  470179.781250  470414.875000  470475.187500
9794  784.539917  466925.343750  470198.968750  470434.281250  470494.687500
9795  784.619995  466943.093750  470218.156250  470453.718750  470514.125000
9796  784.700134  466960.781250  470237.281250  470473.062500  470533.593750
9797  784.780212  466978.531250  470256.468750  470492.468750  470553.093750
9798  784.860291  466996.250000  470275.625000  470511.906250  470572.562500
9799  784.940430  467014.000000  470294.781250  470531.281250  470592.062500
9800  785.020508  467031.687500  470313.968750  470550.656250  470611.531250
9801  785.100647  467049.406250  470333.156250  470570.031250  470630.968750
9802  785.180725  467067.125000  470352.343750  470589.468750  470650.468750
9803  785.260864  467084.875000  470371.500000  470608.843750  470669.937500
9804  785.340942  467102.625000  470390.687500  470628.218750  470689.406250
9805  785.421021  467120.312500  470409.875000  470647.625000  470708.875000
9806  785.501160  467138.062500  470429.062500  470667.031250  470728.312500
9807  785.581238  467155.781250  470448.187500  470686.406250  470747.812500
9808  785.661377  467173.531250  470467.375000  470705.812500  470767.281250
9809  785.741455  467191.218750  470486.625000  470725.187500  470786.781250
9810  785.821594  467209.000000  470505.812500  470744.562500  470806.250000
9811  785.901672  467226.687500  470525.031250  470764.031250  470825.687500
9812  785.981750  467244.406250  470544.218750  470783.500000  470845.156250
9813  786.061890  467262.125000  470563.375000  470802.875000  470864.656250
9814  786.141968  467279.875000  470582.531250  470822.250000  470884.156250
9815  786.222107  467297.625000  470601.718750  470841.625000  470903.656250
9816  786.302185  467315.312500  470620.937500  470861.031250  470923.125000
9817  786.382263  467333.000000  470640.156250  470880.437500  470942.625000
9818  786.462402  467350.718750  470659.375000  470899.781250  470962.125000
9819  786.542480  467368.406250  470678.500000  470919.156250  470981.531250
9820  786.622620  467386.156250  470697.718750  470938.531250  471001.031250
9821  786.702698  467403.875000  470716.906250  470957.906250  471020.531250
9822  786.782837  467421.625000  470736.062500  470977.312500  471039.968750
9823  786.862915  467439.312500  470755.218750  470996.750000  471059.468750
9824  786.942993  467457.062500  470774.406250  471016.125000  471078.968750
9825  787.023132  467474.781250  470793.593750  471035.531250  471098.468750
9826  787.103210  467492.500000  470812.718750  471054.937500  471117.937500
9827  787.183350  467510.218750  470831.937500  471074.312500  471137.437500
9828  787.263428  467527.968750  470851.093750  471093.687500  471156.875000
9829  787.343567  467545.656250  470870.281250  471113.062500  471176.343750
9830  787.423645  467563.375000  470889.406250  471132.468750  471195.843750
9831  787.503723  467581.062500  470908.625000  471151.875000  471215.312500
9832  787.583862  467598.812500  470927.812500  471171.218750  471234.812500
9833  787.663940  467616.500000  470947.000000  471190.625000  471254.218750
9834  787.744080  467634.187500  470966.156250  471210.031250  471273.687500
9835  787.824158  467651.937500  470985.312500  471229.406250  471293.156250
9836  787.904297  467669.625000  471004.500000  471248.781250  471312.687500
9837  787.984375  467687.343750  471023.656250  471268.156250  471332.156250
9838  788.064453  467705.031250  471042.875000  471287.531250  471351.593750
9839  788.144592  467722.781250  471062.062500  471306.968750  471371.093750
9840  788.224670  467740.468750  471081.281250  471326.343750  471390.562500
9841  788.304810  467758.156250  471100.468750  471345.718750  471410.093750
9842  788.384888  467775.875000  471119.593750  471365.093750  471429.562500
9843  788.465027  467793.593750  471138.781250  471384.468750  471449.062500
9844  788.545105  467811.312500  471158.000000  471403.843750  471468.562500
9845  788.625183  467829.000000  471177.156250  471423.281250  471488.031250
9846  788.705322  467846.687500  471196.375000  471442.687500  471507.531250
9847  788.785400  467864.406250  471215.500000  471462.093750  471527.000000
9848  788.865540  467882.093750  471234.687500  471481.468750  471546.500000
9849  788.945618  467899.781250  471253.875000  471500.843750  471566.000000
9850  789.025757  467917.531250  471273.000000  471520.218750  471585.437500
9851  789.105835  467935.281250  471292.187500  471539.562500  471604.937500
9852  789.185913  467953.000000  471311.312500  471558.937500  471624.406250
9853  789.266052  467970.718750  471330.500000  471578.312500  471643.875000
9854  789.346130  467988.406250  471349.656250  471597.687500  471663.312500
9855  789.426270  468006.156250  471368.812500  471617.125000  471682.781250
9856  789.506348  468023.875000  471387.968750  471636.500000  471702.281250
9857  789.586487  468041.593750  471407.156250  471655.875000  471721.750000
9858  789.666565  468059.281250  471426.281250  471675.250000  471741.218750
9859  789.746643  468076.968750  471445.468750  471694.625000  471760.656250
9860  789.826782  468094.718750  471464.593750  471714.031250  471780.125000
9861  789.906860  468112.468750  471483.750000  471733.343750  471799.625000
9862  789.987000  468130.125000  471502.906250  471752.750000  471819.125000
9863  790.067078  468147.843750  471522.062500  471772.125000  471838.593750
9864  790.147217  468165.500000  471541.187500  471791.500000  471858.062500
9865  790.227295  468183.218750  471560.375000  471810.875000  471877.562500
9866  790.307373  468200.937500  471579.562500  471830.250000  471897.000000
9867  790.387512  468218.656250  471598.750000  471849.625000  471916.468750
9868  790.467590  468236.375000  471617.875000  471868.968750  471935.875000
9869  790.547729  468254.093750  471637.062500  471888.343750  471955.375000
9870  790.627808  468271.781250  471656.187500  471907.750000  471974.875000
9871  790.707947  468289.468750  471675.375000  471927.125000  471994.343750
9872  790.788025  468307.187500  471694.562500  471946.531250  472013.812500
9873  790.868103  468324.875000  471713.750000  471965.875000  472033.281250
9874  790.948242  468342.562500  471732.843750  471985.250000  472052.718750
9875  791.028320  468360.281250  471752.031250  472004.625000  472072.218750
9876  791.108459  468377.937500  471771.156250  472024.062500  472091.687500
9877  791.188538  468395.656250  471790.343750  472043.437500  472111.156250
9878  791.268616  468413.312500  471809.468750  472062.781250  472130.625000
9879  791.348755  468431.031250  471828.656250  472082.156250  472150.125000
9880  791.428833  468448.718750  471847.812500  472101.531250  472169.562500
9881  791.508972  468466.406250  471866.968750  472120.906250  472189.062500
9882  791.589050  468484.125000  471886.125000  472140.312500  472208.531250
9883  791.669189  468501.781250  471905.281250  472159.687500  472228.000000
9884  791.749268  468519.468750  471924.437500  472179.031250  472247.437500
9885  791.829346  468537.187500  471943.625000  472198.406250  472266.906250
9886  791.909485  468554.875000  471962.750000  472217.781250  472286.375000
9887  791.989563  468572.531250  471981.937500  472237.156250  472305.875000
9888  792.069702  468590.218750  472001.062500  472256.531250  472325.375000
9889  792.149780  468607.937500  472020.281250  472275.906250  472344.875000
9890  792.229919  468625.593750  472039.437500  472295.312500  472364.343750
9891  792.309998  468643.281250  472058.625000  472314.718750  472383.781250
9892  792.390076  468660.968750  472077.843750  472334.062500  472403.250000
9893  792.470215  468678.687500  472096.968750  472353.437500  472422.718750
9894  792.550293  468696.406250  472116.156250  472372.812500  472442.218750
9895  792.630432  468714.125000  472135.250000  472392.187500  472461.718750
9896  792.710510  468731.843750  472154.437500  472411.531250  472481.218750
9897  792.790649  468749.500000  472173.562500  472430.906250  472500.625000
9898  792.870728  468767.218750  472192.750000  472450.250000  472520.125000
9899  792.950806  468784.906250  472211.937500  472469.593750  472539.593750
9900  793.030945  468802.656250  472231.125000  472488.937500  472559.062500
9901  793.111023  468820.312500  472250.281250  472508.312500  472578.500000
9902  793.191162  468838.031250  472269.468750  472527.750000  472598.000000
9903  793.271240  468855.718750  472288.625000  472547.125000  472617.468750
9904  793.351379  468873.437500  472307.750000  472566.500000  472636.937500
9905  793.431458  468891.125000  472326.906250  472585.875000  472656.406250
9906  793.511536  468908.843750  472346.062500  472605.218750  472675.937500
9907  793.591675  468926.500000  472365.218750  472624.593750  472695.437500
9908  793.671753  468944.187500  472384.406250  472643.968750  472714.906250
9909  793.751892  468961.843750  472403.531250  472663.281250  472734.343750
9910  793.831970  468979.562500  472422.750000  472682.656250  472753.843750
9911  793.912109  468997.281250  472441.906250  472702.093750  472773.312500
9912  793.992188  469015.031250  472461.031250  472721.406250  472792.812500
9913  794.072266  469032.687500  472480.156250  472740.843750  472812.281250
9914  794.152405  469050.375000  472499.312500  472760.250000  472831.718750
9915  794.232483  469068.031250  472518.500000  472779.625000  472851.187500
9916  794.312622  469085.750000  472537.656250  472799.031250  472870.687500
9917  794.392700  469103.406250  472556.812500  472818.375000  472890.156250
9918  794.472839  469121.062500  472576.000000  472837.781250  472909.625000
9919  794.552917  469138.750000  472595.125000  472857.125000  472929.062500
9920  794.632996  469156.468750  472614.281250  472876.500000  472948.500000
9921  794.713135  469174.125000  472633.437500  472895.875000  472968.000000
9922  794.793213  469191.781250  472652.593750  472915.312500  472987.468750
9923  794.873352  469209.500000  472671.718750  472934.656250  473006.968750
9924  794.953430  469227.218750  472690.937500  472954.031250  473026.406250
9925  795.033569  469244.875000  472710.093750  472973.406250  473045.906250
9926  795.113647  469262.531250  472729.281250  472992.781250  473065.406250
9927  795.193726  469280.187500  472748.406250  473012.156250  473084.875000
9928  795.273865  469297.843750  472767.562500  473031.531250  473104.375000
9929  795.353943  469315.593750  472786.687500  473050.906250  473123.843750
9930  795.434082  469333.250000  472805.875000  473070.312500  473143.281250
9931  795.514160  469350.968750  472825.000000  473089.656250  473162.781250
9932  795.594238  469368.625000  472844.187500  473109.031250  473182.250000
9933  795.674377  469386.343750  472863.281250  473128.406250  473201.750000
9934  795.754456  469404.000000  472882.468750  473147.781250  473221.218750
9935  795.834595  469421.687500  472901.593750  473167.125000  473240.718750
9936  795.914673  469439.312500  472920.750000  473186.500000  473260.187500
9937  795.994812  469457.000000  472939.875000  473205.875000  473279.718750
9938  796.074890  469474.656250  472959.031250  473225.250000  473299.187500
9939  796.154968  469492.375000  472978.156250  473244.687500  473318.625000
9940  796.235107  469510.062500  472997.312500  473264.031250  473338.125000
9941  796.315186  469527.750000  473016.437500  473283.406250  473357.593750
9942  796.395325  469545.406250  473035.656250  473302.750000  473377.093750
9943  796.475403  469563.156250  473054.812500  473322.125000  473396.531250
9944  796.555542  469580.812500  473073.937500  473341.468750  473416.031250
9945  796.635620  469598.437500  473093.093750  473360.812500  473435.531250
9946  796.715698  469616.125000  473112.218750  473380.187500  473455.031250
9947  796.795837  469633.781250  473131.375000  473399.562500  473474.437500
9948  796.875916  469651.437500  473150.500000  473418.937500  473493.906250
9949  796.956055  469669.156250  473169.656250  473438.281250  473513.406250
9950  797.036133  469686.750000  473188.812500  473457.625000  473532.812500
9951  797.116272  469704.468750  473207.937500  473477.000000  473552.281250
9952  797.196350  469722.125000  473227.062500  473496.375000  473571.750000
9953  797.276428  469739.781250  473246.187500  473515.750000  473591.187500
9954  797.356567  469757.468750  473265.343750  473535.156250  473610.656250
9955  797.436646  469775.125000  473284.531250  473554.531250  473630.125000
9956  797.516785  469792.843750  473303.625000  473573.937500  473649.625000
9957  797.596863  469810.531250  473322.750000  473593.250000  473669.031250
9958  797.677002  469828.187500  473341.937500  473612.593750  473688.500000
9959  797.757080  469845.875000  473361.093750  473632.000000  473707.968750
9960  797.837158  469863.593750  473380.218750  473651.343750  473727.406250
9961  797.917297  469881.250000  473399.406250  473670.687500  473746.875000
9962  797.997375  469898.968750  473418.593750  473690.031250  473766.343750
9963  798.077515  469916.593750  473437.687500  473709.406250  473785.812500
9964  798.157593  469934.250000  473456.781250  473728.750000  473805.250000
9965  798.237732  469951.968750  473475.906250  473748.125000  473824.718750
9966  798.317810  469969.625000  473495.062500  473767.468750  473844.187500
9967  798.397888  469987.312500  473514.187500  473786.843750  473863.656250
9968  798.478027  470004.968750  473533.375000  473806.187500  473883.062500
9969  798.558105  470022.625000  473552.562500  473825.562500  473902.531250
9970  798.638245  470040.281250  473571.687500  473844.906250  473922.031250
9971  798.718323  470057.937500  473590.875000  473864.281250  473941.468750
9972  798.798462  470075.593750  473610.031250  473883.656250  473960.906250
9973  798.878540  470093.250000  473629.187500  473903.031250  473980.312500
9974  798.958618  470110.906250  473648.375000  473922.375000  473999.781250
9975  799.038757  470128.593750  473667.468750  473941.750000  474019.250000
9976  799.118835  470146.281250  473686.687500  473961.218750  474038.687500
9977  799.198975  470163.968750  473705.843750  473980.531250  474058.187500
9978  799.279053  470181.625000  473724.968750  473999.906250  474077.687500
9979  799.359192  470199.281250  473744.156250  474019.312500  474097.156250
9980  799.439270  470217.000000  473763.250000  474038.687500  474116.625000
9981  799.519348  470234.593750  473782.406250  474058.031250  474136.031250
9982  799.599487  470252.281250  473801.562500  474077.375000  474155.500000
9983  799.679565  470269.968750  473820.718750  474096.750000  474174.968750
9984  799.759705  470287.625000  473839.843750  474116.093750  474194.500000
9985  799.839783  470305.281250  473859.000000  474135.468750  474213.937500
9986  799.919922  470322.906250  473878.125000  474154.875000  474233.437500
9987  800.000000  470340.562500  473897.281250  474174.187500  474252.937500